KRAS_cytosol_1	KRAS	TRQGVDDAFYTLVR_0	2
KRAS_cytosol_1	KRAS	QGVDDAFYTLVR_0	2
KRAS_cytosol_1	KRAS	QGVDDAFYTLVR_-17	2
KRAS_cytosol_2	KRAS	LVVVGAGGVGK_0	2
KRAS_cytosol_2	KRAS	QGVDDAFYTLVR_-17	2
KRAS_cytosol_3	KRAS	TRQGVDDAFYTLVR_0	2
KRAS_cytosol_3	KRAS	QGVDDAFYTLVR_0	2
KRAS_chromatin_1	KRAS	VKDSEDVPMVLVGNKCDLPSR_0	2
KRAS_chromatin_1	KRAS	QGVDDAFYTLVR_0	2
KRAS_chromatin_1	KRAS	QGVDDAFYTLVR_-17	2
KRAS_chromatin_2	KRAS	SFEDIHHYR_0	1
KRAS_chromatin_2	KRAS	LVVVGAGGVGK_0	1
KRAS_chromatin_2	KRAS	VKDSEDVPMVLVGNKCDLPSR_0	1
KRAS_chromatin_2	KRAS	TGEGFLCVFAINNTK_0	1
KRAS_chromatin_2	KRAS	TGEGFLCVFAINNTK_-0.9	1
KRAS_chromatin_3	KRAS	LVVVGAGGVGK_0	1
KRAS_chromatin_3	KRAS	TRQGVDDAFYTLVR_-1	1
KRAS_chromatin_3	KRAS	SYGIPFIETSAK_0	1
KRAS_chromatin_3	KRAS	QGVDDAFYTLVR_0	1
KRAS_chromatin_3	KRAS	QGVDDAFYTLVR_-17	1
