Bait	Prey	PreyGene	Spec	SpecSum	AvgSpec	NumReplicates	ctrlCounts	AvgP	MaxP	TopoAvgP	TopoMaxP	SaintScore	FoldChange	BFDR	boosted_by
_MV4	PQQVIQHHHSPR_0	PQQVIQHHHSPR_0	8|2|7	17	5.67	3	0|0|0	0.99	1.00	0.99	1.00	0.99	56.67	0.00	
_MV4	AQAEHAEKEK_183	AQAEHAEKEK_183	4|1|4	9	3.00	3	5|0|0	0.25	0.37	0.25	0.37	0.25	1.80	0.43	
_MV4	PQQVIQHHHSPR_80	PQQVIQHHHSPR_80	4|0|4	8	2.67	3	0|0|0	0.67	1.00	0.67	1.00	0.67	26.67	0.05	
_MV4	HPTTPSSTAK_239.1	HPTTPSSTAK_239.1	4|2|4	10	3.33	3	5|6|5	0.00	0.00	0.00	0.00	0.00	0.63	0.60	
_MV4	DVPDSQQHPAPEK_0	DVPDSQQHPAPEK_0	8|4|4	16	5.33	3	15|6|10	0.00	0.00	0.00	0.00	0.00	0.52	0.60	
_MV4	RSREDEDALEQAR_0	RSREDEDALEQAR_0	4|3|4	11	3.67	3	5|0|0	0.30	0.37	0.30	0.37	0.30	2.20	0.42	
_MV4	SREDEDALEQARR_0	SREDEDALEQARR_0	4|2|0	6	2.00	3	5|6|5	0.00	0.00	0.00	0.00	0.00	0.38	0.60	
_MV4	APVHLPQRPEMK_0	APVHLPQRPEMK_0	26|8|18	52	17.33	3	0|0|0	1.00	1.00	1.00	1.00	1.00	173.33	0.00	
_MV4	SDPYSTGHLR_0	SDPYSTGHLR_0	19|9|22	50	16.67	3	10|12|10	0.00	0.00	0.00	0.00	0.00	1.56	0.54	
_MV4	PPEQNAPPPGAPDKDK_269.2	PPEQNAPPPGAPDKDK_269.2	19|6|22	47	15.67	3	24|37|31	0.00	0.00	0.00	0.00	0.00	0.51	0.60	
_MV4	PPEQNAPPPGAPDKDK_268.2	PPEQNAPPPGAPDKDK_268.2	4|0|0	4	1.33	3	0|0|0	0.33	1.00	0.33	1.00	0.33	13.33	0.23	
_MV4	SREDEDALEQAR_37.9	SREDEDALEQAR_37.9	4|3|4	11	3.67	3	0|0|0	1.00	1.00	1.00	1.00	1.00	36.67	0.00	
_MV4	SREDEDALEQAR_24	SREDEDALEQAR_24	4|2|4	10	3.33	3	0|0|0	0.99	1.00	0.99	1.00	0.99	33.33	0.00	
_MV4	SREDEDALEQAR_0	SREDEDALEQAR_0	15|15|11	41	13.67	3	24|37|31	0.00	0.00	0.00	0.00	0.00	0.45	0.60	
_MV4	SREDEDALEQAR_1	SREDEDALEQAR_1	4|0|4	8	2.67	3	0|6|5	0.00	0.00	0.00	0.00	0.00	0.73	0.52	
_MV4	PPEQNAPPPGAPDK_269.2	PPEQNAPPPGAPDK_269.2	15|3|15	33	11.00	3	10|12|15	0.00	0.00	0.00	0.00	0.00	0.89	0.58	
_MV4	PVIRPPEQNAPPPGAPDKDK_213.1	PVIRPPEQNAPPPGAPDKDK_213.1	4|1|0	5	1.67	3	5|0|0	0.12	0.37	0.12	0.37	0.12	1.00	0.45	
_MV4	AVHEQLAALSQPQQNKPK_32	AVHEQLAALSQPQQNKPK_32	4|0|0	4	1.33	3	0|0|0	0.33	1.00	0.33	1.00	0.33	13.33	0.23	
_MV4	AVHEQLAALSQPQQNKPK_16	AVHEQLAALSQPQQNKPK_16	8|1|4	13	4.33	3	0|0|0	0.67	1.00	0.67	1.00	0.67	43.33	0.03	
_MV4	AVHEQLAALSQPQQNKPK_0	AVHEQLAALSQPQQNKPK_0	8|1|4	13	4.33	3	5|12|5	0.00	0.00	0.00	0.00	0.00	0.59	0.57	
_MV4	PVIRPPEQNAPPPGAPDKDK_0	PVIRPPEQNAPPPGAPDKDK_0	30|11|30	71	23.67	3	10|19|10	0.00	0.00	0.00	0.00	0.00	1.82	0.50	
_MV4	PVIRPPEQNAPPPGAPDKDK_-6	PVIRPPEQNAPPPGAPDKDK_-6	4|1|4	9	3.00	3	5|6|0	0.00	0.00	0.00	0.00	0.00	0.82	0.52	
_MV4	APVHLPQRPEMKPVDVGR_0	APVHLPQRPEMKPVDVGR_0	15|24|18	57	19.00	3	0|0|0	1.00	1.00	1.00	1.00	1.00	190.00	0.00	
_MV4	SSSDSFEQFRR_0	SSSDSFEQFRR_0	26|9|30	65	21.67	3	19|31|26	0.00	0.00	0.00	0.00	0.00	0.86	0.59	
_MV4	SDPYSTGHLR_183	SDPYSTGHLR_183	11|4|11	26	8.67	3	0|0|0	1.00	1.00	1.00	1.00	1.00	86.67	0.00	
_MV4	PVIRPPEQNAPPPGAPDKDK_427.2	PVIRPPEQNAPPPGAPDKDK_427.2	4|2|4	10	3.33	3	10|6|10	0.00	0.00	0.00	0.00	0.00	0.38	0.60	
_MV4	PVIRPPEQNAPPPGAPDK_0	PVIRPPEQNAPPPGAPDK_0	30|7|30	67	22.33	3	15|19|15	0.00	0.00	0.00	0.00	0.00	1.37	0.58	
_MV4	PVIRPPEQNAPPPGAPDK_1	PVIRPPEQNAPPPGAPDK_1	8|0|7	15	5.00	3	0|0|0	0.67	1.00	0.67	1.00	0.67	50.00	0.00	
_MV4	PVDVGRPVIRPPEQNAPPPGAPDKDK_0	PVDVGRPVIRPPEQNAPPPGAPDKDK_0	4|10|4	18	6.00	3	0|0|0	1.00	1.00	1.00	1.00	1.00	60.00	0.00	
_MV4	PVIRPPEQNAPPPGAPDK_427.2	PVIRPPEQNAPPPGAPDK_427.2	4|2|0	6	2.00	3	5|0|5	0.00	0.00	0.00	0.00	0.00	0.60	0.51	
_MV4	PVIRPPEQNAPPPGAPDK_12	PVIRPPEQNAPPPGAPDK_12	4|0|4	8	2.67	3	0|0|0	0.67	1.00	0.67	1.00	0.67	26.67	0.05	
_MV4	SREDEDALEQAR_42	SREDEDALEQAR_42	4|4|0	8	2.67	3	0|0|5	0.25	0.37	0.25	0.37	0.25	1.60	0.43	
_MV4	SEPFSPSLRPEPPKHPESIK_0	SEPFSPSLRPEPPKHPESIK_0	26|28|30	84	28.00	3	15|12|15	0.00	0.00	0.00	0.00	0.00	2.00	0.56	
_MV4	PVDVGRPVIRPPEQNAPPPGAPDK_0	PVDVGRPVIRPPEQNAPPPGAPDK_0	11|6|11	28	9.33	3	5|0|10	0.02	0.03	0.02	0.03	0.02	1.87	0.47	
_MV4	SSSDSFEQFR_334.3	SSSDSFEQFR_334.3	4|0|4	8	2.67	3	0|0|0	0.67	1.00	0.67	1.00	0.67	26.67	0.05	
_MV4	SEPFSPSLRPEPPK_0	SEPFSPSLRPEPPK_0	19|7|22	48	16.00	3	10|12|10	0.00	0.00	0.00	0.00	0.00	1.50	0.54	
_MV4	NMGSWASLVQK_4	NMGSWASLVQK_4	4|0|4	8	2.67	3	0|0|0	0.67	1.00	0.67	1.00	0.67	26.67	0.05	
_MV4	SEPFSPSLRPEPPKHPESIK_80	SEPFSPSLRPEPPKHPESIK_80	4|5|4	13	4.33	3	0|0|0	1.00	1.00	1.00	1.00	1.00	43.33	0.00	
_MV4	AASVVQPQPLVVVKEEK_0	AASVVQPQPLVVVKEEK_0	8|4|4	16	5.33	3	0|0|0	1.00	1.00	1.00	1.00	1.00	53.33	0.00	
_MV4	AASVVQPQPLVVVK_0	AASVVQPQPLVVVK_0	8|10|11	29	9.67	3	19|12|15	0.00	0.00	0.00	0.00	0.00	0.63	0.60	
_MV4	AASVVQPQPLVVVK_53.9	AASVVQPQPLVVVK_53.9	8|2|7	17	5.67	3	0|0|0	0.99	1.00	0.99	1.00	0.99	56.67	0.00	
_MV4	EAPSPLMIHSPQMSQFQSLTHQSPPQQNVQPK_80	EAPSPLMIHSPQMSQFQSLTHQSPPQQNVQPK_80	4|12|4	20	6.67	3	0|0|0	1.00	1.00	1.00	1.00	1.00	66.67	0.00	
_MV4	HPTTPSSTAK_256.2	HPTTPSSTAK_256.2	0|1|0	1	0.33	3	5|6|0	0.00	0.00	0.00	0.00	0.00	0.09	0.60	
_MV4	HPTTPSSTAK_0	HPTTPSSTAK_0	0|7|0	7	2.33	3	10|19|10	0.00	0.00	0.00	0.00	0.00	0.18	0.60	
_MV4	ALKAQAEHAEK_183	ALKAQAEHAEK_183	0|1|0	1	0.33	3	0|0|0	0.00	0.00	0.00	0.00	0.00	3.33	0.60	
_MV4	VVHIIQSR_0	VVHIIQSR_0	0|1|0	1	0.33	3	5|0|0	0.00	0.00	0.00	0.00	0.00	0.20	0.60	
_MV4	VDVIAGSSK_0	VDVIAGSSK_0	0|2|0	2	0.67	3	0|0|0	0.32	0.97	0.32	0.97	0.32	6.67	0.38	
_MV4	DPYSTGHLR_0	DPYSTGHLR_0	0|1|0	1	0.33	3	0|0|0	0.00	0.00	0.00	0.00	0.00	3.33	0.60	
_MV4	IHSPIIR_0	IHSPIIR_0	0|3|0	3	1.00	3	5|0|0	0.06	0.17	0.06	0.17	0.06	0.60	0.46	
_MV4	SREDEDALEQAR_22	SREDEDALEQAR_22	0|1|0	1	0.33	3	0|0|0	0.00	0.00	0.00	0.00	0.00	3.33	0.60	
_MV4	SREDEDALEQAR_53.9	SREDEDALEQAR_53.9	0|2|4	6	2.00	3	0|0|0	0.65	1.00	0.65	1.00	0.65	20.00	0.12	
_MV4	YNPPDHEVVAMAR_0	YNPPDHEVVAMAR_0	0|3|0	3	1.00	3	0|0|0	0.33	0.99	0.33	0.99	0.33	10.00	0.36	
_MV4	EDEDALEQAR_0	EDEDALEQAR_0	0|4|0	4	1.33	3	10|6|15	0.00	0.00	0.00	0.00	0.00	0.13	0.60	
_MV4	EDEDALEQAR_37.9	EDEDALEQAR_37.9	0|1|0	1	0.33	3	0|0|0	0.00	0.00	0.00	0.00	0.00	3.33	0.60	
_MV4	NMGSWASLVQK_32	NMGSWASLVQK_32	0|7|0	7	2.33	3	0|0|0	0.33	1.00	0.33	1.00	0.33	23.33	0.19	
_MV4	RQLSLDINK_0	RQLSLDINK_0	0|1|0	1	0.33	3	0|6|5	0.00	0.00	0.00	0.00	0.00	0.09	0.60	
_MV4	APVHLPQRPEMKPVDVGR_196.1	APVHLPQRPEMKPVDVGR_196.1	0|1|0	1	0.33	3	0|0|0	0.00	0.00	0.00	0.00	0.00	3.33	0.60	
_MV4	DAQEFGADVR_0	DAQEFGADVR_0	0|1|0	1	0.33	3	0|0|0	0.00	0.00	0.00	0.00	0.00	3.33	0.60	
_MV4	SEPFSPSLRPEPPKHPESIK_22	SEPFSPSLRPEPPKHPESIK_22	0|1|0	1	0.33	3	0|0|0	0.00	0.00	0.00	0.00	0.00	3.33	0.60	
_MV4	SEPFSPSLRPEPPKHPESIK_37.9	SEPFSPSLRPEPPKHPESIK_37.9	0|2|0	2	0.67	3	0|0|0	0.32	0.97	0.32	0.97	0.32	6.67	0.38	
_MV4	SEPFSPSLRPEPPKHPESIK_53.9	SEPFSPSLRPEPPKHPESIK_53.9	0|1|0	1	0.33	3	0|0|0	0.00	0.00	0.00	0.00	0.00	3.33	0.60	
_MV4	APVHLPQRPEMKPVDVGR_1.8	APVHLPQRPEMKPVDVGR_1.8	0|1|0	1	0.33	3	0|0|0	0.00	0.00	0.00	0.00	0.00	3.33	0.60	
_MV4	LAELQEQLK_0	LAELQEQLK_0	0|1|0	1	0.33	3	5|0|5	0.00	0.00	0.00	0.00	0.00	0.10	0.60	
_MV4	HPTTPSSTAKSSSDSFEQFR_183	HPTTPSSTAKSSSDSFEQFR_183	0|3|0	3	1.00	3	0|0|0	0.33	0.99	0.33	0.99	0.33	10.00	0.36	
_MV4	SSDSFEQFR_0	SSDSFEQFR_0	0|1|0	1	0.33	3	5|6|5	0.00	0.00	0.00	0.00	0.00	0.06	0.60	
_MV4	SSSDSFEQFR_0	SSSDSFEQFR_0	0|5|0	5	1.67	3	29|31|31	0.00	0.00	0.00	0.00	0.00	0.05	0.60	
_MV4	SSSDSFEQFR_37.9	SSSDSFEQFR_37.9	0|1|11	12	4.00	3	5|0|5	0.23	0.69	0.23	0.69	0.23	1.20	0.44	
_MV4	SSSDSFEQFR_22	SSSDSFEQFR_22	0|1|0	1	0.33	3	5|0|0	0.00	0.00	0.00	0.00	0.00	0.20	0.60	
_MV4	HPTTPSSTAKSSSDSFEQFR_181	HPTTPSSTAKSSSDSFEQFR_181	0|1|0	1	0.33	3	0|0|0	0.00	0.00	0.00	0.00	0.00	3.33	0.60	
_MV4	SVVQPQPLVVVKEEK_0	SVVQPQPLVVVKEEK_0	0|1|0	1	0.33	3	5|0|5	0.00	0.00	0.00	0.00	0.00	0.10	0.60	
_MV4	LQDVFEMR_0	LQDVFEMR_0	0|1|0	1	0.33	3	5|0|5	0.00	0.00	0.00	0.00	0.00	0.10	0.60	
_MV4	RQLSLDINKLPGEK_0	RQLSLDINKLPGEK_0	0|2|0	2	0.67	3	0|0|0	0.32	0.97	0.32	0.97	0.32	6.67	0.38	
_MV4	AASVVQPQPLVVVKEEK_37.9	AASVVQPQPLVVVKEEK_37.9	0|1|0	1	0.33	3	0|0|0	0.00	0.00	0.00	0.00	0.00	3.33	0.60	
_MV4	AASVVQPQPLVVVKEEK_22	AASVVQPQPLVVVKEEK_22	0|1|0	1	0.33	3	0|0|0	0.00	0.00	0.00	0.00	0.00	3.33	0.60	
_MV4	PVIRPPEQNAPPPGAPDKDK_-49.5	PVIRPPEQNAPPPGAPDKDK_-49.5	0|1|0	1	0.33	3	0|0|0	0.00	0.00	0.00	0.00	0.00	3.33	0.60	
_MV4	SSSDSFEQFR_1	SSSDSFEQFR_1	0|1|0	1	0.33	3	0|0|0	0.00	0.00	0.00	0.00	0.00	3.33	0.60	
_MV4	SEPFSPSLRPEPPKHPESIK_42	SEPFSPSLRPEPPKHPESIK_42	0|1|0	1	0.33	3	0|0|0	0.00	0.00	0.00	0.00	0.00	3.33	0.60	
_MV4	QEQQQQQQQQAAAVAAAATPQAQSSQPQSMLDQQR_0	QEQQQQQQQQAAAVAAAATPQAQSSQPQSMLDQQR_0	0|27|0	27	9.00	3	10|6|10	0.33	1.00	0.33	1.00	0.33	1.04	0.35	
_MV4	QEQQQQQQQQAAAVAAAATPQAQSSQPQSMLDQQR_17	QEQQQQQQQQAAAVAAAATPQAQSSQPQSMLDQQR_17	0|10|0	10	3.33	3	0|0|0	0.33	1.00	0.33	1.00	0.33	33.33	0.13	
_MV4	QEQQQQQQQQAAAVAAAATPQAQSSQPQSMLDQQR_53.9	QEQQQQQQQQAAAVAAAATPQAQSSQPQSMLDQQR_53.9	0|4|0	4	1.33	3	0|0|0	0.33	1.00	0.33	1.00	0.33	13.33	0.23	
_MV4	QEQQQQQRQEQQQQQQQQAAAVAAAATPQAQSSQPQSMLDQQR_148.1	QEQQQQQRQEQQQQQQQQAAAVAAAATPQAQSSQPQSMLDQQR_148.1	0|1|0	1	0.33	3	0|0|0	0.00	0.00	0.00	0.00	0.00	3.33	0.60	
_MV4	SVVQPQPLVVVK_0	SVVQPQPLVVVK_0	0|2|0	2	0.67	3	10|12|5	0.00	0.00	0.00	0.00	0.00	0.07	0.60	
_MV4	NMGSWASLVQK_0	NMGSWASLVQK_0	0|38|0	38	12.67	3	44|37|46	0.00	0.00	0.00	0.00	0.00	0.30	0.60	
_MV4	AASVVQPQPLVVVK_22	AASVVQPQPLVVVK_22	0|2|0	2	0.67	3	0|0|0	0.32	0.97	0.32	0.97	0.32	6.67	0.38	
_MV4	AASVVQPQPLVVVK_37.9	AASVVQPQPLVVVK_37.9	0|1|0	1	0.33	3	0|0|0	0.00	0.00	0.00	0.00	0.00	3.33	0.60	
_MV4	EAPSPLMIHSPQMSQFQSLTHQSPPQQNVQPK_0	EAPSPLMIHSPQMSQFQSLTHQSPPQQNVQPK_0	0|9|0	9	3.00	3	0|0|0	0.33	1.00	0.33	1.00	0.33	30.00	0.16	
_MV4	LNLPDYYK_0	LNLPDYYK_0	0|1|0	1	0.33	3	5|0|0	0.00	0.00	0.00	0.00	0.00	0.20	0.60	
_MV4	EAPSPLMIHSPQMSQFQSLTHQSPPQQNVQPK_32	EAPSPLMIHSPQMSQFQSLTHQSPPQQNVQPK_32	0|1|4	5	1.67	3	0|0|0	0.33	1.00	0.33	1.00	0.33	16.67	0.23	
_MV4	AASVVQPQPLVVVK_1	AASVVQPQPLVVVK_1	0|2|0	2	0.67	3	0|0|5	0.02	0.05	0.02	0.05	0.02	0.40	0.48	
_MV4	NMGSWASLVQK_-3.7	NMGSWASLVQK_-3.7	0|1|0	1	0.33	3	0|0|0	0.00	0.00	0.00	0.00	0.00	3.33	0.60	
_MV4	VQPPTPLLPSVK_0	VQPPTPLLPSVK_0	0|5|0	5	1.67	3	5|6|0	0.00	0.00	0.00	0.00	0.00	0.45	0.49	
_MV4	AASVVQPQPLVVVKEEK_183	AASVVQPQPLVVVKEEK_183	0|1|0	1	0.33	3	0|0|0	0.00	0.00	0.00	0.00	0.00	3.33	0.60	
_MV4	QEQQQQQQQQAAAVAAAATPQAQSSQPQSMLDQQR_37.9	QEQQQQQQQQAAAVAAAATPQAQSSQPQSMLDQQR_37.9	0|1|0	1	0.33	3	0|0|0	0.00	0.00	0.00	0.00	0.00	3.33	0.60	
_MV4	MGSWASLVQK_0	MGSWASLVQK_0	0|1|0	1	0.33	3	0|0|0	0.00	0.00	0.00	0.00	0.00	3.33	0.60	
_MV4	ADTTTPTTIDPIHEPPSLPPEPK_0	ADTTTPTTIDPIHEPPSLPPEPK_0	0|4|0	4	1.33	3	0|0|0	0.33	1.00	0.33	1.00	0.33	13.33	0.23	
_MV4	AASVVQPQPLVVVKEEK_42	AASVVQPQPLVVVKEEK_42	0|3|0	3	1.00	3	0|0|0	0.33	0.99	0.33	0.99	0.33	10.00	0.36	
_MV4	QEQQQQQQQQAAAVAAAATPQAQSSQPQSMLDQQR_-17	QEQQQQQQQQAAAVAAAATPQAQSSQPQSMLDQQR_-17	0|7|0	7	2.33	3	0|0|0	0.33	1.00	0.33	1.00	0.33	23.33	0.19	
_MV4	SSSDSFEQFR_42	SSSDSFEQFR_42	0|1|0	1	0.33	3	5|0|0	0.00	0.00	0.00	0.00	0.00	0.20	0.60	
_MV4	SSSDSFEQFRR_-114.1	SSSDSFEQFRR_-114.1	0|2|0	2	0.67	3	5|0|5	0.00	0.00	0.00	0.00	0.00	0.20	0.60	
_MV4	NMGSWASLVQK_42	NMGSWASLVQK_42	0|2|0	2	0.67	3	0|0|0	0.32	0.97	0.32	0.97	0.32	6.67	0.38	
_MV4	NMGSWASLVQK_17	NMGSWASLVQK_17	0|1|0	1	0.33	3	0|0|0	0.00	0.00	0.00	0.00	0.00	3.33	0.60	
_MV4	NSNPDEIEIDFETLKPSTLR_0	NSNPDEIEIDFETLKPSTLR_0	0|1|0	1	0.33	3	0|0|0	0.00	0.00	0.00	0.00	0.00	3.33	0.60	
_MV4	APVHLPQRPEMK_476.2	APVHLPQRPEMK_476.2	0|0|4	4	1.33	3	0|0|0	0.33	1.00	0.33	1.00	0.33	13.33	0.23	
_MV4	HPTTPSSTAKSSSDSFEQFR_182	HPTTPSSTAKSSSDSFEQFR_182	0|0|4	4	1.33	3	0|0|0	0.33	1.00	0.33	1.00	0.33	13.33	0.23	
_MV4	KQELRAASVVQPQPLVVVK_0	KQELRAASVVQPQPLVVVK_0	0|0|4	4	1.33	3	0|0|0	0.33	1.00	0.33	1.00	0.33	13.33	0.23	
