_MV4_sampleBRD4_repl1	_MV4	PQQVIQHHHSPR_0	8
_MV4_sampleBRD4_repl1	_MV4	AQAEHAEKEK_183	4
_MV4_sampleBRD4_repl1	_MV4	PQQVIQHHHSPR_80	4
_MV4_sampleBRD4_repl1	_MV4	HPTTPSSTAK_239.1	4
_MV4_sampleBRD4_repl1	_MV4	DVPDSQQHPAPEK_0	8
_MV4_sampleBRD4_repl1	_MV4	RSREDEDALEQAR_0	4
_MV4_sampleBRD4_repl1	_MV4	SREDEDALEQARR_0	4
_MV4_sampleBRD4_repl1	_MV4	APVHLPQRPEMK_0	26
_MV4_sampleBRD4_repl1	_MV4	SDPYSTGHLR_0	19
_MV4_sampleBRD4_repl1	_MV4	PPEQNAPPPGAPDKDK_269.2	19
_MV4_sampleBRD4_repl1	_MV4	PPEQNAPPPGAPDKDK_268.2	4
_MV4_sampleBRD4_repl1	_MV4	SREDEDALEQAR_37.9	4
_MV4_sampleBRD4_repl1	_MV4	SREDEDALEQAR_24	4
_MV4_sampleBRD4_repl1	_MV4	SREDEDALEQAR_0	15
_MV4_sampleBRD4_repl1	_MV4	SREDEDALEQAR_1	4
_MV4_sampleBRD4_repl1	_MV4	PPEQNAPPPGAPDK_269.2	15
_MV4_sampleBRD4_repl1	_MV4	PVIRPPEQNAPPPGAPDKDK_213.1	4
_MV4_sampleBRD4_repl1	_MV4	AVHEQLAALSQPQQNKPK_32	4
_MV4_sampleBRD4_repl1	_MV4	AVHEQLAALSQPQQNKPK_16	8
_MV4_sampleBRD4_repl1	_MV4	AVHEQLAALSQPQQNKPK_0	8
_MV4_sampleBRD4_repl1	_MV4	PVIRPPEQNAPPPGAPDKDK_0	30
_MV4_sampleBRD4_repl1	_MV4	PVIRPPEQNAPPPGAPDKDK_-6	4
_MV4_sampleBRD4_repl1	_MV4	APVHLPQRPEMKPVDVGR_0	15
_MV4_sampleBRD4_repl1	_MV4	SSSDSFEQFRR_0	26
_MV4_sampleBRD4_repl1	_MV4	SDPYSTGHLR_183	11
_MV4_sampleBRD4_repl1	_MV4	PVIRPPEQNAPPPGAPDKDK_427.2	4
_MV4_sampleBRD4_repl1	_MV4	PVIRPPEQNAPPPGAPDK_0	30
_MV4_sampleBRD4_repl1	_MV4	PVIRPPEQNAPPPGAPDK_1	8
_MV4_sampleBRD4_repl1	_MV4	PVDVGRPVIRPPEQNAPPPGAPDKDK_0	4
_MV4_sampleBRD4_repl1	_MV4	PVIRPPEQNAPPPGAPDK_427.2	4
_MV4_sampleBRD4_repl1	_MV4	PVIRPPEQNAPPPGAPDK_12	4
_MV4_sampleBRD4_repl1	_MV4	SREDEDALEQAR_42	4
_MV4_sampleBRD4_repl1	_MV4	SEPFSPSLRPEPPKHPESIK_0	26
_MV4_sampleBRD4_repl1	_MV4	PVDVGRPVIRPPEQNAPPPGAPDK_0	11
_MV4_sampleBRD4_repl1	_MV4	SSSDSFEQFR_334.3	4
_MV4_sampleBRD4_repl1	_MV4	SEPFSPSLRPEPPK_0	19
_MV4_sampleBRD4_repl1	_MV4	NMGSWASLVQK_4	4
_MV4_sampleBRD4_repl1	_MV4	SEPFSPSLRPEPPKHPESIK_80	4
_MV4_sampleBRD4_repl1	_MV4	AASVVQPQPLVVVKEEK_0	8
_MV4_sampleBRD4_repl1	_MV4	AASVVQPQPLVVVK_0	8
_MV4_sampleBRD4_repl1	_MV4	AASVVQPQPLVVVK_53.9	8
_MV4_sampleBRD4_repl1	_MV4	EAPSPLMIHSPQMSQFQSLTHQSPPQQNVQPK_80	4
_MOLM_sampleBRD4_repl1	_MOLM	HPTTPSSTAK_256.2	5
_MOLM_sampleBRD4_repl1	_MOLM	HPTTPSSTAK_0	10
_MOLM_sampleBRD4_repl1	_MOLM	AQAEHAEKEK_183	5
_MOLM_sampleBRD4_repl1	_MOLM	HPTTPSSTAK_239.1	5
_MOLM_sampleBRD4_repl1	_MOLM	DVPDSQQHPAPEK_0	15
_MOLM_sampleBRD4_repl1	_MOLM	RSREDEDALEQAR_0	5
_MOLM_sampleBRD4_repl1	_MOLM	VVHIIQSR_0	5
_MOLM_sampleBRD4_repl1	_MOLM	SREDEDALEQARR_0	5
_MOLM_sampleBRD4_repl1	_MOLM	SDPYSTGHLR_0	10
_MOLM_sampleBRD4_repl1	_MOLM	PPEQNAPPPGAPDKDK_269.2	24
_MOLM_sampleBRD4_repl1	_MOLM	IHSPIIR_0	5
_MOLM_sampleBRD4_repl1	_MOLM	SREDEDALEQAR_0	24
_MOLM_sampleBRD4_repl1	_MOLM	PVIRPPEQNAPPPGAPDKDK_213.1	5
_MOLM_sampleBRD4_repl1	_MOLM	PPEQNAPPPGAPDK_269.2	10
_MOLM_sampleBRD4_repl1	_MOLM	AVHEQLAALSQPQQNKPK_0	5
_MOLM_sampleBRD4_repl1	_MOLM	EDEDALEQAR_0	10
_MOLM_sampleBRD4_repl1	_MOLM	PVIRPPEQNAPPPGAPDKDK_0	10
_MOLM_sampleBRD4_repl1	_MOLM	PVIRPPEQNAPPPGAPDKDK_-6	5
_MOLM_sampleBRD4_repl1	_MOLM	SSSDSFEQFRR_0	19
_MOLM_sampleBRD4_repl1	_MOLM	PVIRPPEQNAPPPGAPDKDK_427.2	10
_MOLM_sampleBRD4_repl1	_MOLM	PVIRPPEQNAPPPGAPDK_0	15
_MOLM_sampleBRD4_repl1	_MOLM	PVIRPPEQNAPPPGAPDK_427.2	5
_MOLM_sampleBRD4_repl1	_MOLM	SEPFSPSLRPEPPKHPESIK_0	15
_MOLM_sampleBRD4_repl1	_MOLM	LAELQEQLK_0	5
_MOLM_sampleBRD4_repl1	_MOLM	PVDVGRPVIRPPEQNAPPPGAPDK_0	5
_MOLM_sampleBRD4_repl1	_MOLM	SSDSFEQFR_0	5
_MOLM_sampleBRD4_repl1	_MOLM	SSSDSFEQFR_0	29
_MOLM_sampleBRD4_repl1	_MOLM	SSSDSFEQFR_37.9	5
_MOLM_sampleBRD4_repl1	_MOLM	SSSDSFEQFR_22	5
_MOLM_sampleBRD4_repl1	_MOLM	SEPFSPSLRPEPPK_0	10
_MOLM_sampleBRD4_repl1	_MOLM	LQDVFEMR_0	5
_MOLM_sampleBRD4_repl1	_MOLM	SVVQPQPLVVVKEEK_0	5
_MOLM_sampleBRD4_repl1	_MOLM	QEQQQQQQQQAAAVAAAATPQAQSSQPQSMLDQQR_0	10
_MOLM_sampleBRD4_repl1	_MOLM	SVVQPQPLVVVK_0	10
_MOLM_sampleBRD4_repl1	_MOLM	NMGSWASLVQK_0	44
_MOLM_sampleBRD4_repl1	_MOLM	AASVVQPQPLVVVK_0	19
_MOLM_sampleBRD4_repl1	_MOLM	AASVVQPQPLVVVK_-0.1	5
_MOLM_sampleBRD4_repl1	_MOLM	LNLPDYYK_0	5
_MOLM_sampleBRD4_repl1	_MOLM	VQPPTPLLPSVK_0	5
_MOLM_sampleBRD4_repl1	_MOLM	SSSDSFEQFR_42	5
_MOLM_sampleBRD4_repl1	_MOLM	SSSDSFEQFRR_-114.1	5
_MOLM_sampleBRD4_repl2	_MOLM	HPTTPSSTAK_256.2	6
_MOLM_sampleBRD4_repl2	_MOLM	HPTTPSSTAK_0	19
_MOLM_sampleBRD4_repl2	_MOLM	HPTTPSSTAK_239.1	6
_MOLM_sampleBRD4_repl2	_MOLM	DVPDSQQHPAPEK_0	6
_MOLM_sampleBRD4_repl2	_MOLM	SREDEDALEQARR_0	6
_MOLM_sampleBRD4_repl2	_MOLM	SDPYSTGHLR_0	12
_MOLM_sampleBRD4_repl2	_MOLM	PPEQNAPPPGAPDKDK_269.2	37
_MOLM_sampleBRD4_repl2	_MOLM	SREDEDALEQAR_0	37
_MOLM_sampleBRD4_repl2	_MOLM	SREDEDALEQAR_1	6
_MOLM_sampleBRD4_repl2	_MOLM	PPEQNAPPPGAPDK_269.2	12
_MOLM_sampleBRD4_repl2	_MOLM	AVHEQLAALSQPQQNKPK_0	12
_MOLM_sampleBRD4_repl2	_MOLM	EDEDALEQAR_0	6
_MOLM_sampleBRD4_repl2	_MOLM	PVIRPPEQNAPPPGAPDKDK_0	19
_MOLM_sampleBRD4_repl2	_MOLM	PVIRPPEQNAPPPGAPDKDK_-6	6
_MOLM_sampleBRD4_repl2	_MOLM	RQLSLDINK_0	6
_MOLM_sampleBRD4_repl2	_MOLM	SSSDSFEQFRR_0	31
_MOLM_sampleBRD4_repl2	_MOLM	PVIRPPEQNAPPPGAPDKDK_427.2	6
_MOLM_sampleBRD4_repl2	_MOLM	PVIRPPEQNAPPPGAPDK_0	19
_MOLM_sampleBRD4_repl2	_MOLM	SEPFSPSLRPEPPKHPESIK_0	12
_MOLM_sampleBRD4_repl2	_MOLM	SSDSFEQFR_0	6
_MOLM_sampleBRD4_repl2	_MOLM	SSSDSFEQFR_0	31
_MOLM_sampleBRD4_repl2	_MOLM	SEPFSPSLRPEPPK_0	12
_MOLM_sampleBRD4_repl2	_MOLM	SSSDSFEQFR_4.2	6
_MOLM_sampleBRD4_repl2	_MOLM	QEQQQQQQQQAAAVAAAATPQAQSSQPQSMLDQQR_0	6
_MOLM_sampleBRD4_repl2	_MOLM	SVVQPQPLVVVK_0	12
_MOLM_sampleBRD4_repl2	_MOLM	NMGSWASLVQK_0	37
_MOLM_sampleBRD4_repl2	_MOLM	AASVVQPQPLVVVK_0	12
_MOLM_sampleBRD4_repl2	_MOLM	VQPPTPLLPSVK_0	6
_MOLM_sampleBRD4_repl2	_MOLM	VQPPTPLLPSVK_-0.1	6
_MOLM_sampleBRD4_repl3	_MOLM	HPTTPSSTAK_0	10
_MOLM_sampleBRD4_repl3	_MOLM	HPTTPSSTAK_239.1	5
_MOLM_sampleBRD4_repl3	_MOLM	DVPDSQQHPAPEK_0	10
_MOLM_sampleBRD4_repl3	_MOLM	SREDEDALEQARR_0	5
_MOLM_sampleBRD4_repl3	_MOLM	SDPYSTGHLR_0	10
_MOLM_sampleBRD4_repl3	_MOLM	PPEQNAPPPGAPDKDK_269.2	31
_MOLM_sampleBRD4_repl3	_MOLM	SREDEDALEQAR_0	31
_MOLM_sampleBRD4_repl3	_MOLM	SREDEDALEQAR_1	5
_MOLM_sampleBRD4_repl3	_MOLM	PPEQNAPPPGAPDK_269.2	15
_MOLM_sampleBRD4_repl3	_MOLM	AVHEQLAALSQPQQNKPK_0	5
_MOLM_sampleBRD4_repl3	_MOLM	EDEDALEQAR_0	15
_MOLM_sampleBRD4_repl3	_MOLM	PVIRPPEQNAPPPGAPDKDK_0	10
_MOLM_sampleBRD4_repl3	_MOLM	RQLSLDINK_0	5
_MOLM_sampleBRD4_repl3	_MOLM	SSSDSFEQFRR_0	26
_MOLM_sampleBRD4_repl3	_MOLM	PVIRPPEQNAPPPGAPDKDK_427.2	10
_MOLM_sampleBRD4_repl3	_MOLM	PVIRPPEQNAPPPGAPDK_0	15
_MOLM_sampleBRD4_repl3	_MOLM	PVIRPPEQNAPPPGAPDK_427.2	5
_MOLM_sampleBRD4_repl3	_MOLM	SREDEDALEQAR_42	5
_MOLM_sampleBRD4_repl3	_MOLM	SEPFSPSLRPEPPKHPESIK_0	15
_MOLM_sampleBRD4_repl3	_MOLM	LAELQEQLK_0	5
_MOLM_sampleBRD4_repl3	_MOLM	PVDVGRPVIRPPEQNAPPPGAPDK_0	10
_MOLM_sampleBRD4_repl3	_MOLM	SSDSFEQFR_0	5
_MOLM_sampleBRD4_repl3	_MOLM	SSSDSFEQFR_0	31
_MOLM_sampleBRD4_repl3	_MOLM	SSSDSFEQFR_37.9	5
_MOLM_sampleBRD4_repl3	_MOLM	SEPFSPSLRPEPPK_0	10
_MOLM_sampleBRD4_repl3	_MOLM	SSSDSFEQFR_4.2	5
_MOLM_sampleBRD4_repl3	_MOLM	LQDVFEMR_0	5
_MOLM_sampleBRD4_repl3	_MOLM	SVVQPQPLVVVKEEK_0	5
_MOLM_sampleBRD4_repl3	_MOLM	QEQQQQQQQQAAAVAAAATPQAQSSQPQSMLDQQR_0	10
_MOLM_sampleBRD4_repl3	_MOLM	SVVQPQPLVVVK_0	5
_MOLM_sampleBRD4_repl3	_MOLM	NMGSWASLVQK_0	46
_MOLM_sampleBRD4_repl3	_MOLM	AASVVQPQPLVVVK_0	15
_MOLM_sampleBRD4_repl3	_MOLM	AASVVQPQPLVVVK_1	5
_MOLM_sampleBRD4_repl3	_MOLM	SSSDSFEQFRR_-114.1	5
_MV4_sampleBRD4_repl2	_MV4	HPTTPSSTAK_256.2	1
_MV4_sampleBRD4_repl2	_MV4	HPTTPSSTAK_0	7
_MV4_sampleBRD4_repl2	_MV4	PQQVIQHHHSPR_0	2
_MV4_sampleBRD4_repl2	_MV4	AQAEHAEKEK_183	1
_MV4_sampleBRD4_repl2	_MV4	HPTTPSSTAK_239.1	2
_MV4_sampleBRD4_repl2	_MV4	DVPDSQQHPAPEK_0	4
_MV4_sampleBRD4_repl2	_MV4	ALKAQAEHAEK_183	1
_MV4_sampleBRD4_repl2	_MV4	RSREDEDALEQAR_0	3
_MV4_sampleBRD4_repl2	_MV4	VVHIIQSR_0	1
_MV4_sampleBRD4_repl2	_MV4	SREDEDALEQARR_0	2
_MV4_sampleBRD4_repl2	_MV4	SDPYSTGHLR_0	9
_MV4_sampleBRD4_repl2	_MV4	VDVIAGSSK_0	2
_MV4_sampleBRD4_repl2	_MV4	DPYSTGHLR_0	1
_MV4_sampleBRD4_repl2	_MV4	PPEQNAPPPGAPDKDK_269.2	6
_MV4_sampleBRD4_repl2	_MV4	IHSPIIR_0	3
_MV4_sampleBRD4_repl2	_MV4	APVHLPQRPEMK_0	8
_MV4_sampleBRD4_repl2	_MV4	SREDEDALEQAR_0	15
_MV4_sampleBRD4_repl2	_MV4	SREDEDALEQAR_37.9	3
_MV4_sampleBRD4_repl2	_MV4	SREDEDALEQAR_24	2
_MV4_sampleBRD4_repl2	_MV4	SREDEDALEQAR_22	1
_MV4_sampleBRD4_repl2	_MV4	SREDEDALEQAR_53.9	2
_MV4_sampleBRD4_repl2	_MV4	PVIRPPEQNAPPPGAPDKDK_213.1	1
_MV4_sampleBRD4_repl2	_MV4	PPEQNAPPPGAPDK_269.2	3
_MV4_sampleBRD4_repl2	_MV4	AVHEQLAALSQPQQNKPK_16	1
_MV4_sampleBRD4_repl2	_MV4	AVHEQLAALSQPQQNKPK_0	1
_MV4_sampleBRD4_repl2	_MV4	YNPPDHEVVAMAR_0	3
_MV4_sampleBRD4_repl2	_MV4	PVIRPPEQNAPPPGAPDKDK_0	11
_MV4_sampleBRD4_repl2	_MV4	EDEDALEQAR_0	4
_MV4_sampleBRD4_repl2	_MV4	EDEDALEQAR_37.9	1
_MV4_sampleBRD4_repl2	_MV4	NMGSWASLVQK_32	7
_MV4_sampleBRD4_repl2	_MV4	PVIRPPEQNAPPPGAPDKDK_-6	1
_MV4_sampleBRD4_repl2	_MV4	APVHLPQRPEMKPVDVGR_0	24
_MV4_sampleBRD4_repl2	_MV4	RQLSLDINK_0	1
_MV4_sampleBRD4_repl2	_MV4	SSSDSFEQFRR_0	9
_MV4_sampleBRD4_repl2	_MV4	SDPYSTGHLR_183	4
_MV4_sampleBRD4_repl2	_MV4	PVIRPPEQNAPPPGAPDKDK_427.2	2
_MV4_sampleBRD4_repl2	_MV4	PVIRPPEQNAPPPGAPDK_0	7
_MV4_sampleBRD4_repl2	_MV4	PVDVGRPVIRPPEQNAPPPGAPDKDK_0	10
_MV4_sampleBRD4_repl2	_MV4	APVHLPQRPEMKPVDVGR_196.1	1
_MV4_sampleBRD4_repl2	_MV4	PVIRPPEQNAPPPGAPDK_427.2	2
_MV4_sampleBRD4_repl2	_MV4	SEPFSPSLRPEPPKHPESIK_0	28
_MV4_sampleBRD4_repl2	_MV4	SREDEDALEQAR_42	4
_MV4_sampleBRD4_repl2	_MV4	DAQEFGADVR_0	1
_MV4_sampleBRD4_repl2	_MV4	SEPFSPSLRPEPPKHPESIK_22	1
_MV4_sampleBRD4_repl2	_MV4	SEPFSPSLRPEPPKHPESIK_37.9	2
_MV4_sampleBRD4_repl2	_MV4	SEPFSPSLRPEPPKHPESIK_53.9	1
_MV4_sampleBRD4_repl2	_MV4	APVHLPQRPEMKPVDVGR_1.8	1
_MV4_sampleBRD4_repl2	_MV4	PVDVGRPVIRPPEQNAPPPGAPDK_0	6
_MV4_sampleBRD4_repl2	_MV4	LAELQEQLK_0	1
_MV4_sampleBRD4_repl2	_MV4	HPTTPSSTAKSSSDSFEQFR_183	3
_MV4_sampleBRD4_repl2	_MV4	SSDSFEQFR_0	1
_MV4_sampleBRD4_repl2	_MV4	SEPFSPSLRPEPPK_0	7
_MV4_sampleBRD4_repl2	_MV4	SSSDSFEQFR_0	5
_MV4_sampleBRD4_repl2	_MV4	SSSDSFEQFR_37.9	1
_MV4_sampleBRD4_repl2	_MV4	SSSDSFEQFR_22	1
_MV4_sampleBRD4_repl2	_MV4	HPTTPSSTAKSSSDSFEQFR_181	1
_MV4_sampleBRD4_repl2	_MV4	SVVQPQPLVVVKEEK_0	1
_MV4_sampleBRD4_repl2	_MV4	LQDVFEMR_0	1
_MV4_sampleBRD4_repl2	_MV4	SEPFSPSLRPEPPKHPESIK_80	5
_MV4_sampleBRD4_repl2	_MV4	RQLSLDINKLPGEK_0	2
_MV4_sampleBRD4_repl2	_MV4	AASVVQPQPLVVVKEEK_0	4
_MV4_sampleBRD4_repl2	_MV4	AASVVQPQPLVVVKEEK_37.9	1
_MV4_sampleBRD4_repl2	_MV4	AASVVQPQPLVVVKEEK_22	1
_MV4_sampleBRD4_repl2	_MV4	PVIRPPEQNAPPPGAPDKDK_-49.5	1
_MV4_sampleBRD4_repl2	_MV4	SSSDSFEQFR_1	1
_MV4_sampleBRD4_repl2	_MV4	SEPFSPSLRPEPPKHPESIK_42	1
_MV4_sampleBRD4_repl2	_MV4	QEQQQQQQQQAAAVAAAATPQAQSSQPQSMLDQQR_0	27
_MV4_sampleBRD4_repl2	_MV4	QEQQQQQQQQAAAVAAAATPQAQSSQPQSMLDQQR_17	10
_MV4_sampleBRD4_repl2	_MV4	QEQQQQQQQQAAAVAAAATPQAQSSQPQSMLDQQR_53.9	4
_MV4_sampleBRD4_repl2	_MV4	QEQQQQQRQEQQQQQQQQAAAVAAAATPQAQSSQPQSMLDQQR_148.1	1
_MV4_sampleBRD4_repl2	_MV4	SVVQPQPLVVVK_0	2
_MV4_sampleBRD4_repl2	_MV4	NMGSWASLVQK_0	38
_MV4_sampleBRD4_repl2	_MV4	AASVVQPQPLVVVK_0	10
_MV4_sampleBRD4_repl2	_MV4	AASVVQPQPLVVVK_53.9	2
_MV4_sampleBRD4_repl2	_MV4	AASVVQPQPLVVVK_22	2
_MV4_sampleBRD4_repl2	_MV4	AASVVQPQPLVVVK_37.9	1
_MV4_sampleBRD4_repl2	_MV4	EAPSPLMIHSPQMSQFQSLTHQSPPQQNVQPK_0	9
_MV4_sampleBRD4_repl2	_MV4	LNLPDYYK_0	1
_MV4_sampleBRD4_repl2	_MV4	EAPSPLMIHSPQMSQFQSLTHQSPPQQNVQPK_32	1
_MV4_sampleBRD4_repl2	_MV4	AASVVQPQPLVVVK_1	2
_MV4_sampleBRD4_repl2	_MV4	NMGSWASLVQK_-3.7	1
_MV4_sampleBRD4_repl2	_MV4	VQPPTPLLPSVK_0	5
_MV4_sampleBRD4_repl2	_MV4	AASVVQPQPLVVVKEEK_183	1
_MV4_sampleBRD4_repl2	_MV4	QEQQQQQQQQAAAVAAAATPQAQSSQPQSMLDQQR_37.9	1
_MV4_sampleBRD4_repl2	_MV4	EAPSPLMIHSPQMSQFQSLTHQSPPQQNVQPK_80	12
_MV4_sampleBRD4_repl2	_MV4	MGSWASLVQK_0	1
_MV4_sampleBRD4_repl2	_MV4	ADTTTPTTIDPIHEPPSLPPEPK_0	4
_MV4_sampleBRD4_repl2	_MV4	AASVVQPQPLVVVKEEK_42	3
_MV4_sampleBRD4_repl2	_MV4	QEQQQQQQQQAAAVAAAATPQAQSSQPQSMLDQQR_-17	7
_MV4_sampleBRD4_repl2	_MV4	SSSDSFEQFR_42	1
_MV4_sampleBRD4_repl2	_MV4	SSSDSFEQFRR_-114.1	2
_MV4_sampleBRD4_repl2	_MV4	NMGSWASLVQK_42	2
_MV4_sampleBRD4_repl2	_MV4	NMGSWASLVQK_17	1
_MV4_sampleBRD4_repl2	_MV4	NSNPDEIEIDFETLKPSTLR_0	1
_MV4_sampleBRD4_repl3	_MV4	PQQVIQHHHSPR_0	7
_MV4_sampleBRD4_repl3	_MV4	AQAEHAEKEK_183	4
_MV4_sampleBRD4_repl3	_MV4	PQQVIQHHHSPR_80	4
_MV4_sampleBRD4_repl3	_MV4	HPTTPSSTAK_239.1	4
_MV4_sampleBRD4_repl3	_MV4	DVPDSQQHPAPEK_0	4
_MV4_sampleBRD4_repl3	_MV4	RSREDEDALEQAR_0	4
_MV4_sampleBRD4_repl3	_MV4	SDPYSTGHLR_0	22
_MV4_sampleBRD4_repl3	_MV4	APVHLPQRPEMK_476.2	4
_MV4_sampleBRD4_repl3	_MV4	PPEQNAPPPGAPDKDK_269.2	22
_MV4_sampleBRD4_repl3	_MV4	APVHLPQRPEMK_0	18
_MV4_sampleBRD4_repl3	_MV4	SREDEDALEQAR_0	11
_MV4_sampleBRD4_repl3	_MV4	SREDEDALEQAR_24	4
_MV4_sampleBRD4_repl3	_MV4	SREDEDALEQAR_37.9	4
_MV4_sampleBRD4_repl3	_MV4	SREDEDALEQAR_53.9	4
_MV4_sampleBRD4_repl3	_MV4	SREDEDALEQAR_1	4
_MV4_sampleBRD4_repl3	_MV4	PPEQNAPPPGAPDK_269.2	15
_MV4_sampleBRD4_repl3	_MV4	AVHEQLAALSQPQQNKPK_16	4
_MV4_sampleBRD4_repl3	_MV4	AVHEQLAALSQPQQNKPK_0	4
_MV4_sampleBRD4_repl3	_MV4	PVIRPPEQNAPPPGAPDKDK_0	30
_MV4_sampleBRD4_repl3	_MV4	PVIRPPEQNAPPPGAPDKDK_-6	4
_MV4_sampleBRD4_repl3	_MV4	APVHLPQRPEMKPVDVGR_0	18
_MV4_sampleBRD4_repl3	_MV4	SSSDSFEQFRR_0	30
_MV4_sampleBRD4_repl3	_MV4	SDPYSTGHLR_183	11
_MV4_sampleBRD4_repl3	_MV4	PVIRPPEQNAPPPGAPDK_0	30
_MV4_sampleBRD4_repl3	_MV4	PVIRPPEQNAPPPGAPDKDK_427.2	4
_MV4_sampleBRD4_repl3	_MV4	PVIRPPEQNAPPPGAPDK_1	7
_MV4_sampleBRD4_repl3	_MV4	PVDVGRPVIRPPEQNAPPPGAPDKDK_0	4
_MV4_sampleBRD4_repl3	_MV4	PVIRPPEQNAPPPGAPDK_12	4
_MV4_sampleBRD4_repl3	_MV4	SEPFSPSLRPEPPKHPESIK_0	30
_MV4_sampleBRD4_repl3	_MV4	PVDVGRPVIRPPEQNAPPPGAPDK_0	11
_MV4_sampleBRD4_repl3	_MV4	SSSDSFEQFR_334.3	4
_MV4_sampleBRD4_repl3	_MV4	SEPFSPSLRPEPPK_0	22
_MV4_sampleBRD4_repl3	_MV4	NMGSWASLVQK_4	4
_MV4_sampleBRD4_repl3	_MV4	SSSDSFEQFR_37.9	11
_MV4_sampleBRD4_repl3	_MV4	SEPFSPSLRPEPPKHPESIK_80	4
_MV4_sampleBRD4_repl3	_MV4	HPTTPSSTAKSSSDSFEQFR_182	4
_MV4_sampleBRD4_repl3	_MV4	AASVVQPQPLVVVKEEK_0	4
_MV4_sampleBRD4_repl3	_MV4	KQELRAASVVQPQPLVVVK_0	4
_MV4_sampleBRD4_repl3	_MV4	AASVVQPQPLVVVK_0	11
_MV4_sampleBRD4_repl3	_MV4	AASVVQPQPLVVVK_53.9	7
_MV4_sampleBRD4_repl3	_MV4	EAPSPLMIHSPQMSQFQSLTHQSPPQQNVQPK_32	4
_MV4_sampleBRD4_repl3	_MV4	EAPSPLMIHSPQMSQFQSLTHQSPPQQNVQPK_80	4
