MEG_1	MEG	PQQVIQHHHSPR_0	1
MEG_1	MEG	PQQVIQHHHSPR_80	1
MEG_1	MEG	PEPPKHPESIK_156.1	1
MEG_1	MEG	DVPDSQQHPAPEK_0	1
MEG_1	MEG	SKPPPTYESEEEDK_0	1
MEG_1	MEG	SDPYSTGHLR_0	2
MEG_1	MEG	APVHLPQRPEMK_0	1
MEG_1	MEG	SKPPPTYESEEEDK_80	1
MEG_1	MEG	SREDEDALEQAR_0	1
MEG_1	MEG	PVIRPPEQNAPPPGAPDKDK_156.1	1
MEG_1	MEG	AVHEQLAALSQPQQNKPK_32	1
MEG_1	MEG	AVHEQLAALSQPQQNKPK_16	2
MEG_1	MEG	AVHEQLAALSQPQQNKPK_0	4
MEG_1	MEG	AVHEQLAALSQPQQNKPK_37.9	1
MEG_1	MEG	YNPPDHEVVAMAR_0	1
MEG_1	MEG	PVIRPPEQNAPPPGAPDK_156.1	1
MEG_1	MEG	PVIRPPEQNAPPPGAPDKDK_0	3
MEG_1	MEG	AVHEQLAALSQPQQNKPK_17	1
MEG_1	MEG	AVHEQLAALSQPQQNKPK_1	1
MEG_1	MEG	APVHLPQRPEMKPVDVGR_0	2
MEG_1	MEG	SSSDSFEQFRR_0	2
MEG_1	MEG	SDPYSTGHLR_183	1
MEG_1	MEG	PVIRPPEQNAPPPGAPDK_0	2
MEG_1	MEG	PVDVGRPVIRPPEQNAPPPGAPDKDK_0	1
MEG_1	MEG	SEPFSPSLRPEPPKHPESIK_0	3
MEG_1	MEG	KLQDVFEMR_0	1
MEG_1	MEG	PVDVGRPVIRPPEQNAPPPGAPDK_0	1
MEG_1	MEG	SEPFSPSLRPEPPK_0	1
MEG_1	MEG	SVVQPQPLVVVKEEK_0	1
MEG_1	MEG	SEPFSPSLRPEPPKHPESIK_80	1
MEG_1	MEG	RQLSLDINKLPGEK_0	1
MEG_1	MEG	AASVVQPQPLVVVKEEK_0	1
MEG_1	MEG	KQELRAASVVQPQPLVVVK_0	1
MEG_1	MEG	QEQQQQQQQQAAAVAAAATPQAQSSQPQSMLDQQR_0	1
MEG_1	MEG	KADTTTPTTIDPIHEPPSLPPEPK_0	2
MEG_1	MEG	AASVVQPQPLVVVK_0	1
MEG_1	MEG	AASVVQPQPLVVVK_53.9	1
MEG_1	MEG	SEPFSPSLRPEPPK_80	1
MEG_1	MEG	QLSLDINKLPGEK_0	1
MEG_1	MEG	MPDEPEEPVVAVSSPAVPPPTK_0	2
MEG_1	MEG	MPDEPEEPVVAVSSPAVPPPTK_17	1
MEG_1	MEG	VQPPTPLLPSVK_0	1
MEG_1	MEG	ADTTTPTTIDPIHEPPSLPPEPK_0	3
MEG_1	MEG	MPDEPEEPVVAVSSPAVPPPTK_80	1
MEG_1	MEG	INELPTEETEIMIVQAK_0	1
MEG_2	MEG	HPTTPSSTAK_0	1
MEG_2	MEG	PQQVIQHHHSPR_0	1
MEG_2	MEG	KDVPDSQQHPAPEK_0	1
MEG_2	MEG	DVPDSQQHPAPEK_0	2
MEG_2	MEG	SKPPPTYESEEEDK_0	1
MEG_2	MEG	VVHIIQSR_0	1
MEG_2	MEG	SDPYSTGHLR_0	2
MEG_2	MEG	VDVIAGSSK_0	1
MEG_2	MEG	APVHLPQRPEMK_0	1
MEG_2	MEG	IHSPIIR_0	1
MEG_2	MEG	SREDEDALEQAR_0	1
MEG_2	MEG	PVIRPPEQNAPPPGAPDKDK_156.1	1
MEG_2	MEG	AVHEQLAALSQPQQNKPK_32	1
MEG_2	MEG	AVHEQLAALSQPQQNKPK_16	1
MEG_2	MEG	AVHEQLAALSQPQQNKPK_0	2
MEG_2	MEG	YNPPDHEVVAMAR_0	1
MEG_2	MEG	PVIRPPEQNAPPPGAPDKDK_0	1
MEG_2	MEG	AVHEQLAALSQPQQNKPK_1	1
MEG_2	MEG	APVHLPQRPEMKPVDVGR_0	1
MEG_2	MEG	RQLSLDINK_0	1
MEG_2	MEG	SSSDSFEQFRR_0	1
MEG_2	MEG	SDPYSTGHLR_183	1
MEG_2	MEG	PVIRPPEQNAPPPGAPDK_0	2
MEG_2	MEG	PVDVGRPVIRPPEQNAPPPGAPDKDK_0	1
MEG_2	MEG	SEPFSPSLRPEPPKHPESIK_0	2
MEG_2	MEG	SSSDSFEQFR_0	2
MEG_2	MEG	PVDVGRPVIRPPEQNAPPPGAPDK_0	1
MEG_2	MEG	NMGSWASLVQK_32	1
MEG_2	MEG	NMGSWASLVQK_4	1
MEG_2	MEG	SEPFSPSLRPEPPK_0	2
MEG_2	MEG	LQDVFEMR_0	1
MEG_2	MEG	SEPFSPSLRPEPPKHPESIK_80	1
MEG_2	MEG	NMGSWASLVQK_0	5
MEG_2	MEG	AASVVQPQPLVVVKEEK_0	1
MEG_2	MEG	SVVQPQPLVVVK_0	1
MEG_2	MEG	AASVVQPQPLVVVK_0	2
MEG_2	MEG	KADTTTPTTIDPIHEPPSLPPEPK_0	1
MEG_2	MEG	VQPPTPLLPSVK_0	3
MEG_2	MEG	MPDEPEEPVVAVSSPAVPPPTK_0	2
MEG_2	MEG	MPDEPEEPVVAVSSPAVPPPTK_17	1
MEG_2	MEG	ADTTTPTTIDPIHEPPSLPPEPK_0	2
MEG_2	MEG	MPDEPEEPVVAVSSPAVPPPTK_80	1
MEG_3	MEG	PQQVIQHHHSPR_0	1
MEG_3	MEG	PQQVIQHHHSPR_80	1
MEG_3	MEG	DVPDSQQHPAPEK_0	1
MEG_3	MEG	SKPPPTYESEEEDK_0	1
MEG_3	MEG	SDPYSTGHLR_0	1
MEG_3	MEG	APVHLPQRPEMK_0	2
MEG_3	MEG	SREDEDALEQAR_0	1
MEG_3	MEG	PVIRPPEQNAPPPGAPDKDK_156.1	1
MEG_3	MEG	AVHEQLAALSQPQQNKPK_32	1
MEG_3	MEG	AVHEQLAALSQPQQNKPK_16	2
MEG_3	MEG	AVHEQLAALSQPQQNKPK_53.9	1
MEG_3	MEG	AVHEQLAALSQPQQNKPK_0	3
MEG_3	MEG	YNPPDHEVVAMAR_0	1
MEG_3	MEG	PVIRPPEQNAPPPGAPDKDK_0	1
MEG_3	MEG	AVHEQLAALSQPQQNKPK_17	1
MEG_3	MEG	AVHEQLAALSQPQQNKPK_1	1
MEG_3	MEG	APVHLPQRPEMKPVDVGR_0	2
MEG_3	MEG	SSSDSFEQFRR_0	2
MEG_3	MEG	SDPYSTGHLR_183	1
MEG_3	MEG	PVIRPPEQNAPPPGAPDK_0	2
MEG_3	MEG	SEPFSPSLRPEPPKHPESIK_0	3
MEG_3	MEG	PVDVGRPVIRPPEQNAPPPGAPDK_0	2
MEG_3	MEG	SEPFSPSLRPEPPK_0	1
MEG_3	MEG	SEPFSPSLRPEPPKHPESIK_80	1
MEG_3	MEG	RQLSLDINKLPGEK_0	1
MEG_3	MEG	QEQQQQQQQQAAAVAAAATPQAQSSQPQSMLDQQR_0	1
MEG_3	MEG	KADTTTPTTIDPIHEPPSLPPEPK_0	3
MEG_3	MEG	MPDEPEEPVVAVSSPAVPPPTK_0	2
MEG_3	MEG	MPDEPEEPVVAVSSPAVPPPTK_17	1
MEG_3	MEG	VQPPTPLLPSVK_0	1
MEG_3	MEG	ADTTTPTTIDPIHEPPSLPPEPK_0	3
MEG_3	MEG	MPDEPEEPVVAVSSPAVPPPTK_80	1
MEG_3	MEG	ADTTTPTTIDPIHEPPSLPPEPK_80	1
MOLM_1	MOLM	HPTTPSSTAK_256.2	1
MOLM_1	MOLM	HPTTPSSTAK_0	2
MOLM_1	MOLM	AQAEHAEKEK_183	1
MOLM_1	MOLM	HPTTPSSTAK_239.1	1
MOLM_1	MOLM	DVPDSQQHPAPEK_0	2
MOLM_1	MOLM	RSREDEDALEQAR_0	1
MOLM_1	MOLM	VVHIIQSR_0	1
MOLM_1	MOLM	SREDEDALEQARR_0	1
MOLM_1	MOLM	SDPYSTGHLR_0	2
MOLM_1	MOLM	PPEQNAPPPGAPDKDK_269.2	4
MOLM_1	MOLM	IHSPIIR_0	1
MOLM_1	MOLM	SREDEDALEQAR_0	4
MOLM_1	MOLM	PVIRPPEQNAPPPGAPDKDK_213.1	1
MOLM_1	MOLM	PPEQNAPPPGAPDK_269.2	2
MOLM_1	MOLM	AVHEQLAALSQPQQNKPK_0	1
MOLM_1	MOLM	EDEDALEQAR_0	2
MOLM_1	MOLM	PVIRPPEQNAPPPGAPDKDK_0	2
MOLM_1	MOLM	PVIRPPEQNAPPPGAPDKDK_-6	1
MOLM_1	MOLM	SSSDSFEQFRR_0	3
MOLM_1	MOLM	PVIRPPEQNAPPPGAPDKDK_427.2	2
MOLM_1	MOLM	PVIRPPEQNAPPPGAPDK_0	2
MOLM_1	MOLM	PVIRPPEQNAPPPGAPDK_427.2	1
MOLM_1	MOLM	SEPFSPSLRPEPPKHPESIK_0	2
MOLM_1	MOLM	LAELQEQLK_0	1
MOLM_1	MOLM	PVDVGRPVIRPPEQNAPPPGAPDK_0	1
MOLM_1	MOLM	SSDSFEQFR_0	1
MOLM_1	MOLM	SSSDSFEQFR_0	5
MOLM_1	MOLM	SSSDSFEQFR_37.9	1
MOLM_1	MOLM	SSSDSFEQFR_22	1
MOLM_1	MOLM	SEPFSPSLRPEPPK_0	2
MOLM_1	MOLM	LQDVFEMR_0	1
MOLM_1	MOLM	SVVQPQPLVVVKEEK_0	1
MOLM_1	MOLM	QEQQQQQQQQAAAVAAAATPQAQSSQPQSMLDQQR_0	2
MOLM_1	MOLM	SVVQPQPLVVVK_0	2
MOLM_1	MOLM	NMGSWASLVQK_0	7
MOLM_1	MOLM	AASVVQPQPLVVVK_0	3
MOLM_1	MOLM	AASVVQPQPLVVVK_-0.1	1
MOLM_1	MOLM	LNLPDYYK_0	1
MOLM_1	MOLM	VQPPTPLLPSVK_0	1
MOLM_1	MOLM	SSSDSFEQFR_42	1
MOLM_1	MOLM	SSSDSFEQFRR_-114.1	1
MOLM_2	MOLM	HPTTPSSTAK_256.2	1
MOLM_2	MOLM	HPTTPSSTAK_0	3
MOLM_2	MOLM	HPTTPSSTAK_239.1	1
MOLM_2	MOLM	DVPDSQQHPAPEK_0	1
MOLM_2	MOLM	SREDEDALEQARR_0	1
MOLM_2	MOLM	SDPYSTGHLR_0	2
MOLM_2	MOLM	PPEQNAPPPGAPDKDK_269.2	6
MOLM_2	MOLM	SREDEDALEQAR_0	6
MOLM_2	MOLM	PPEQNAPPPGAPDK_269.2	2
MOLM_2	MOLM	AVHEQLAALSQPQQNKPK_0	2
MOLM_2	MOLM	EDEDALEQAR_0	2
MOLM_2	MOLM	PVIRPPEQNAPPPGAPDKDK_0	3
MOLM_2	MOLM	PVIRPPEQNAPPPGAPDKDK_-6	1
MOLM_2	MOLM	RQLSLDINK_0	1
MOLM_2	MOLM	SSSDSFEQFRR_0	5
MOLM_2	MOLM	PVIRPPEQNAPPPGAPDKDK_427.2	1
MOLM_2	MOLM	PVIRPPEQNAPPPGAPDK_0	3
MOLM_2	MOLM	SEPFSPSLRPEPPKHPESIK_0	2
MOLM_2	MOLM	SSDSFEQFR_0	1
MOLM_2	MOLM	SSSDSFEQFR_0	5
MOLM_2	MOLM	SEPFSPSLRPEPPK_0	2
MOLM_2	MOLM	SSSDSFEQFR_4.2	1
MOLM_2	MOLM	QEQQQQQQQQAAAVAAAATPQAQSSQPQSMLDQQR_0	1
MOLM_2	MOLM	SVVQPQPLVVVK_0	2
MOLM_2	MOLM	NMGSWASLVQK_0	6
MOLM_2	MOLM	AASVVQPQPLVVVK_0	2
MOLM_2	MOLM	VQPPTPLLPSVK_0	1
MOLM_2	MOLM	VQPPTPLLPSVK_-0.1	1
MOLM_3	MOLM	HPTTPSSTAK_0	2
MOLM_3	MOLM	HPTTPSSTAK_239.1	2
MOLM_3	MOLM	DVPDSQQHPAPEK_0	2
MOLM_3	MOLM	SREDEDALEQARR_0	1
MOLM_3	MOLM	SDPYSTGHLR_0	2
MOLM_3	MOLM	PPEQNAPPPGAPDKDK_269.2	5
MOLM_3	MOLM	SREDEDALEQAR_0	5
MOLM_3	MOLM	SREDEDALEQAR_1	1
MOLM_3	MOLM	PPEQNAPPPGAPDK_269.2	2
MOLM_3	MOLM	AVHEQLAALSQPQQNKPK_0	1
MOLM_3	MOLM	EDEDALEQAR_0	2
MOLM_3	MOLM	PVIRPPEQNAPPPGAPDKDK_0	2
MOLM_3	MOLM	RQLSLDINK_0	1
MOLM_3	MOLM	SSSDSFEQFRR_0	4
MOLM_3	MOLM	PVIRPPEQNAPPPGAPDKDK_427.2	2
MOLM_3	MOLM	PVIRPPEQNAPPPGAPDK_0	2
MOLM_3	MOLM	PVIRPPEQNAPPPGAPDK_427.2	1
MOLM_3	MOLM	SREDEDALEQAR_42	1
MOLM_3	MOLM	SEPFSPSLRPEPPKHPESIK_0	2
MOLM_3	MOLM	LAELQEQLK_0	1
MOLM_3	MOLM	PVDVGRPVIRPPEQNAPPPGAPDK_0	2
MOLM_3	MOLM	SSDSFEQFR_0	1
MOLM_3	MOLM	SSSDSFEQFR_0	5
MOLM_3	MOLM	SSSDSFEQFR_37.9	1
MOLM_3	MOLM	SEPFSPSLRPEPPK_0	2
MOLM_3	MOLM	SSSDSFEQFR_4.2	1
MOLM_3	MOLM	LQDVFEMR_0	1
MOLM_3	MOLM	SVVQPQPLVVVKEEK_0	1
MOLM_3	MOLM	QEQQQQQQQQAAAVAAAATPQAQSSQPQSMLDQQR_0	2
MOLM_3	MOLM	SVVQPQPLVVVK_0	1
MOLM_3	MOLM	NMGSWASLVQK_0	7
MOLM_3	MOLM	AASVVQPQPLVVVK_0	2
MOLM_3	MOLM	AASVVQPQPLVVVK_1	1
