HRAS_wt_1	HRAS_wt	KLNPPDESGPGCMSCK_0	27
HRAS_wt_1	HRAS_wt	KLNPPDESGPGCMSCK_1	5
HRAS_wt_1	HRAS_wt	LNPPDESGPGCMSCK_0	16
HRAS_wt_1	HRAS_wt	KLNPPDESGPGCMSCK_152	5
HRAS_wt_1	HRAS_wt	SFEDIHQYR_0.1	5
HRAS_wt_1	HRAS_wt	LNPPDESGPGCMSCK_-14	5
HRAS_wt_1	HRAS_wt	SFEDIHQYR_0	11
HRAS_wt_1	HRAS_wt	KLNPPDESGPGCMSCK_196	5
HRAS_wt_1	HRAS_wt	KLNPPDESGPGCMSCK_43	11
HRAS_wt_1	HRAS_wt	LVVVGAGGVGK_0	16
HRAS_wt_1	HRAS_wt	YDPTIEDSYR_0	5
HRAS_wt_1	HRAS_wt	SFEDIHQYR_196	5
HRAS_wt_1	HRAS_wt	VKDSDDVPMVLVGNK_0	59
HRAS_wt_1	HRAS_wt	LNPPDESGPGCMSCK_43	5
HRAS_wt_1	HRAS_wt	SFEDIHQYR_43	5
HRAS_wt_1	HRAS_wt	LVVVGAGGVGK_196	5
HRAS_wt_1	HRAS_wt	VKDSDDVPMVLVGNKCDLAAR_0	11
HRAS_wt_1	HRAS_wt	DSDDVPMVLVGNK_0	27
HRAS_wt_1	HRAS_wt	VKDSDDVPMVLVGNKCDLAAR_-9	5
HRAS_wt_1	HRAS_wt	VKDSDDVPMVLVGNK_-17	5
HRAS_wt_1	HRAS_wt	VKDSDDVPMVLVGNK_22	5
HRAS_wt_1	HRAS_wt	DSDDVPMVLVGNKCDLAAR_0	11
HRAS_wt_1	HRAS_wt	VKDSDDVPMVLVGNK_43	16
HRAS_wt_1	HRAS_wt	VKDSDDVPMVLVGNK_196	5
HRAS_wt_1	HRAS_wt	SDDVPMVLVGNK_0	5
HRAS_wt_1	HRAS_wt	DSDDVPMVLVGNK_22	5
HRAS_wt_1	HRAS_wt	SYGIPYIETSAK_0	16
HRAS_wt_1	HRAS_wt	LVVVGAGGVGK_43	16
HRAS_wt_1	HRAS_wt	VKDSDDVPMVLVGNKCDLAAR_43	5
HRAS_wt_1	HRAS_wt	TRQGVEDAFYTLVR_0	16
HRAS_wt_1	HRAS_wt	DSDDVPMVLVGNK_43	5
HRAS_wt_1	HRAS_wt	SALTIQLIQNHFVDEYDPTIEDSYRK_1	5
HRAS_wt_1	HRAS_wt	QGVEDAFYTLVR_0	11
HRAS_wt_1	HRAS_wt	QGVEDAFYTLVR_37.9	5
HRAS_wt_1	HRAS_wt	SALTIQLIQNHFVDEYDPTIEDSYRK_0	27
HRAS_wt_1	HRAS_wt	SALTIQLIQNHFVDEYDPTIEDSYRK_-17	5
HRAS_wt_1	HRAS_wt	SALTIQLIQNHFVDEYDPTIEDSYRK_52.9	5
HRAS_wt_1	HRAS_wt	TRQGVEDAFYTLVR_43	5
HRAS_wt_1	HRAS_wt	TGEGFLCVFAINNTK_16	5
HRAS_wt_1	HRAS_wt	SALTIQLIQNHFVDEYDPTIEDSYRK_2	5
HRAS_wt_1	HRAS_wt	TGEGFLCVFAINNTK_0	22
HRAS_wt_1	HRAS_wt	SALTIQLIQNHFVDEYDPTIEDSYRK_196	5
HRAS_wt_1	HRAS_wt	SALTIQLIQNHFVDEYDPTIEDSYR_-17	5
HRAS_wt_1	HRAS_wt	SALTIQLIQNHFVDEYDPTIEDSYR_0	16
HRAS_wt_1	HRAS_wt	SALTIQLIQNHFVDEYDPTIEDSYR_52.9	5
HRAS_wt_1	HRAS_wt	SALTIQLIQNHFVDEYDPTIEDSYR_22	5
HRAS_wt_1	HRAS_wt	SALTIQLIQNHFVDEYDPTIEDSYR_1	5
HRAS_wt_1	HRAS_wt	TGEGFLCVFAINNTK_-14	5
HRAS_wt_1	HRAS_wt	TGEGFLCVFAINNTK_196	5
HRAS_wt_1	HRAS_wt	QGVEDAFYTLVR_-17	11
HRAS_wt_1	HRAS_wt	QVVIDGETCLLDILDTAGQEEYSAMR_0	32
HRAS_wt_1	HRAS_wt	SALTIQLIQNHFVDEYDPTIEDSYRK_43	11
HRAS_wt_1	HRAS_wt	QGVEDAFYTLVR_43	5
HRAS_wt_1	HRAS_wt	KQVVIDGETCLLDILDTAGQEEYSAMR_0	11
HRAS_wt_1	HRAS_wt	TGEGFLCVFAINNTK_43	5
HRAS_wt_1	HRAS_wt	SALTIQLIQNHFVDEYDPTIEDSYR_43	5
HRAS_wt_1	HRAS_wt	QVVIDGETCLLDILDTAGQEEYSAMR_22	11
HRAS_wt_1	HRAS_wt	QVVIDGETCLLDILDTAGQEEYSAMR_-18	5
HRAS_wt_1	HRAS_wt	QVVIDGETCLLDILDTAGQEEYSAMR_52.9	11
HRAS_wt_1	HRAS_wt	QVVIDGETCLLDILDTAGQEEYSAMR_37.9	5
HRAS_wt_1	HRAS_wt	QVVIDGETCLLDILDTAGQEEYSAMR_1	16
HRAS_wt_1	HRAS_wt	KQVVIDGETCLLDILDTAGQEEYSAMR_43	5
HRAS_wt_1	HRAS_wt	QVVIDGETCLLDILDTAGQEEYSAMR_-17	11
HRAS_wt_1	HRAS_wt	QVVIDGETCLLDILDTAGQEEYSAMR_43	11
HRAS_wt_2	HRAS_wt	TVESRQAQDLAR_0	4
HRAS_wt_2	HRAS_wt	KLNPPDESGPGCMSCK_0	30
HRAS_wt_2	HRAS_wt	QAQDLAR_-17	4
HRAS_wt_2	HRAS_wt	KLNPPDESGPGCMSCK_52.9	4
HRAS_wt_2	HRAS_wt	LNPPDESGPGCMSCK_0	13
HRAS_wt_2	HRAS_wt	SFEDIHQYR_0	22
HRAS_wt_2	HRAS_wt	KLNPPDESGPGCMSCK_43	13
HRAS_wt_2	HRAS_wt	LVVVGAGGVGK_1	4
HRAS_wt_2	HRAS_wt	LVVVGAGGVGK_0	17
HRAS_wt_2	HRAS_wt	LVVVGAGGVGK_22	4
HRAS_wt_2	HRAS_wt	LVVVGAGGVGK_0.8	4
HRAS_wt_2	HRAS_wt	VKDSDDVPMVLVGNK_0	39
HRAS_wt_2	HRAS_wt	LNPPDESGPGCMSCK_43	4
HRAS_wt_2	HRAS_wt	SFEDIHQYR_43	4
HRAS_wt_2	HRAS_wt	VKDSDDVPMVLVGNKCDLAAR_0	9
HRAS_wt_2	HRAS_wt	DSDDVPMVLVGNK_0	22
HRAS_wt_2	HRAS_wt	VKDSDDVPMVLVGNK_22	9
HRAS_wt_2	HRAS_wt	VKDSDDVPMVLVGNK_6	4
HRAS_wt_2	HRAS_wt	VKDSDDVPMVLVGNK_446.3	4
HRAS_wt_2	HRAS_wt	VKDSDDVPMVLVGNK_43	13
HRAS_wt_2	HRAS_wt	SDDVPMVLVGNK_0	4
HRAS_wt_2	HRAS_wt	VKDSDDVPMVLVGNK_-18	4
HRAS_wt_2	HRAS_wt	SYGIPYIETSAK_0	13
HRAS_wt_2	HRAS_wt	DSDDVPMVLVGNK_22	4
HRAS_wt_2	HRAS_wt	SYGIPYIETSAK_43	9
HRAS_wt_2	HRAS_wt	DSDDVPMVLVGNKCDLAAR_0	4
HRAS_wt_2	HRAS_wt	KLNPPDESGPGCMSCK_165.1	4
HRAS_wt_2	HRAS_wt	LVVVGAGGVGK_43	13
HRAS_wt_2	HRAS_wt	VKDSDDVPMVLVGNKCDLAAR_43	4
HRAS_wt_2	HRAS_wt	TRQGVEDAFYTLVR_0	9
HRAS_wt_2	HRAS_wt	DSDDVPMVLVGNK_43	4
HRAS_wt_2	HRAS_wt	SALTIQLIQNHFVDEYDPTIEDSYRK_1	9
HRAS_wt_2	HRAS_wt	QGVEDAFYTLVR_0	9
HRAS_wt_2	HRAS_wt	QGVEDAFYTLVR_37.9	4
HRAS_wt_2	HRAS_wt	QGVEDAFYTLVR_22	4
HRAS_wt_2	HRAS_wt	QGVEDAFYTLVR_44	4
HRAS_wt_2	HRAS_wt	SALTIQLIQNHFVDEYDPTIEDSYRK_0	26
HRAS_wt_2	HRAS_wt	SALTIQLIQNHFVDEYDPTIEDSYRK_-17	4
HRAS_wt_2	HRAS_wt	SALTIQLIQNHFVDEYDPTIEDSYRK_281.1	4
HRAS_wt_2	HRAS_wt	TRQGVEDAFYTLVR_43	4
HRAS_wt_2	HRAS_wt	TGEGFLCVFAINNTK_0	17
HRAS_wt_2	HRAS_wt	TGEGFLCVFAINNTK_37.9	4
HRAS_wt_2	HRAS_wt	SALTIQLIQNHFVDEYDPTIEDSYR_1	4
HRAS_wt_2	HRAS_wt	SALTIQLIQNHFVDEYDPTIEDSYR_-17	4
HRAS_wt_2	HRAS_wt	SALTIQLIQNHFVDEYDPTIEDSYR_0	17
HRAS_wt_2	HRAS_wt	SALTIQLIQNHFVDEYDPTIEDSYR_22	9
HRAS_wt_2	HRAS_wt	SALTIQLIQNHFVDEYDPTIEDSYR_53.9	4
HRAS_wt_2	HRAS_wt	TGEGFLCVFAINNTK_-14	4
HRAS_wt_2	HRAS_wt	SALTIQLIQNHFVDEYDPTIEDSYR_171.1	4
HRAS_wt_2	HRAS_wt	TGEGFLCVFAINNTK_-57	4
HRAS_wt_2	HRAS_wt	QGVEDAFYTLVR_-17	9
HRAS_wt_2	HRAS_wt	SALTIQLIQNHFVDEYDPTIEDSYRK_43	13
HRAS_wt_2	HRAS_wt	QGVEDAFYTLVR_43	4
HRAS_wt_2	HRAS_wt	KQVVIDGETCLLDILDTAGQEEYSAMR_0	9
HRAS_wt_2	HRAS_wt	QGVEDAFYTLVR_41.4	4
HRAS_wt_2	HRAS_wt	TGEGFLCVFAINNTK_43	9
HRAS_wt_2	HRAS_wt	TGEGFLCVFAINNTK_60	4
HRAS_wt_2	HRAS_wt	SALTIQLIQNHFVDEYDPTIEDSYR_43	4
HRAS_wt_2	HRAS_wt	QVVIDGETCLLDILDTAGQEEYSAMR_0	74
HRAS_wt_2	HRAS_wt	QVVIDGETCLLDILDTAGQEEYSAMR_22	4
HRAS_wt_2	HRAS_wt	QVVIDGETCLLDILDTAGQEEYSAMR_-18	4
HRAS_wt_2	HRAS_wt	QVVIDGETCLLDILDTAGQEEYSAMR_37.9	4
HRAS_wt_2	HRAS_wt	QVVIDGETCLLDILDTAGQEEYSAMR_52.9	4
HRAS_wt_2	HRAS_wt	KQVVIDGETCLLDILDTAGQEEYSAMR_43	4
HRAS_wt_2	HRAS_wt	QVVIDGETCLLDILDTAGQEEYSAMR_-57	4
HRAS_wt_2	HRAS_wt	QVVIDGETCLLDILDTAGQEEYSAMR_-17	13
HRAS_wt_2	HRAS_wt	QVVIDGETCLLDILDTAGQEEYSAMR_43	17
HRAS_wt_2	HRAS_wt	QVVIDGETCLLDILDTAGQEEYSAMR_43.1	4
HRAS_wt_2	HRAS_wt	QVVIDGETCLLDILDTAGQEEYSAMR_1	13
HRAS_wt_2	HRAS_wt	QVVIDGETCLLDILDTAGQEEYSAMR_1.3	4
HRAS_wt_2	HRAS_wt	QVVIDGETCLLDILDTAGQEEYSAMR_2	4
HRAS_wt_3	HRAS_wt	KLNPPDESGPGCMSCK_0	23
HRAS_wt_3	HRAS_wt	LNPPDESGPGCMSCK_0	15
HRAS_wt_3	HRAS_wt	KLNPPDESGPGCMSCK_52.9	4
HRAS_wt_3	HRAS_wt	KLNPPDESGPGCMSCK_22	4
HRAS_wt_3	HRAS_wt	LNPPDESGPGCMSCK_-14	4
HRAS_wt_3	HRAS_wt	SFEDIHQYR_0	11
HRAS_wt_3	HRAS_wt	SFEDIHQYR_-0.1	4
HRAS_wt_3	HRAS_wt	KLNPPDESGPGCMSCK_43	4
HRAS_wt_3	HRAS_wt	LVVVGAGGVGK_0	11
HRAS_wt_3	HRAS_wt	LVVVGAGGVGK_0.8	4
HRAS_wt_3	HRAS_wt	VKDSDDVPMVLVGNK_0	34
HRAS_wt_3	HRAS_wt	LNPPDESGPGCMSCK_43	4
HRAS_wt_3	HRAS_wt	SFEDIHQYR_43	4
HRAS_wt_3	HRAS_wt	VKDSDDVPMVLVGNKCDLAAR_0	8
HRAS_wt_3	HRAS_wt	DSDDVPMVLVGNK_0	23
HRAS_wt_3	HRAS_wt	VKDSDDVPMVLVGNKCDLAAR_-9	4
HRAS_wt_3	HRAS_wt	VKDSDDVPMVLVGNK_22	8
HRAS_wt_3	HRAS_wt	VKDSDDVPMVLVGNK_6	4
HRAS_wt_3	HRAS_wt	VKDSDDVPMVLVGNK_2	4
HRAS_wt_3	HRAS_wt	VKDSDDVPMVLVGNK_43	11
HRAS_wt_3	HRAS_wt	SDDVPMVLVGNK_0	4
HRAS_wt_3	HRAS_wt	SYGIPYIETSAK_0	8
HRAS_wt_3	HRAS_wt	DSDDVPMVLVGNK_22	8
HRAS_wt_3	HRAS_wt	VKDSDDVPMVLVGNKCDLAAR_-57	4
HRAS_wt_3	HRAS_wt	SYGIPYIETSAK_22	4
HRAS_wt_3	HRAS_wt	DSDDVPMVLVGNKCDLAAR_0	4
HRAS_wt_3	HRAS_wt	LVVVGAGGVGK_43	15
HRAS_wt_3	HRAS_wt	VKDSDDVPMVLVGNKCDLAAR_43	4
HRAS_wt_3	HRAS_wt	TRQGVEDAFYTLVR_0	8
HRAS_wt_3	HRAS_wt	DSDDVPMVLVGNK_43	4
HRAS_wt_3	HRAS_wt	QGVEDAFYTLVR_0	19
HRAS_wt_3	HRAS_wt	QGVEDAFYTLVR_37.9	4
HRAS_wt_3	HRAS_wt	QGVEDAFYTLVR_44	4
HRAS_wt_3	HRAS_wt	SALTIQLIQNHFVDEYDPTIEDSYRK_0	30
HRAS_wt_3	HRAS_wt	SALTIQLIQNHFVDEYDPTIEDSYRK_-17	8
HRAS_wt_3	HRAS_wt	SALTIQLIQNHFVDEYDPTIEDSYRK_52.9	4
HRAS_wt_3	HRAS_wt	SALTIQLIQNHFVDEYDPTIEDSYRK_280.1	4
HRAS_wt_3	HRAS_wt	TRQGVEDAFYTLVR_43	4
HRAS_wt_3	HRAS_wt	TGEGFLCVFAINNTK_0	15
HRAS_wt_3	HRAS_wt	TGEGFLCVFAINNTK_52.9	4
HRAS_wt_3	HRAS_wt	SALTIQLIQNHFVDEYDPTIEDSYRK_2	4
HRAS_wt_3	HRAS_wt	SALTIQLIQNHFVDEYDPTIEDSYR_52.9	8
HRAS_wt_3	HRAS_wt	SALTIQLIQNHFVDEYDPTIEDSYR_0	15
HRAS_wt_3	HRAS_wt	SALTIQLIQNHFVDEYDPTIEDSYR_22	4
HRAS_wt_3	HRAS_wt	SALTIQLIQNHFVDEYDPTIEDSYR_23	4
HRAS_wt_3	HRAS_wt	TGEGFLCVFAINNTK_-14	4
HRAS_wt_3	HRAS_wt	SALTIQLIQNHFVDEYDPTIEDSYR_171.1	4
HRAS_wt_3	HRAS_wt	TGEGFLCVFAINNTK_-57	4
HRAS_wt_3	HRAS_wt	QGVEDAFYTLVR_-17	4
HRAS_wt_3	HRAS_wt	SALTIQLIQNHFVDEYDPTIEDSYRK_43	8
HRAS_wt_3	HRAS_wt	TGEGFLCVFAINNTK_43	8
HRAS_wt_3	HRAS_wt	QGVEDAFYTLVR_43	4
HRAS_wt_3	HRAS_wt	KQVVIDGETCLLDILDTAGQEEYSAMR_0	15
HRAS_wt_3	HRAS_wt	KQVVIDGETCLLDILDTAGQEEYSAMR_52.9	4
HRAS_wt_3	HRAS_wt	KQVVIDGETCLLDILDTAGQEEYSAMR_22	4
HRAS_wt_3	HRAS_wt	KQVVIDGETCLLDILDTAGQEEYSAMR_53.9	4
HRAS_wt_3	HRAS_wt	KQVVIDGETCLLDILDTAGQEEYSAMR_1	4
HRAS_wt_3	HRAS_wt	SALTIQLIQNHFVDEYDPTIEDSYR_43	4
HRAS_wt_3	HRAS_wt	SALTIQLIQNHFVDEYDPTIEDSYR_65	4
HRAS_wt_3	HRAS_wt	QVVIDGETCLLDILDTAGQEEYSAMR_0	76
HRAS_wt_3	HRAS_wt	QVVIDGETCLLDILDTAGQEEYSAMR_22	8
HRAS_wt_3	HRAS_wt	QVVIDGETCLLDILDTAGQEEYSAMR_52.9	8
HRAS_wt_3	HRAS_wt	QVVIDGETCLLDILDTAGQEEYSAMRDQYMR_0	4
HRAS_wt_3	HRAS_wt	QVVIDGETCLLDILDTAGQEEYSAMR_-18	4
HRAS_wt_3	HRAS_wt	KQVVIDGETCLLDILDTAGQEEYSAMR_45	4
HRAS_wt_3	HRAS_wt	QVVIDGETCLLDILDTAGQEEYSAMR_-1	4
HRAS_wt_3	HRAS_wt	QVVIDGETCLLDILDTAGQEEYSAMR_5	4
HRAS_wt_3	HRAS_wt	QVVIDGETCLLDILDTAGQEEYSAMR_37.9	4
HRAS_wt_3	HRAS_wt	QVVIDGETCLLDILDTAGQEEYSAMR_43	19
HRAS_wt_3	HRAS_wt	QVVIDGETCLLDILDTAGQEEYSAMR_1	15
HRAS_wt_3	HRAS_wt	QVVIDGETCLLDILDTAGQEEYSAMR_28	4
HRAS_wt_3	HRAS_wt	QVVIDGETCLLDILDTAGQEEYSAMR_65	4
HRAS_wt_3	HRAS_wt	QVVIDGETCLLDILDTAGQEEYSAMR_97.9	4
HRAS_wt_3	HRAS_wt	QVVIDGETCLLDILDTAGQEEYSAMR_-17	8
HRAS_wt_3	HRAS_wt	QVVIDGETCLLDILDTAGQEEYSAMR_-16	8
HRAS_wt_3	HRAS_wt	QVVIDGETCLLDILDTAGQEEYSAMR_2	11
HRAS_wt_3	HRAS_wt	QVVIDGETCLLDILDTAGQEEYSAMR_44	4
HRAS_wt_3	HRAS_wt	QVVIDGETCLLDILDTAGQEEYSAMR_-14	4
HRAS_wt_3	HRAS_wt	QVVIDGETCLLDILDTAGQEEYSAMR_3	15
HRAS_g12d_1	HRAS_g12d	KLNPPDESGPGCMSCK_0	25
HRAS_g12d_1	HRAS_g12d	KLNPPDESGPGCMSCK_52.9	4
HRAS_g12d_1	HRAS_g12d	LNPPDESGPGCMSCK_0	12
HRAS_g12d_1	HRAS_g12d	KLNPPDESGPGCMSCK_152	4
HRAS_g12d_1	HRAS_g12d	LNPPDESGPGCMSCK_-14	4
HRAS_g12d_1	HRAS_g12d	FEDIHQYR_0	4
HRAS_g12d_1	HRAS_g12d	SFEDIHQYR_0	8
HRAS_g12d_1	HRAS_g12d	KLNPPDESGPGCMSCK_43	12
HRAS_g12d_1	HRAS_g12d	LNPPDESGPGCMSCK_152	4
HRAS_g12d_1	HRAS_g12d	LNPPDESGPGCMSCK_154.1	4
HRAS_g12d_1	HRAS_g12d	LNPPDESGPGCMSCK_196	4
HRAS_g12d_1	HRAS_g12d	LVVVGAGGVGK_0	4
HRAS_g12d_1	HRAS_g12d	SFEDIHQYR_196	4
HRAS_g12d_1	HRAS_g12d	LVVVGAGGVGK_80	4
HRAS_g12d_1	HRAS_g12d	VKDSDDVPMVLVGNK_0	25
HRAS_g12d_1	HRAS_g12d	LVVVGAGGVGK_58	4
HRAS_g12d_1	HRAS_g12d	LNPPDESGPGCMSCK_43	4
HRAS_g12d_1	HRAS_g12d	SFEDIHQYR_43	4
HRAS_g12d_1	HRAS_g12d	VKDSDDVPMVLVGNKCDLAAR_0	12
HRAS_g12d_1	HRAS_g12d	DSDDVPMVLVGNK_0	20
HRAS_g12d_1	HRAS_g12d	VKDSDDVPMVLVGNKCDLAAR_-9	4
HRAS_g12d_1	HRAS_g12d	VKDSDDVPMVLVGNK_22	4
HRAS_g12d_1	HRAS_g12d	VKDSDDVPMVLVGNK_215.1	4
HRAS_g12d_1	HRAS_g12d	VKDSDDVPMVLVGNK_6	4
HRAS_g12d_1	HRAS_g12d	VKDSDDVPMVLVGNK_28	4
HRAS_g12d_1	HRAS_g12d	VKDSDDVPMVLVGNK_43	20
HRAS_g12d_1	HRAS_g12d	VKDSDDVPMVLVGNK_196	4
HRAS_g12d_1	HRAS_g12d	SDDVPMVLVGNK_0	4
HRAS_g12d_1	HRAS_g12d	SYGIPYIETSAK_0	12
HRAS_g12d_1	HRAS_g12d	DSDDVPMVLVGNK_22	8
HRAS_g12d_1	HRAS_g12d	SYGIPYIETSAK_43	8
HRAS_g12d_1	HRAS_g12d	DSDDVPMVLVGNKCDLAAR_0	4
HRAS_g12d_1	HRAS_g12d	VKDSDDVPMVLVGNKCDLAAR_43	4
HRAS_g12d_1	HRAS_g12d	TRQGVEDAFYTLVR_0	8
HRAS_g12d_1	HRAS_g12d	DSDDVPMVLVGNK_43	4
HRAS_g12d_1	HRAS_g12d	DSDDVPMVLVGNK_60	4
HRAS_g12d_1	HRAS_g12d	QGVEDAFYTLVR_-18	4
HRAS_g12d_1	HRAS_g12d	SALTIQLIQNHFVDEYDPTIEDSYRK_1	4
HRAS_g12d_1	HRAS_g12d	QGVEDAFYTLVR_0	16
HRAS_g12d_1	HRAS_g12d	QGVEDAFYTLVR_37.9	4
HRAS_g12d_1	HRAS_g12d	VEDAFYTLVR_238	4
HRAS_g12d_1	HRAS_g12d	QGVEDAFYTLVR_22	4
HRAS_g12d_1	HRAS_g12d	QGVEDAFYTLVR_281.1	4
HRAS_g12d_1	HRAS_g12d	QGVEDAFYTLVR_43	8
HRAS_g12d_1	HRAS_g12d	SALTIQLIQNHFVDEYDPTIEDSYRK_0	20
HRAS_g12d_1	HRAS_g12d	SALTIQLIQNHFVDEYDPTIEDSYRK_-17	8
HRAS_g12d_1	HRAS_g12d	SALTIQLIQNHFVDEYDPTIEDSYRK_52.9	4
HRAS_g12d_1	HRAS_g12d	SALTIQLIQNHFVDEYDPTIEDSYRK_346.1	4
HRAS_g12d_1	HRAS_g12d	TGEGFLCVFAINNTK_16	4
HRAS_g12d_1	HRAS_g12d	QGVEDAFYTLVR_196	4
HRAS_g12d_1	HRAS_g12d	TGEGFLCVFAINNTK_0	25
HRAS_g12d_1	HRAS_g12d	TGEGFLCVFAINNTK_37.9	4
HRAS_g12d_1	HRAS_g12d	TGEGFLCVFAINNTK_55.9	4
HRAS_g12d_1	HRAS_g12d	SALTIQLIQNHFVDEYDPTIEDSYRK_196	8
HRAS_g12d_1	HRAS_g12d	SALTIQLIQNHFVDEYDPTIEDSYR_0	12
HRAS_g12d_1	HRAS_g12d	SALTIQLIQNHFVDEYDPTIEDSYR_-17	4
HRAS_g12d_1	HRAS_g12d	SALTIQLIQNHFVDEYDPTIEDSYR_22	8
HRAS_g12d_1	HRAS_g12d	SALTIQLIQNHFVDEYDPTIEDSYR_1	4
HRAS_g12d_1	HRAS_g12d	TGEGFLCVFAINNTK_-14	4
HRAS_g12d_1	HRAS_g12d	SALTIQLIQNHFVDEYDPTIEDSYR_3	4
HRAS_g12d_1	HRAS_g12d	TGEGFLCVFAINNTK_26	4
HRAS_g12d_1	HRAS_g12d	TGEGFLCVFAINNTK_196	4
HRAS_g12d_1	HRAS_g12d	QGVEDAFYTLVR_-17	12
HRAS_g12d_1	HRAS_g12d	QVVIDGETCLLDILDTAGQEEYSAMR_0	57
HRAS_g12d_1	HRAS_g12d	SALTIQLIQNHFVDEYDPTIEDSYRK_43	8
HRAS_g12d_1	HRAS_g12d	SALTIQLIQNHFVDEYDPTIEDSYRK_65	4
HRAS_g12d_1	HRAS_g12d	KQVVIDGETCLLDILDTAGQEEYSAMR_0	12
HRAS_g12d_1	HRAS_g12d	TGEGFLCVFAINNTK_-9	4
HRAS_g12d_1	HRAS_g12d	KQVVIDGETCLLDILDTAGQEEYSAMR_52.9	4
HRAS_g12d_1	HRAS_g12d	TGEGFLCVFAINNTK_60	4
HRAS_g12d_1	HRAS_g12d	QVVIDGETCLLDILDTAGQEEYSAMR_110.1	4
HRAS_g12d_1	HRAS_g12d	KQVVIDGETCLLDILDTAGQEEYSAMR_53.9	4
HRAS_g12d_1	HRAS_g12d	SALTIQLIQNHFVDEYDPTIEDSYR_43	4
HRAS_g12d_1	HRAS_g12d	SALTIQLIQNHFVDEYDPTIEDSYR_65	4
HRAS_g12d_1	HRAS_g12d	QVVIDGETCLLDILDTAGQEEYSAMR_22	8
HRAS_g12d_1	HRAS_g12d	QVVIDGETCLLDILDTAGQEEYSAMR_37.9	8
HRAS_g12d_1	HRAS_g12d	QVVIDGETCLLDILDTAGQEEYSAMR_-18	4
HRAS_g12d_1	HRAS_g12d	KQVVIDGETCLLDILDTAGQEEYSAMR_43	4
HRAS_g12d_1	HRAS_g12d	QVVIDGETCLLDILDTAGQEEYSAMR_-16	4
HRAS_g12d_1	HRAS_g12d	QVVIDGETCLLDILDTAGQEEYSAMR_196	4
HRAS_g12d_1	HRAS_g12d	QVVIDGETCLLDILDTAGQEEYSAMR_-17	12
HRAS_g12d_1	HRAS_g12d	QVVIDGETCLLDILDTAGQEEYSAMR_43	12
HRAS_g12d_1	HRAS_g12d	QVVIDGETCLLDILDTAGQEEYSAMR_3.1	4
HRAS_g12d_1	HRAS_g12d	QVVIDGETCLLDILDTAGQEEYSAMR_1	16
HRAS_g12d_1	HRAS_g12d	QVVIDGETCLLDILDTAGQEEYSAMR_3	8
HRAS_g12d_2	HRAS_g12d	KLNPPDESGPGCMSCK_0	36
HRAS_g12d_2	HRAS_g12d	LNPPDESGPGCMSCK_0	16
HRAS_g12d_2	HRAS_g12d	QAQDLAR_-17	5
HRAS_g12d_2	HRAS_g12d	KLNPPDESGPGCMSCK_52.9	5
HRAS_g12d_2	HRAS_g12d	KLNPPDESGPGCMSCK_22	5
HRAS_g12d_2	HRAS_g12d	KLNPPDESGPGCMSCK_-0.1	5
HRAS_g12d_2	HRAS_g12d	LNPPDESGPGCMSCK_1	5
HRAS_g12d_2	HRAS_g12d	YDPTIEDSYRK_0	5
HRAS_g12d_2	HRAS_g12d	KLNPPDESGPGCMSCK_152	5
HRAS_g12d_2	HRAS_g12d	LNPPDESGPGCMSCK_-14	5
HRAS_g12d_2	HRAS_g12d	SFEDIHQYR_0	5
HRAS_g12d_2	HRAS_g12d	SFEDIHQYR_22	5
HRAS_g12d_2	HRAS_g12d	LNPPDESGPGCMSCK_-57	5
HRAS_g12d_2	HRAS_g12d	KLNPPDESGPGCMSCK_43	16
HRAS_g12d_2	HRAS_g12d	LNPPDESGPGCMSCK_154.1	5
HRAS_g12d_2	HRAS_g12d	LVVVGAGGVGK_58	16
HRAS_g12d_2	HRAS_g12d	LVVVGAGGVGK_1	5
HRAS_g12d_2	HRAS_g12d	SFEDIHQYR_196	10
HRAS_g12d_2	HRAS_g12d	KLNPPDESGPGCMSCK_26.1	5
HRAS_g12d_2	HRAS_g12d	YDPTIEDSYR_0	5
HRAS_g12d_2	HRAS_g12d	LVVVGAGGVGK_80	5
HRAS_g12d_2	HRAS_g12d	VKDSDDVPMVLVGNK_0	42
HRAS_g12d_2	HRAS_g12d	LNPPDESGPGCMSCK_43	5
HRAS_g12d_2	HRAS_g12d	SFEDIHQYR_43	5
HRAS_g12d_2	HRAS_g12d	VKDSDDVPMVLVGNKCDLAAR_0	10
HRAS_g12d_2	HRAS_g12d	DSDDVPMVLVGNK_0	21
HRAS_g12d_2	HRAS_g12d	VKDSDDVPMVLVGNKCDLAAR_-25	10
HRAS_g12d_2	HRAS_g12d	VKDSDDVPMVLVGNKCDLAAR_-9	5
HRAS_g12d_2	HRAS_g12d	VKDSDDVPMVLVGNK_242.1	5
HRAS_g12d_2	HRAS_g12d	VKDSDDVPMVLVGNK_6	5
HRAS_g12d_2	HRAS_g12d	VKDSDDVPMVLVGNK_43	16
HRAS_g12d_2	HRAS_g12d	VKDSDDVPMVLVGNK_1	5
HRAS_g12d_2	HRAS_g12d	VKDSDDVPMVLVGNKCDLAAR_-14	5
HRAS_g12d_2	HRAS_g12d	VKDSDDVPMVLVGNK_196	5
HRAS_g12d_2	HRAS_g12d	SDDVPMVLVGNK_0	5
HRAS_g12d_2	HRAS_g12d	VKDSDDVPMVLVGNK_-17	5
HRAS_g12d_2	HRAS_g12d	SYGIPYIETSAK_0	16
HRAS_g12d_2	HRAS_g12d	DSDDVPMVLVGNK_22	5
HRAS_g12d_2	HRAS_g12d	SYGIPYIETSAK_297	5
HRAS_g12d_2	HRAS_g12d	SYGIPYIETSAK_22	5
HRAS_g12d_2	HRAS_g12d	SYGIPYIETSAK_298.1	5
HRAS_g12d_2	HRAS_g12d	SYGIPYIETSAK_43	10
HRAS_g12d_2	HRAS_g12d	DSDDVPMVLVGNKCDLAAR_0	5
HRAS_g12d_2	HRAS_g12d	DSDDVPMVLVGNK_1	5
HRAS_g12d_2	HRAS_g12d	VKDSDDVPMVLVGNKCDLAAR_43	5
HRAS_g12d_2	HRAS_g12d	TRQGVEDAFYTLVR_0	5
HRAS_g12d_2	HRAS_g12d	DSDDVPMVLVGNK_43	10
HRAS_g12d_2	HRAS_g12d	QGVEDAFYTLVR_-18	5
HRAS_g12d_2	HRAS_g12d	QGVEDAFYTLVR_0	21
HRAS_g12d_2	HRAS_g12d	QGVEDAFYTLVR_37.9	5
HRAS_g12d_2	HRAS_g12d	QGVEDAFYTLVR_44	5
HRAS_g12d_2	HRAS_g12d	SALTIQLIQNHFVDEYDPTIEDSYRK_0	10
HRAS_g12d_2	HRAS_g12d	TGEGFLCVFAINNTK_16	5
HRAS_g12d_2	HRAS_g12d	TGEGFLCVFAINNTK_0	16
HRAS_g12d_2	HRAS_g12d	TGEGFLCVFAINNTK_55.9	5
HRAS_g12d_2	HRAS_g12d	SALTIQLIQNHFVDEYDPTIEDSYR_-16	5
HRAS_g12d_2	HRAS_g12d	SALTIQLIQNHFVDEYDPTIEDSYR_-17	5
HRAS_g12d_2	HRAS_g12d	SALTIQLIQNHFVDEYDPTIEDSYR_0	16
HRAS_g12d_2	HRAS_g12d	SALTIQLIQNHFVDEYDPTIEDSYR_53.9	5
HRAS_g12d_2	HRAS_g12d	TGEGFLCVFAINNTK_-14	5
HRAS_g12d_2	HRAS_g12d	TGEGFLCVFAINNTK_196	5
HRAS_g12d_2	HRAS_g12d	QGVEDAFYTLVR_-17	21
HRAS_g12d_2	HRAS_g12d	SALTIQLIQNHFVDEYDPTIEDSYRK_43	10
HRAS_g12d_2	HRAS_g12d	TGEGFLCVFAINNTK_43	10
HRAS_g12d_2	HRAS_g12d	QGVEDAFYTLVR_43	5
HRAS_g12d_2	HRAS_g12d	KQVVIDGETCLLDILDTAGQEEYSAMR_0	5
HRAS_g12d_2	HRAS_g12d	TGEGFLCVFAINNTK_60	5
HRAS_g12d_2	HRAS_g12d	SALTIQLIQNHFVDEYDPTIEDSYR_43	5
HRAS_g12d_2	HRAS_g12d	QVVIDGETCLLDILDTAGQEEYSAMR_0	36
HRAS_g12d_2	HRAS_g12d	QVVIDGETCLLDILDTAGQEEYSAMR_-17	21
HRAS_g12d_2	HRAS_g12d	QVVIDGETCLLDILDTAGQEEYSAMR_22	5
HRAS_g12d_2	HRAS_g12d	QVVIDGETCLLDILDTAGQEEYSAMR_5	5
HRAS_g12d_2	HRAS_g12d	QVVIDGETCLLDILDTAGQEEYSAMR_43	10
HRAS_g12d_3	HRAS_g12d	KLNPPDESGPGCMSCK_0	26
HRAS_g12d_3	HRAS_g12d	LNPPDESGPGCMSCK_0	15
HRAS_g12d_3	HRAS_g12d	KLNPPDESGPGCMSCK_53.9	5
HRAS_g12d_3	HRAS_g12d	KLNPPDESGPGCMSCK_1	5
HRAS_g12d_3	HRAS_g12d	KLNPPDESGPGCMSCK_22	5
HRAS_g12d_3	HRAS_g12d	LNPPDESGPGCMSCK_1	5
HRAS_g12d_3	HRAS_g12d	KLNPPDESGPGCMSCK_152	5
HRAS_g12d_3	HRAS_g12d	LNPPDESGPGCMSCK_-14	5
HRAS_g12d_3	HRAS_g12d	SFEDIHQYR_0	15
HRAS_g12d_3	HRAS_g12d	SFEDIHQYR_1	5
HRAS_g12d_3	HRAS_g12d	SFEDIHQYR_0.9	5
HRAS_g12d_3	HRAS_g12d	KLNPPDESGPGCMSCK_43	10
HRAS_g12d_3	HRAS_g12d	LNPPDESGPGCMSCK_154.1	5
HRAS_g12d_3	HRAS_g12d	KLNPPDESGPGCMSCK_26.1	5
HRAS_g12d_3	HRAS_g12d	LVVVGAGGVGK_0	5
HRAS_g12d_3	HRAS_g12d	YDPTIEDSYR_0	5
HRAS_g12d_3	HRAS_g12d	VKDSDDVPMVLVGNK_0	51
HRAS_g12d_3	HRAS_g12d	LNPPDESGPGCMSCK_43	5
HRAS_g12d_3	HRAS_g12d	SFEDIHQYR_43	5
HRAS_g12d_3	HRAS_g12d	VKDSDDVPMVLVGNKCDLAAR_0	15
HRAS_g12d_3	HRAS_g12d	DSDDVPMVLVGNK_0	36
HRAS_g12d_3	HRAS_g12d	VKDSDDVPMVLVGNKCDLAAR_-9	5
HRAS_g12d_3	HRAS_g12d	VKDSDDVPMVLVGNK_22	10
HRAS_g12d_3	HRAS_g12d	VKDSDDVPMVLVGNK_315.8	5
HRAS_g12d_3	HRAS_g12d	VKDSDDVPMVLVGNK_43	21
HRAS_g12d_3	HRAS_g12d	VKDSDDVPMVLVGNK_196	5
HRAS_g12d_3	HRAS_g12d	SDDVPMVLVGNK_0	5
HRAS_g12d_3	HRAS_g12d	VKDSDDVPMVLVGNKCDLAAR_-25	5
HRAS_g12d_3	HRAS_g12d	SYGIPYIETSAK_0	21
HRAS_g12d_3	HRAS_g12d	DSDDVPMVLVGNK_22	10
HRAS_g12d_3	HRAS_g12d	DSDDVPMVLVGNKCDLAAR_0	5
HRAS_g12d_3	HRAS_g12d	VKDSDDVPMVLVGNKCDLAAR_43	5
HRAS_g12d_3	HRAS_g12d	SYGIPYIETSAK_196	5
HRAS_g12d_3	HRAS_g12d	TRQGVEDAFYTLVR_0	15
HRAS_g12d_3	HRAS_g12d	DSDDVPMVLVGNK_43	5
HRAS_g12d_3	HRAS_g12d	SYGIPYIETSAK_43	5
HRAS_g12d_3	HRAS_g12d	SALTIQLIQNHFVDEYDPTIEDSYRK_1	5
HRAS_g12d_3	HRAS_g12d	QGVEDAFYTLVR_0	21
HRAS_g12d_3	HRAS_g12d	QGVEDAFYTLVR_37.9	5
HRAS_g12d_3	HRAS_g12d	QGVEDAFYTLVR_44	5
HRAS_g12d_3	HRAS_g12d	SALTIQLIQNHFVDEYDPTIEDSYRK_-17	5
HRAS_g12d_3	HRAS_g12d	SALTIQLIQNHFVDEYDPTIEDSYRK_0	5
HRAS_g12d_3	HRAS_g12d	SALTIQLIQNHFVDEYDPTIEDSYRK_2	5
HRAS_g12d_3	HRAS_g12d	TRQGVEDAFYTLVR_43	5
HRAS_g12d_3	HRAS_g12d	TGEGFLCVFAINNTK_0	46
HRAS_g12d_3	HRAS_g12d	TGEGFLCVFAINNTK_52.9	5
HRAS_g12d_3	HRAS_g12d	TGEGFLCVFAINNTK_9.9	5
HRAS_g12d_3	HRAS_g12d	SALTIQLIQNHFVDEYDPTIEDSYR_-17	5
HRAS_g12d_3	HRAS_g12d	SALTIQLIQNHFVDEYDPTIEDSYR_0	10
HRAS_g12d_3	HRAS_g12d	SALTIQLIQNHFVDEYDPTIEDSYR_22	5
HRAS_g12d_3	HRAS_g12d	TGEGFLCVFAINNTK_-14	10
HRAS_g12d_3	HRAS_g12d	TGEGFLCVFAINNTK_26	5
HRAS_g12d_3	HRAS_g12d	TGEGFLCVFAINNTK_196	5
HRAS_g12d_3	HRAS_g12d	QGVEDAFYTLVR_-17	15
HRAS_g12d_3	HRAS_g12d	QVVIDGETCLLDILDTAGQEEYSAMR_0	36
HRAS_g12d_3	HRAS_g12d	SALTIQLIQNHFVDEYDPTIEDSYRK_43	15
HRAS_g12d_3	HRAS_g12d	QGVEDAFYTLVR_43	5
HRAS_g12d_3	HRAS_g12d	KQVVIDGETCLLDILDTAGQEEYSAMR_0	10
HRAS_g12d_3	HRAS_g12d	TGEGFLCVFAINNTK_43	5
HRAS_g12d_3	HRAS_g12d	SALTIQLIQNHFVDEYDPTIEDSYR_43	5
HRAS_g12d_3	HRAS_g12d	QVVIDGETCLLDILDTAGQEEYSAMR_22	10
HRAS_g12d_3	HRAS_g12d	QVVIDGETCLLDILDTAGQEEYSAMR_-18	5
HRAS_g12d_3	HRAS_g12d	QVVIDGETCLLDILDTAGQEEYSAMR_37.9	5
HRAS_g12d_3	HRAS_g12d	QVVIDGETCLLDILDTAGQEEYSAMR_53.9	5
HRAS_g12d_3	HRAS_g12d	QVVIDGETCLLDILDTAGQEEYSAMR_-17	5
HRAS_g12d_3	HRAS_g12d	QVVIDGETCLLDILDTAGQEEYSAMR_43	10
