HRAS_wt_1	HRAS_wt	KLNPPDESGPGCMSCK_0	5
HRAS_wt_1	HRAS_wt	KLNPPDESGPGCMSCK_1	1
HRAS_wt_1	HRAS_wt	LNPPDESGPGCMSCK_0	3
HRAS_wt_1	HRAS_wt	KLNPPDESGPGCMSCK_152	1
HRAS_wt_1	HRAS_wt	SFEDIHQYR_0.1	1
HRAS_wt_1	HRAS_wt	LNPPDESGPGCMSCK_-14	1
HRAS_wt_1	HRAS_wt	SFEDIHQYR_0	2
HRAS_wt_1	HRAS_wt	KLNPPDESGPGCMSCK_196	1
HRAS_wt_1	HRAS_wt	KLNPPDESGPGCMSCK_43	2
HRAS_wt_1	HRAS_wt	LVVVGAGGVGK_0	3
HRAS_wt_1	HRAS_wt	YDPTIEDSYR_0	1
HRAS_wt_1	HRAS_wt	SFEDIHQYR_196	1
HRAS_wt_1	HRAS_wt	VKDSDDVPMVLVGNK_0	11
HRAS_wt_1	HRAS_wt	LNPPDESGPGCMSCK_43	1
HRAS_wt_1	HRAS_wt	SFEDIHQYR_43	1
HRAS_wt_1	HRAS_wt	LVVVGAGGVGK_196	1
HRAS_wt_1	HRAS_wt	VKDSDDVPMVLVGNKCDLAAR_0	2
HRAS_wt_1	HRAS_wt	DSDDVPMVLVGNK_0	5
HRAS_wt_1	HRAS_wt	VKDSDDVPMVLVGNKCDLAAR_-9	1
HRAS_wt_1	HRAS_wt	VKDSDDVPMVLVGNK_-17	1
HRAS_wt_1	HRAS_wt	VKDSDDVPMVLVGNK_22	1
HRAS_wt_1	HRAS_wt	DSDDVPMVLVGNKCDLAAR_0	2
HRAS_wt_1	HRAS_wt	VKDSDDVPMVLVGNK_43	3
HRAS_wt_1	HRAS_wt	VKDSDDVPMVLVGNK_196	1
HRAS_wt_1	HRAS_wt	SDDVPMVLVGNK_0	1
HRAS_wt_1	HRAS_wt	DSDDVPMVLVGNK_22	1
HRAS_wt_1	HRAS_wt	SYGIPYIETSAK_0	3
HRAS_wt_1	HRAS_wt	LVVVGAGGVGK_43	3
HRAS_wt_1	HRAS_wt	VKDSDDVPMVLVGNKCDLAAR_43	1
HRAS_wt_1	HRAS_wt	TRQGVEDAFYTLVR_0	3
HRAS_wt_1	HRAS_wt	DSDDVPMVLVGNK_43	1
HRAS_wt_1	HRAS_wt	SALTIQLIQNHFVDEYDPTIEDSYRK_1	1
HRAS_wt_1	HRAS_wt	QGVEDAFYTLVR_0	2
HRAS_wt_1	HRAS_wt	QGVEDAFYTLVR_37.9	1
HRAS_wt_1	HRAS_wt	SALTIQLIQNHFVDEYDPTIEDSYRK_0	5
HRAS_wt_1	HRAS_wt	SALTIQLIQNHFVDEYDPTIEDSYRK_-17	1
HRAS_wt_1	HRAS_wt	SALTIQLIQNHFVDEYDPTIEDSYRK_52.9	1
HRAS_wt_1	HRAS_wt	TRQGVEDAFYTLVR_43	1
HRAS_wt_1	HRAS_wt	TGEGFLCVFAINNTK_16	1
HRAS_wt_1	HRAS_wt	SALTIQLIQNHFVDEYDPTIEDSYRK_2	1
HRAS_wt_1	HRAS_wt	TGEGFLCVFAINNTK_0	4
HRAS_wt_1	HRAS_wt	SALTIQLIQNHFVDEYDPTIEDSYRK_196	1
HRAS_wt_1	HRAS_wt	SALTIQLIQNHFVDEYDPTIEDSYR_-17	1
HRAS_wt_1	HRAS_wt	SALTIQLIQNHFVDEYDPTIEDSYR_0	3
HRAS_wt_1	HRAS_wt	SALTIQLIQNHFVDEYDPTIEDSYR_52.9	1
HRAS_wt_1	HRAS_wt	SALTIQLIQNHFVDEYDPTIEDSYR_22	1
HRAS_wt_1	HRAS_wt	SALTIQLIQNHFVDEYDPTIEDSYR_1	1
HRAS_wt_1	HRAS_wt	TGEGFLCVFAINNTK_-14	1
HRAS_wt_1	HRAS_wt	TGEGFLCVFAINNTK_196	1
HRAS_wt_1	HRAS_wt	QGVEDAFYTLVR_-17	2
HRAS_wt_1	HRAS_wt	QVVIDGETCLLDILDTAGQEEYSAMR_0	6
HRAS_wt_1	HRAS_wt	SALTIQLIQNHFVDEYDPTIEDSYRK_43	2
HRAS_wt_1	HRAS_wt	QGVEDAFYTLVR_43	1
HRAS_wt_1	HRAS_wt	KQVVIDGETCLLDILDTAGQEEYSAMR_0	2
HRAS_wt_1	HRAS_wt	TGEGFLCVFAINNTK_43	1
HRAS_wt_1	HRAS_wt	SALTIQLIQNHFVDEYDPTIEDSYR_43	1
HRAS_wt_1	HRAS_wt	QVVIDGETCLLDILDTAGQEEYSAMR_22	2
HRAS_wt_1	HRAS_wt	QVVIDGETCLLDILDTAGQEEYSAMR_-18	1
HRAS_wt_1	HRAS_wt	QVVIDGETCLLDILDTAGQEEYSAMR_52.9	2
HRAS_wt_1	HRAS_wt	QVVIDGETCLLDILDTAGQEEYSAMR_37.9	1
HRAS_wt_1	HRAS_wt	QVVIDGETCLLDILDTAGQEEYSAMR_1	3
HRAS_wt_1	HRAS_wt	KQVVIDGETCLLDILDTAGQEEYSAMR_43	1
HRAS_wt_1	HRAS_wt	QVVIDGETCLLDILDTAGQEEYSAMR_-17	2
HRAS_wt_1	HRAS_wt	QVVIDGETCLLDILDTAGQEEYSAMR_43	2
HRAS_wt_2	HRAS_wt	TVESRQAQDLAR_0	1
HRAS_wt_2	HRAS_wt	KLNPPDESGPGCMSCK_0	6
HRAS_wt_2	HRAS_wt	QAQDLAR_-17	1
HRAS_wt_2	HRAS_wt	KLNPPDESGPGCMSCK_52.9	1
HRAS_wt_2	HRAS_wt	LNPPDESGPGCMSCK_0	2
HRAS_wt_2	HRAS_wt	SFEDIHQYR_0	4
HRAS_wt_2	HRAS_wt	KLNPPDESGPGCMSCK_43	2
HRAS_wt_2	HRAS_wt	LVVVGAGGVGK_1	1
HRAS_wt_2	HRAS_wt	LVVVGAGGVGK_0	3
HRAS_wt_2	HRAS_wt	LVVVGAGGVGK_22	1
HRAS_wt_2	HRAS_wt	LVVVGAGGVGK_0.8	1
HRAS_wt_2	HRAS_wt	VKDSDDVPMVLVGNK_0	7
HRAS_wt_2	HRAS_wt	LNPPDESGPGCMSCK_43	1
HRAS_wt_2	HRAS_wt	SFEDIHQYR_43	1
HRAS_wt_2	HRAS_wt	VKDSDDVPMVLVGNKCDLAAR_0	2
HRAS_wt_2	HRAS_wt	DSDDVPMVLVGNK_0	4
HRAS_wt_2	HRAS_wt	VKDSDDVPMVLVGNK_22	2
HRAS_wt_2	HRAS_wt	VKDSDDVPMVLVGNK_6	1
HRAS_wt_2	HRAS_wt	VKDSDDVPMVLVGNK_446.3	1
HRAS_wt_2	HRAS_wt	VKDSDDVPMVLVGNK_43	2
HRAS_wt_2	HRAS_wt	SDDVPMVLVGNK_0	1
HRAS_wt_2	HRAS_wt	VKDSDDVPMVLVGNK_-18	1
HRAS_wt_2	HRAS_wt	SYGIPYIETSAK_0	2
HRAS_wt_2	HRAS_wt	DSDDVPMVLVGNK_22	1
HRAS_wt_2	HRAS_wt	SYGIPYIETSAK_43	2
HRAS_wt_2	HRAS_wt	DSDDVPMVLVGNKCDLAAR_0	1
HRAS_wt_2	HRAS_wt	KLNPPDESGPGCMSCK_165.1	1
HRAS_wt_2	HRAS_wt	LVVVGAGGVGK_43	2
HRAS_wt_2	HRAS_wt	VKDSDDVPMVLVGNKCDLAAR_43	1
HRAS_wt_2	HRAS_wt	TRQGVEDAFYTLVR_0	2
HRAS_wt_2	HRAS_wt	DSDDVPMVLVGNK_43	1
HRAS_wt_2	HRAS_wt	SALTIQLIQNHFVDEYDPTIEDSYRK_1	2
HRAS_wt_2	HRAS_wt	QGVEDAFYTLVR_0	2
HRAS_wt_2	HRAS_wt	QGVEDAFYTLVR_37.9	1
HRAS_wt_2	HRAS_wt	QGVEDAFYTLVR_22	1
HRAS_wt_2	HRAS_wt	QGVEDAFYTLVR_44	1
HRAS_wt_2	HRAS_wt	SALTIQLIQNHFVDEYDPTIEDSYRK_0	5
HRAS_wt_2	HRAS_wt	SALTIQLIQNHFVDEYDPTIEDSYRK_-17	1
HRAS_wt_2	HRAS_wt	SALTIQLIQNHFVDEYDPTIEDSYRK_281.1	1
HRAS_wt_2	HRAS_wt	TRQGVEDAFYTLVR_43	1
HRAS_wt_2	HRAS_wt	TGEGFLCVFAINNTK_0	3
HRAS_wt_2	HRAS_wt	TGEGFLCVFAINNTK_37.9	1
HRAS_wt_2	HRAS_wt	SALTIQLIQNHFVDEYDPTIEDSYR_1	1
HRAS_wt_2	HRAS_wt	SALTIQLIQNHFVDEYDPTIEDSYR_-17	1
HRAS_wt_2	HRAS_wt	SALTIQLIQNHFVDEYDPTIEDSYR_0	3
HRAS_wt_2	HRAS_wt	SALTIQLIQNHFVDEYDPTIEDSYR_22	2
HRAS_wt_2	HRAS_wt	SALTIQLIQNHFVDEYDPTIEDSYR_53.9	1
HRAS_wt_2	HRAS_wt	TGEGFLCVFAINNTK_-14	1
HRAS_wt_2	HRAS_wt	SALTIQLIQNHFVDEYDPTIEDSYR_171.1	1
HRAS_wt_2	HRAS_wt	TGEGFLCVFAINNTK_-57	1
HRAS_wt_2	HRAS_wt	QGVEDAFYTLVR_-17	2
HRAS_wt_2	HRAS_wt	SALTIQLIQNHFVDEYDPTIEDSYRK_43	2
HRAS_wt_2	HRAS_wt	QGVEDAFYTLVR_43	1
HRAS_wt_2	HRAS_wt	KQVVIDGETCLLDILDTAGQEEYSAMR_0	2
HRAS_wt_2	HRAS_wt	QGVEDAFYTLVR_41.4	1
HRAS_wt_2	HRAS_wt	TGEGFLCVFAINNTK_43	2
HRAS_wt_2	HRAS_wt	TGEGFLCVFAINNTK_60	1
HRAS_wt_2	HRAS_wt	SALTIQLIQNHFVDEYDPTIEDSYR_43	1
HRAS_wt_2	HRAS_wt	QVVIDGETCLLDILDTAGQEEYSAMR_0	14
HRAS_wt_2	HRAS_wt	QVVIDGETCLLDILDTAGQEEYSAMR_22	1
HRAS_wt_2	HRAS_wt	QVVIDGETCLLDILDTAGQEEYSAMR_-18	1
HRAS_wt_2	HRAS_wt	QVVIDGETCLLDILDTAGQEEYSAMR_37.9	1
HRAS_wt_2	HRAS_wt	QVVIDGETCLLDILDTAGQEEYSAMR_52.9	1
HRAS_wt_2	HRAS_wt	KQVVIDGETCLLDILDTAGQEEYSAMR_43	1
HRAS_wt_2	HRAS_wt	QVVIDGETCLLDILDTAGQEEYSAMR_-57	1
HRAS_wt_2	HRAS_wt	QVVIDGETCLLDILDTAGQEEYSAMR_-17	2
HRAS_wt_2	HRAS_wt	QVVIDGETCLLDILDTAGQEEYSAMR_43	3
HRAS_wt_2	HRAS_wt	QVVIDGETCLLDILDTAGQEEYSAMR_43.1	1
HRAS_wt_2	HRAS_wt	QVVIDGETCLLDILDTAGQEEYSAMR_1	2
HRAS_wt_2	HRAS_wt	QVVIDGETCLLDILDTAGQEEYSAMR_1.3	1
HRAS_wt_2	HRAS_wt	QVVIDGETCLLDILDTAGQEEYSAMR_2	1
HRAS_wt_3	HRAS_wt	KLNPPDESGPGCMSCK_0	4
HRAS_wt_3	HRAS_wt	LNPPDESGPGCMSCK_0	3
HRAS_wt_3	HRAS_wt	KLNPPDESGPGCMSCK_52.9	1
HRAS_wt_3	HRAS_wt	KLNPPDESGPGCMSCK_22	1
HRAS_wt_3	HRAS_wt	LNPPDESGPGCMSCK_-14	1
HRAS_wt_3	HRAS_wt	SFEDIHQYR_0	2
HRAS_wt_3	HRAS_wt	SFEDIHQYR_-0.1	1
HRAS_wt_3	HRAS_wt	KLNPPDESGPGCMSCK_43	1
HRAS_wt_3	HRAS_wt	LVVVGAGGVGK_0	2
HRAS_wt_3	HRAS_wt	LVVVGAGGVGK_0.8	1
HRAS_wt_3	HRAS_wt	VKDSDDVPMVLVGNK_0	6
HRAS_wt_3	HRAS_wt	LNPPDESGPGCMSCK_43	1
HRAS_wt_3	HRAS_wt	SFEDIHQYR_43	1
HRAS_wt_3	HRAS_wt	VKDSDDVPMVLVGNKCDLAAR_0	1
HRAS_wt_3	HRAS_wt	DSDDVPMVLVGNK_0	4
HRAS_wt_3	HRAS_wt	VKDSDDVPMVLVGNKCDLAAR_-9	1
HRAS_wt_3	HRAS_wt	VKDSDDVPMVLVGNK_22	1
HRAS_wt_3	HRAS_wt	VKDSDDVPMVLVGNK_6	1
HRAS_wt_3	HRAS_wt	VKDSDDVPMVLVGNK_2	1
HRAS_wt_3	HRAS_wt	VKDSDDVPMVLVGNK_43	2
HRAS_wt_3	HRAS_wt	SDDVPMVLVGNK_0	1
HRAS_wt_3	HRAS_wt	SYGIPYIETSAK_0	1
HRAS_wt_3	HRAS_wt	DSDDVPMVLVGNK_22	1
HRAS_wt_3	HRAS_wt	VKDSDDVPMVLVGNKCDLAAR_-57	1
HRAS_wt_3	HRAS_wt	SYGIPYIETSAK_22	1
HRAS_wt_3	HRAS_wt	DSDDVPMVLVGNKCDLAAR_0	1
HRAS_wt_3	HRAS_wt	LVVVGAGGVGK_43	3
HRAS_wt_3	HRAS_wt	VKDSDDVPMVLVGNKCDLAAR_43	1
HRAS_wt_3	HRAS_wt	TRQGVEDAFYTLVR_0	1
HRAS_wt_3	HRAS_wt	DSDDVPMVLVGNK_43	1
HRAS_wt_3	HRAS_wt	QGVEDAFYTLVR_0	4
HRAS_wt_3	HRAS_wt	QGVEDAFYTLVR_37.9	1
HRAS_wt_3	HRAS_wt	QGVEDAFYTLVR_44	1
HRAS_wt_3	HRAS_wt	SALTIQLIQNHFVDEYDPTIEDSYRK_0	6
HRAS_wt_3	HRAS_wt	SALTIQLIQNHFVDEYDPTIEDSYRK_-17	1
HRAS_wt_3	HRAS_wt	SALTIQLIQNHFVDEYDPTIEDSYRK_52.9	1
HRAS_wt_3	HRAS_wt	SALTIQLIQNHFVDEYDPTIEDSYRK_280.1	1
HRAS_wt_3	HRAS_wt	TRQGVEDAFYTLVR_43	1
HRAS_wt_3	HRAS_wt	TGEGFLCVFAINNTK_0	3
HRAS_wt_3	HRAS_wt	TGEGFLCVFAINNTK_52.9	1
HRAS_wt_3	HRAS_wt	SALTIQLIQNHFVDEYDPTIEDSYRK_2	1
HRAS_wt_3	HRAS_wt	SALTIQLIQNHFVDEYDPTIEDSYR_52.9	1
HRAS_wt_3	HRAS_wt	SALTIQLIQNHFVDEYDPTIEDSYR_0	3
HRAS_wt_3	HRAS_wt	SALTIQLIQNHFVDEYDPTIEDSYR_22	1
HRAS_wt_3	HRAS_wt	SALTIQLIQNHFVDEYDPTIEDSYR_23	1
HRAS_wt_3	HRAS_wt	TGEGFLCVFAINNTK_-14	1
HRAS_wt_3	HRAS_wt	SALTIQLIQNHFVDEYDPTIEDSYR_171.1	1
HRAS_wt_3	HRAS_wt	TGEGFLCVFAINNTK_-57	1
HRAS_wt_3	HRAS_wt	QGVEDAFYTLVR_-17	1
HRAS_wt_3	HRAS_wt	SALTIQLIQNHFVDEYDPTIEDSYRK_43	1
HRAS_wt_3	HRAS_wt	TGEGFLCVFAINNTK_43	1
HRAS_wt_3	HRAS_wt	QGVEDAFYTLVR_43	1
HRAS_wt_3	HRAS_wt	KQVVIDGETCLLDILDTAGQEEYSAMR_0	3
HRAS_wt_3	HRAS_wt	KQVVIDGETCLLDILDTAGQEEYSAMR_52.9	1
HRAS_wt_3	HRAS_wt	KQVVIDGETCLLDILDTAGQEEYSAMR_22	1
HRAS_wt_3	HRAS_wt	KQVVIDGETCLLDILDTAGQEEYSAMR_53.9	1
HRAS_wt_3	HRAS_wt	KQVVIDGETCLLDILDTAGQEEYSAMR_1	1
HRAS_wt_3	HRAS_wt	SALTIQLIQNHFVDEYDPTIEDSYR_43	1
HRAS_wt_3	HRAS_wt	SALTIQLIQNHFVDEYDPTIEDSYR_65	1
HRAS_wt_3	HRAS_wt	QVVIDGETCLLDILDTAGQEEYSAMR_0	14
HRAS_wt_3	HRAS_wt	QVVIDGETCLLDILDTAGQEEYSAMR_22	1
HRAS_wt_3	HRAS_wt	QVVIDGETCLLDILDTAGQEEYSAMR_52.9	1
HRAS_wt_3	HRAS_wt	QVVIDGETCLLDILDTAGQEEYSAMRDQYMR_0	1
HRAS_wt_3	HRAS_wt	QVVIDGETCLLDILDTAGQEEYSAMR_-18	1
HRAS_wt_3	HRAS_wt	KQVVIDGETCLLDILDTAGQEEYSAMR_45	1
HRAS_wt_3	HRAS_wt	QVVIDGETCLLDILDTAGQEEYSAMR_-1	1
HRAS_wt_3	HRAS_wt	QVVIDGETCLLDILDTAGQEEYSAMR_5	1
HRAS_wt_3	HRAS_wt	QVVIDGETCLLDILDTAGQEEYSAMR_37.9	1
HRAS_wt_3	HRAS_wt	QVVIDGETCLLDILDTAGQEEYSAMR_43	4
HRAS_wt_3	HRAS_wt	QVVIDGETCLLDILDTAGQEEYSAMR_1	3
HRAS_wt_3	HRAS_wt	QVVIDGETCLLDILDTAGQEEYSAMR_28	1
HRAS_wt_3	HRAS_wt	QVVIDGETCLLDILDTAGQEEYSAMR_65	1
HRAS_wt_3	HRAS_wt	QVVIDGETCLLDILDTAGQEEYSAMR_97.9	1
HRAS_wt_3	HRAS_wt	QVVIDGETCLLDILDTAGQEEYSAMR_-17	1
HRAS_wt_3	HRAS_wt	QVVIDGETCLLDILDTAGQEEYSAMR_-16	1
HRAS_wt_3	HRAS_wt	QVVIDGETCLLDILDTAGQEEYSAMR_2	2
HRAS_wt_3	HRAS_wt	QVVIDGETCLLDILDTAGQEEYSAMR_44	1
HRAS_wt_3	HRAS_wt	QVVIDGETCLLDILDTAGQEEYSAMR_-14	1
HRAS_wt_3	HRAS_wt	QVVIDGETCLLDILDTAGQEEYSAMR_3	3
HRAS_g12d_1	HRAS_g12d	KLNPPDESGPGCMSCK_0	5
HRAS_g12d_1	HRAS_g12d	KLNPPDESGPGCMSCK_52.9	1
HRAS_g12d_1	HRAS_g12d	LNPPDESGPGCMSCK_0	2
HRAS_g12d_1	HRAS_g12d	KLNPPDESGPGCMSCK_152	1
HRAS_g12d_1	HRAS_g12d	LNPPDESGPGCMSCK_-14	1
HRAS_g12d_1	HRAS_g12d	FEDIHQYR_0	1
HRAS_g12d_1	HRAS_g12d	SFEDIHQYR_0	2
HRAS_g12d_1	HRAS_g12d	KLNPPDESGPGCMSCK_43	2
HRAS_g12d_1	HRAS_g12d	LNPPDESGPGCMSCK_152	1
HRAS_g12d_1	HRAS_g12d	LNPPDESGPGCMSCK_154.1	1
HRAS_g12d_1	HRAS_g12d	LNPPDESGPGCMSCK_196	1
HRAS_g12d_1	HRAS_g12d	LVVVGAGGVGK_0	1
HRAS_g12d_1	HRAS_g12d	SFEDIHQYR_196	1
HRAS_g12d_1	HRAS_g12d	LVVVGAGGVGK_80	1
HRAS_g12d_1	HRAS_g12d	VKDSDDVPMVLVGNK_0	5
HRAS_g12d_1	HRAS_g12d	LVVVGAGGVGK_58	1
HRAS_g12d_1	HRAS_g12d	LNPPDESGPGCMSCK_43	1
HRAS_g12d_1	HRAS_g12d	SFEDIHQYR_43	1
HRAS_g12d_1	HRAS_g12d	VKDSDDVPMVLVGNKCDLAAR_0	2
HRAS_g12d_1	HRAS_g12d	DSDDVPMVLVGNK_0	4
HRAS_g12d_1	HRAS_g12d	VKDSDDVPMVLVGNKCDLAAR_-9	1
HRAS_g12d_1	HRAS_g12d	VKDSDDVPMVLVGNK_22	1
HRAS_g12d_1	HRAS_g12d	VKDSDDVPMVLVGNK_215.1	1
HRAS_g12d_1	HRAS_g12d	VKDSDDVPMVLVGNK_6	1
HRAS_g12d_1	HRAS_g12d	VKDSDDVPMVLVGNK_28	1
HRAS_g12d_1	HRAS_g12d	VKDSDDVPMVLVGNK_43	4
HRAS_g12d_1	HRAS_g12d	VKDSDDVPMVLVGNK_196	1
HRAS_g12d_1	HRAS_g12d	SDDVPMVLVGNK_0	1
HRAS_g12d_1	HRAS_g12d	SYGIPYIETSAK_0	2
HRAS_g12d_1	HRAS_g12d	DSDDVPMVLVGNK_22	2
HRAS_g12d_1	HRAS_g12d	SYGIPYIETSAK_43	2
HRAS_g12d_1	HRAS_g12d	DSDDVPMVLVGNKCDLAAR_0	1
HRAS_g12d_1	HRAS_g12d	VKDSDDVPMVLVGNKCDLAAR_43	1
HRAS_g12d_1	HRAS_g12d	TRQGVEDAFYTLVR_0	2
HRAS_g12d_1	HRAS_g12d	DSDDVPMVLVGNK_43	1
HRAS_g12d_1	HRAS_g12d	DSDDVPMVLVGNK_60	1
HRAS_g12d_1	HRAS_g12d	QGVEDAFYTLVR_-18	1
HRAS_g12d_1	HRAS_g12d	SALTIQLIQNHFVDEYDPTIEDSYRK_1	1
HRAS_g12d_1	HRAS_g12d	QGVEDAFYTLVR_0	3
HRAS_g12d_1	HRAS_g12d	QGVEDAFYTLVR_37.9	1
HRAS_g12d_1	HRAS_g12d	VEDAFYTLVR_238	1
HRAS_g12d_1	HRAS_g12d	QGVEDAFYTLVR_22	1
HRAS_g12d_1	HRAS_g12d	QGVEDAFYTLVR_281.1	1
HRAS_g12d_1	HRAS_g12d	QGVEDAFYTLVR_43	2
HRAS_g12d_1	HRAS_g12d	SALTIQLIQNHFVDEYDPTIEDSYRK_0	4
HRAS_g12d_1	HRAS_g12d	SALTIQLIQNHFVDEYDPTIEDSYRK_-17	2
HRAS_g12d_1	HRAS_g12d	SALTIQLIQNHFVDEYDPTIEDSYRK_52.9	1
HRAS_g12d_1	HRAS_g12d	SALTIQLIQNHFVDEYDPTIEDSYRK_346.1	1
HRAS_g12d_1	HRAS_g12d	TGEGFLCVFAINNTK_16	1
HRAS_g12d_1	HRAS_g12d	QGVEDAFYTLVR_196	1
HRAS_g12d_1	HRAS_g12d	TGEGFLCVFAINNTK_0	5
HRAS_g12d_1	HRAS_g12d	TGEGFLCVFAINNTK_37.9	1
HRAS_g12d_1	HRAS_g12d	TGEGFLCVFAINNTK_55.9	1
HRAS_g12d_1	HRAS_g12d	SALTIQLIQNHFVDEYDPTIEDSYRK_196	2
HRAS_g12d_1	HRAS_g12d	SALTIQLIQNHFVDEYDPTIEDSYR_0	2
HRAS_g12d_1	HRAS_g12d	SALTIQLIQNHFVDEYDPTIEDSYR_-17	1
HRAS_g12d_1	HRAS_g12d	SALTIQLIQNHFVDEYDPTIEDSYR_22	2
HRAS_g12d_1	HRAS_g12d	SALTIQLIQNHFVDEYDPTIEDSYR_1	1
HRAS_g12d_1	HRAS_g12d	TGEGFLCVFAINNTK_-14	1
HRAS_g12d_1	HRAS_g12d	SALTIQLIQNHFVDEYDPTIEDSYR_3	1
HRAS_g12d_1	HRAS_g12d	TGEGFLCVFAINNTK_26	1
HRAS_g12d_1	HRAS_g12d	TGEGFLCVFAINNTK_196	1
HRAS_g12d_1	HRAS_g12d	QGVEDAFYTLVR_-17	2
HRAS_g12d_1	HRAS_g12d	QVVIDGETCLLDILDTAGQEEYSAMR_0	11
HRAS_g12d_1	HRAS_g12d	SALTIQLIQNHFVDEYDPTIEDSYRK_43	2
HRAS_g12d_1	HRAS_g12d	SALTIQLIQNHFVDEYDPTIEDSYRK_65	1
HRAS_g12d_1	HRAS_g12d	KQVVIDGETCLLDILDTAGQEEYSAMR_0	2
HRAS_g12d_1	HRAS_g12d	TGEGFLCVFAINNTK_-9	1
HRAS_g12d_1	HRAS_g12d	KQVVIDGETCLLDILDTAGQEEYSAMR_52.9	1
HRAS_g12d_1	HRAS_g12d	TGEGFLCVFAINNTK_60	1
HRAS_g12d_1	HRAS_g12d	QVVIDGETCLLDILDTAGQEEYSAMR_110.1	1
HRAS_g12d_1	HRAS_g12d	KQVVIDGETCLLDILDTAGQEEYSAMR_53.9	1
HRAS_g12d_1	HRAS_g12d	SALTIQLIQNHFVDEYDPTIEDSYR_43	1
HRAS_g12d_1	HRAS_g12d	SALTIQLIQNHFVDEYDPTIEDSYR_65	1
HRAS_g12d_1	HRAS_g12d	QVVIDGETCLLDILDTAGQEEYSAMR_22	2
HRAS_g12d_1	HRAS_g12d	QVVIDGETCLLDILDTAGQEEYSAMR_37.9	2
HRAS_g12d_1	HRAS_g12d	QVVIDGETCLLDILDTAGQEEYSAMR_-18	1
HRAS_g12d_1	HRAS_g12d	KQVVIDGETCLLDILDTAGQEEYSAMR_43	1
HRAS_g12d_1	HRAS_g12d	QVVIDGETCLLDILDTAGQEEYSAMR_-16	1
HRAS_g12d_1	HRAS_g12d	QVVIDGETCLLDILDTAGQEEYSAMR_196	1
HRAS_g12d_1	HRAS_g12d	QVVIDGETCLLDILDTAGQEEYSAMR_-17	2
HRAS_g12d_1	HRAS_g12d	QVVIDGETCLLDILDTAGQEEYSAMR_43	2
HRAS_g12d_1	HRAS_g12d	QVVIDGETCLLDILDTAGQEEYSAMR_3.1	1
HRAS_g12d_1	HRAS_g12d	QVVIDGETCLLDILDTAGQEEYSAMR_1	3
HRAS_g12d_1	HRAS_g12d	QVVIDGETCLLDILDTAGQEEYSAMR_3	2
HRAS_g12d_2	HRAS_g12d	KLNPPDESGPGCMSCK_0	7
HRAS_g12d_2	HRAS_g12d	LNPPDESGPGCMSCK_0	3
HRAS_g12d_2	HRAS_g12d	QAQDLAR_-17	1
HRAS_g12d_2	HRAS_g12d	KLNPPDESGPGCMSCK_52.9	1
HRAS_g12d_2	HRAS_g12d	KLNPPDESGPGCMSCK_22	1
HRAS_g12d_2	HRAS_g12d	KLNPPDESGPGCMSCK_-0.1	1
HRAS_g12d_2	HRAS_g12d	LNPPDESGPGCMSCK_1	1
HRAS_g12d_2	HRAS_g12d	YDPTIEDSYRK_0	1
HRAS_g12d_2	HRAS_g12d	KLNPPDESGPGCMSCK_152	1
HRAS_g12d_2	HRAS_g12d	LNPPDESGPGCMSCK_-14	1
HRAS_g12d_2	HRAS_g12d	SFEDIHQYR_0	1
HRAS_g12d_2	HRAS_g12d	SFEDIHQYR_22	1
HRAS_g12d_2	HRAS_g12d	LNPPDESGPGCMSCK_-57	1
HRAS_g12d_2	HRAS_g12d	KLNPPDESGPGCMSCK_43	3
HRAS_g12d_2	HRAS_g12d	LNPPDESGPGCMSCK_154.1	1
HRAS_g12d_2	HRAS_g12d	LVVVGAGGVGK_58	3
HRAS_g12d_2	HRAS_g12d	LVVVGAGGVGK_1	1
HRAS_g12d_2	HRAS_g12d	SFEDIHQYR_196	2
HRAS_g12d_2	HRAS_g12d	KLNPPDESGPGCMSCK_26.1	1
HRAS_g12d_2	HRAS_g12d	YDPTIEDSYR_0	1
HRAS_g12d_2	HRAS_g12d	LVVVGAGGVGK_80	1
HRAS_g12d_2	HRAS_g12d	VKDSDDVPMVLVGNK_0	8
HRAS_g12d_2	HRAS_g12d	LNPPDESGPGCMSCK_43	1
HRAS_g12d_2	HRAS_g12d	SFEDIHQYR_43	1
HRAS_g12d_2	HRAS_g12d	VKDSDDVPMVLVGNKCDLAAR_0	2
HRAS_g12d_2	HRAS_g12d	DSDDVPMVLVGNK_0	4
HRAS_g12d_2	HRAS_g12d	VKDSDDVPMVLVGNKCDLAAR_-25	2
HRAS_g12d_2	HRAS_g12d	VKDSDDVPMVLVGNKCDLAAR_-9	1
HRAS_g12d_2	HRAS_g12d	VKDSDDVPMVLVGNK_242.1	1
HRAS_g12d_2	HRAS_g12d	VKDSDDVPMVLVGNK_6	1
HRAS_g12d_2	HRAS_g12d	VKDSDDVPMVLVGNK_43	3
HRAS_g12d_2	HRAS_g12d	VKDSDDVPMVLVGNK_1	1
HRAS_g12d_2	HRAS_g12d	VKDSDDVPMVLVGNKCDLAAR_-14	1
HRAS_g12d_2	HRAS_g12d	VKDSDDVPMVLVGNK_196	1
HRAS_g12d_2	HRAS_g12d	SDDVPMVLVGNK_0	1
HRAS_g12d_2	HRAS_g12d	VKDSDDVPMVLVGNK_-17	1
HRAS_g12d_2	HRAS_g12d	SYGIPYIETSAK_0	3
HRAS_g12d_2	HRAS_g12d	DSDDVPMVLVGNK_22	1
HRAS_g12d_2	HRAS_g12d	SYGIPYIETSAK_297	1
HRAS_g12d_2	HRAS_g12d	SYGIPYIETSAK_22	1
HRAS_g12d_2	HRAS_g12d	SYGIPYIETSAK_298.1	1
HRAS_g12d_2	HRAS_g12d	SYGIPYIETSAK_43	2
HRAS_g12d_2	HRAS_g12d	DSDDVPMVLVGNKCDLAAR_0	1
HRAS_g12d_2	HRAS_g12d	DSDDVPMVLVGNK_1	1
HRAS_g12d_2	HRAS_g12d	VKDSDDVPMVLVGNKCDLAAR_43	1
HRAS_g12d_2	HRAS_g12d	TRQGVEDAFYTLVR_0	1
HRAS_g12d_2	HRAS_g12d	DSDDVPMVLVGNK_43	2
HRAS_g12d_2	HRAS_g12d	QGVEDAFYTLVR_-18	1
HRAS_g12d_2	HRAS_g12d	QGVEDAFYTLVR_0	4
HRAS_g12d_2	HRAS_g12d	QGVEDAFYTLVR_37.9	1
HRAS_g12d_2	HRAS_g12d	QGVEDAFYTLVR_44	1
HRAS_g12d_2	HRAS_g12d	SALTIQLIQNHFVDEYDPTIEDSYRK_0	2
HRAS_g12d_2	HRAS_g12d	TGEGFLCVFAINNTK_16	1
HRAS_g12d_2	HRAS_g12d	TGEGFLCVFAINNTK_0	3
HRAS_g12d_2	HRAS_g12d	TGEGFLCVFAINNTK_55.9	1
HRAS_g12d_2	HRAS_g12d	SALTIQLIQNHFVDEYDPTIEDSYR_-16	1
HRAS_g12d_2	HRAS_g12d	SALTIQLIQNHFVDEYDPTIEDSYR_-17	1
HRAS_g12d_2	HRAS_g12d	SALTIQLIQNHFVDEYDPTIEDSYR_0	3
HRAS_g12d_2	HRAS_g12d	SALTIQLIQNHFVDEYDPTIEDSYR_53.9	1
HRAS_g12d_2	HRAS_g12d	TGEGFLCVFAINNTK_-14	1
HRAS_g12d_2	HRAS_g12d	TGEGFLCVFAINNTK_196	1
HRAS_g12d_2	HRAS_g12d	QGVEDAFYTLVR_-17	4
HRAS_g12d_2	HRAS_g12d	SALTIQLIQNHFVDEYDPTIEDSYRK_43	2
HRAS_g12d_2	HRAS_g12d	TGEGFLCVFAINNTK_43	2
HRAS_g12d_2	HRAS_g12d	QGVEDAFYTLVR_43	1
HRAS_g12d_2	HRAS_g12d	KQVVIDGETCLLDILDTAGQEEYSAMR_0	1
HRAS_g12d_2	HRAS_g12d	TGEGFLCVFAINNTK_60	1
HRAS_g12d_2	HRAS_g12d	SALTIQLIQNHFVDEYDPTIEDSYR_43	1
HRAS_g12d_2	HRAS_g12d	QVVIDGETCLLDILDTAGQEEYSAMR_0	7
HRAS_g12d_2	HRAS_g12d	QVVIDGETCLLDILDTAGQEEYSAMR_-17	4
HRAS_g12d_2	HRAS_g12d	QVVIDGETCLLDILDTAGQEEYSAMR_22	1
HRAS_g12d_2	HRAS_g12d	QVVIDGETCLLDILDTAGQEEYSAMR_5	1
HRAS_g12d_2	HRAS_g12d	QVVIDGETCLLDILDTAGQEEYSAMR_43	2
HRAS_g12d_3	HRAS_g12d	KLNPPDESGPGCMSCK_0	5
HRAS_g12d_3	HRAS_g12d	LNPPDESGPGCMSCK_0	3
HRAS_g12d_3	HRAS_g12d	KLNPPDESGPGCMSCK_53.9	1
HRAS_g12d_3	HRAS_g12d	KLNPPDESGPGCMSCK_1	1
HRAS_g12d_3	HRAS_g12d	KLNPPDESGPGCMSCK_22	1
HRAS_g12d_3	HRAS_g12d	LNPPDESGPGCMSCK_1	1
HRAS_g12d_3	HRAS_g12d	KLNPPDESGPGCMSCK_152	1
HRAS_g12d_3	HRAS_g12d	LNPPDESGPGCMSCK_-14	1
HRAS_g12d_3	HRAS_g12d	SFEDIHQYR_0	3
HRAS_g12d_3	HRAS_g12d	SFEDIHQYR_1	1
HRAS_g12d_3	HRAS_g12d	SFEDIHQYR_0.9	1
HRAS_g12d_3	HRAS_g12d	KLNPPDESGPGCMSCK_43	2
HRAS_g12d_3	HRAS_g12d	LNPPDESGPGCMSCK_154.1	1
HRAS_g12d_3	HRAS_g12d	KLNPPDESGPGCMSCK_26.1	1
HRAS_g12d_3	HRAS_g12d	LVVVGAGGVGK_0	1
HRAS_g12d_3	HRAS_g12d	YDPTIEDSYR_0	1
HRAS_g12d_3	HRAS_g12d	VKDSDDVPMVLVGNK_0	10
HRAS_g12d_3	HRAS_g12d	LNPPDESGPGCMSCK_43	1
HRAS_g12d_3	HRAS_g12d	SFEDIHQYR_43	1
HRAS_g12d_3	HRAS_g12d	VKDSDDVPMVLVGNKCDLAAR_0	3
HRAS_g12d_3	HRAS_g12d	DSDDVPMVLVGNK_0	7
HRAS_g12d_3	HRAS_g12d	VKDSDDVPMVLVGNKCDLAAR_-9	1
HRAS_g12d_3	HRAS_g12d	VKDSDDVPMVLVGNK_22	2
HRAS_g12d_3	HRAS_g12d	VKDSDDVPMVLVGNK_315.8	1
HRAS_g12d_3	HRAS_g12d	VKDSDDVPMVLVGNK_43	4
HRAS_g12d_3	HRAS_g12d	VKDSDDVPMVLVGNK_196	1
HRAS_g12d_3	HRAS_g12d	SDDVPMVLVGNK_0	1
HRAS_g12d_3	HRAS_g12d	VKDSDDVPMVLVGNKCDLAAR_-25	1
HRAS_g12d_3	HRAS_g12d	SYGIPYIETSAK_0	4
HRAS_g12d_3	HRAS_g12d	DSDDVPMVLVGNK_22	2
HRAS_g12d_3	HRAS_g12d	DSDDVPMVLVGNKCDLAAR_0	1
HRAS_g12d_3	HRAS_g12d	VKDSDDVPMVLVGNKCDLAAR_43	1
HRAS_g12d_3	HRAS_g12d	SYGIPYIETSAK_196	1
HRAS_g12d_3	HRAS_g12d	TRQGVEDAFYTLVR_0	3
HRAS_g12d_3	HRAS_g12d	DSDDVPMVLVGNK_43	1
HRAS_g12d_3	HRAS_g12d	SYGIPYIETSAK_43	1
HRAS_g12d_3	HRAS_g12d	SALTIQLIQNHFVDEYDPTIEDSYRK_1	1
HRAS_g12d_3	HRAS_g12d	QGVEDAFYTLVR_0	4
HRAS_g12d_3	HRAS_g12d	QGVEDAFYTLVR_37.9	1
HRAS_g12d_3	HRAS_g12d	QGVEDAFYTLVR_44	1
HRAS_g12d_3	HRAS_g12d	SALTIQLIQNHFVDEYDPTIEDSYRK_-17	1
HRAS_g12d_3	HRAS_g12d	SALTIQLIQNHFVDEYDPTIEDSYRK_0	1
HRAS_g12d_3	HRAS_g12d	SALTIQLIQNHFVDEYDPTIEDSYRK_2	1
HRAS_g12d_3	HRAS_g12d	TRQGVEDAFYTLVR_43	1
HRAS_g12d_3	HRAS_g12d	TGEGFLCVFAINNTK_0	9
HRAS_g12d_3	HRAS_g12d	TGEGFLCVFAINNTK_52.9	1
HRAS_g12d_3	HRAS_g12d	TGEGFLCVFAINNTK_9.9	1
HRAS_g12d_3	HRAS_g12d	SALTIQLIQNHFVDEYDPTIEDSYR_-17	1
HRAS_g12d_3	HRAS_g12d	SALTIQLIQNHFVDEYDPTIEDSYR_0	2
HRAS_g12d_3	HRAS_g12d	SALTIQLIQNHFVDEYDPTIEDSYR_22	1
HRAS_g12d_3	HRAS_g12d	TGEGFLCVFAINNTK_-14	2
HRAS_g12d_3	HRAS_g12d	TGEGFLCVFAINNTK_26	1
HRAS_g12d_3	HRAS_g12d	TGEGFLCVFAINNTK_196	1
HRAS_g12d_3	HRAS_g12d	QGVEDAFYTLVR_-17	3
HRAS_g12d_3	HRAS_g12d	QVVIDGETCLLDILDTAGQEEYSAMR_0	7
HRAS_g12d_3	HRAS_g12d	SALTIQLIQNHFVDEYDPTIEDSYRK_43	3
HRAS_g12d_3	HRAS_g12d	QGVEDAFYTLVR_43	1
HRAS_g12d_3	HRAS_g12d	KQVVIDGETCLLDILDTAGQEEYSAMR_0	2
HRAS_g12d_3	HRAS_g12d	TGEGFLCVFAINNTK_43	1
HRAS_g12d_3	HRAS_g12d	SALTIQLIQNHFVDEYDPTIEDSYR_43	1
HRAS_g12d_3	HRAS_g12d	QVVIDGETCLLDILDTAGQEEYSAMR_22	2
HRAS_g12d_3	HRAS_g12d	QVVIDGETCLLDILDTAGQEEYSAMR_-18	1
HRAS_g12d_3	HRAS_g12d	QVVIDGETCLLDILDTAGQEEYSAMR_37.9	1
HRAS_g12d_3	HRAS_g12d	QVVIDGETCLLDILDTAGQEEYSAMR_53.9	1
HRAS_g12d_3	HRAS_g12d	QVVIDGETCLLDILDTAGQEEYSAMR_-17	1
HRAS_g12d_3	HRAS_g12d	QVVIDGETCLLDILDTAGQEEYSAMR_43	2
