BRD3_3xFLAG_Untreated_1	BRD3_3xFLAG_Untreated	KANSTTTAGR_0	11
BRD3_3xFLAG_Untreated_1	BRD3_3xFLAG_Untreated	APAKKANSTTTAGR_382.1	13
BRD3_3xFLAG_Untreated_1	BRD3_3xFLAG_Untreated	KANSTTTAGR_-1	4
BRD3_3xFLAG_Untreated_1	BRD3_3xFLAG_Untreated	KANSTTTAGR_310.6	2
BRD3_3xFLAG_Untreated_1	BRD3_3xFLAG_Untreated	ANSTTTAGR_438.7	8
BRD3_3xFLAG_Untreated_1	BRD3_3xFLAG_Untreated	ANSTTTAGR_437.1	13
BRD3_3xFLAG_Untreated_1	BRD3_3xFLAG_Untreated	KPGSAPSGGPSR_0	2
BRD3_3xFLAG_Untreated_1	BRD3_3xFLAG_Untreated	ESGGRPIKPPKK_0	2
BRD3_3xFLAG_Untreated_1	BRD3_3xFLAG_Untreated	KEELAQEK_0	2
BRD3_3xFLAG_Untreated_1	BRD3_3xFLAG_Untreated	KEKPGSAPSGGPSR_484.7	2
BRD3_3xFLAG_Untreated_1	BRD3_3xFLAG_Untreated	SKEELAQEK_0	2
BRD3_3xFLAG_Untreated_1	BRD3_3xFLAG_Untreated	ESGGRPIKPPK_0	2
BRD3_3xFLAG_Untreated_1	BRD3_3xFLAG_Untreated	KADTTTPTTSAITASR_18	2
BRD3_3xFLAG_Untreated_1	BRD3_3xFLAG_Untreated	LEDGEVPQHAGKK_0	6
BRD3_3xFLAG_Untreated_1	BRD3_3xFLAG_Untreated	KDLEDGEVPQHAGKK_0	4
BRD3_3xFLAG_Untreated_1	BRD3_3xFLAG_Untreated	KDLEDGEVPQHAGKK_173.1	2
BRD3_3xFLAG_Untreated_1	BRD3_3xFLAG_Untreated	KDLEDGEVPQHAGKK_-0.5	2
BRD3_3xFLAG_Untreated_1	BRD3_3xFLAG_Untreated	KDVPDSQQHPAPEK_354.2	2
BRD3_3xFLAG_Untreated_1	BRD3_3xFLAG_Untreated	HPMDLSTVK_-0.1	2
BRD3_3xFLAG_Untreated_1	BRD3_3xFLAG_Untreated	DVPDSQQHPAPEK_482.2	2
BRD3_3xFLAG_Untreated_1	BRD3_3xFLAG_Untreated	HPMDLSTVK_0	17
BRD3_3xFLAG_Untreated_1	BRD3_3xFLAG_Untreated	AVHEQLAALSQAPVNKPK_403.3	2
BRD3_3xFLAG_Untreated_1	BRD3_3xFLAG_Untreated	LEDGEVPQHAGK_0	4
BRD3_3xFLAG_Untreated_1	BRD3_3xFLAG_Untreated	DLEDGEVPQHAGK_483	2
BRD3_3xFLAG_Untreated_1	BRD3_3xFLAG_Untreated	PPKKDLEDGEVPQHAGK_487.1	4
BRD3_3xFLAG_Untreated_1	BRD3_3xFLAG_Untreated	NLPDYHK_0	4
BRD3_3xFLAG_Untreated_1	BRD3_3xFLAG_Untreated	KDLEDGEVPQHAGK_0	6
BRD3_3xFLAG_Untreated_1	BRD3_3xFLAG_Untreated	QDVSGQLSSSK_0	2
BRD3_3xFLAG_Untreated_1	BRD3_3xFLAG_Untreated	KANEKTESSSAQQVAVSR_104	2
BRD3_3xFLAG_Untreated_1	BRD3_3xFLAG_Untreated	DLEDGEVPQHAGKK_0	6
BRD3_3xFLAG_Untreated_1	BRD3_3xFLAG_Untreated	DLEDGEVPQHAGKK_52.9	2
BRD3_3xFLAG_Untreated_1	BRD3_3xFLAG_Untreated	DLEDGEVPQHAGKK_172	2
BRD3_3xFLAG_Untreated_1	BRD3_3xFLAG_Untreated	VDVIAGSSK_435.7	2
BRD3_3xFLAG_Untreated_1	BRD3_3xFLAG_Untreated	DLEDGEVPQHAGK_463.3	2
BRD3_3xFLAG_Untreated_1	BRD3_3xFLAG_Untreated	RKADTTTPTTSAITASR_0	6
BRD3_3xFLAG_Untreated_1	BRD3_3xFLAG_Untreated	RKADTTTPTTSAITASR_0.1	2
BRD3_3xFLAG_Untreated_1	BRD3_3xFLAG_Untreated	TNQLQYMQNVVVK_69.1	2
BRD3_3xFLAG_Untreated_1	BRD3_3xFLAG_Untreated	LQDVSGQLSSSKK_459.1	2
BRD3_3xFLAG_Untreated_1	BRD3_3xFLAG_Untreated	NPMDMGTIK_0	23
BRD3_3xFLAG_Untreated_1	BRD3_3xFLAG_Untreated	NPMDMGTIK_-1	2
BRD3_3xFLAG_Untreated_1	BRD3_3xFLAG_Untreated	DLEDGEVPQHAGK_0	10
BRD3_3xFLAG_Untreated_1	BRD3_3xFLAG_Untreated	DLEDGEVPQHAGK_52.9	4
BRD3_3xFLAG_Untreated_1	BRD3_3xFLAG_Untreated	KDLEDGEVPQHAGK_-1.5	2
BRD3_3xFLAG_Untreated_1	BRD3_3xFLAG_Untreated	DLEDGEVPQHAGK_132.6	2
BRD3_3xFLAG_Untreated_1	BRD3_3xFLAG_Untreated	DLEDGEVPQHAGK_354.7	2
BRD3_3xFLAG_Untreated_1	BRD3_3xFLAG_Untreated	LQDVSGQLSSSKK_28	2
BRD3_3xFLAG_Untreated_1	BRD3_3xFLAG_Untreated	PPKKDLEDGEVPQHAGK_229	2
BRD3_3xFLAG_Untreated_1	BRD3_3xFLAG_Untreated	DLEDGEVPQHAGK_131.2	2
BRD3_3xFLAG_Untreated_1	BRD3_3xFLAG_Untreated	DLEDGEVPQHAGK_461.4	2
BRD3_3xFLAG_Untreated_1	BRD3_3xFLAG_Untreated	KADTTTPTTSAITASR_0	11
BRD3_3xFLAG_Untreated_1	BRD3_3xFLAG_Untreated	KADTTTPTTSAITASR_16.3	2
BRD3_3xFLAG_Untreated_1	BRD3_3xFLAG_Untreated	KADTTTPTTSAITASR_160.6	2
BRD3_3xFLAG_Untreated_1	BRD3_3xFLAG_Untreated	KADTTTPTTSAITASR_-1.7	4
BRD3_3xFLAG_Untreated_1	BRD3_3xFLAG_Untreated	KADTTTPTTSAITASR_52.9	6
BRD3_3xFLAG_Untreated_1	BRD3_3xFLAG_Untreated	KADTTTPTTSAITASR_-2.1	2
BRD3_3xFLAG_Untreated_1	BRD3_3xFLAG_Untreated	KADTTTPTTSAITASR_203.1	2
BRD3_3xFLAG_Untreated_1	BRD3_3xFLAG_Untreated	RLQDVSGQLSSSK_-28	4
BRD3_3xFLAG_Untreated_1	BRD3_3xFLAG_Untreated	SESPPPLSDPK_0	13
BRD3_3xFLAG_Untreated_1	BRD3_3xFLAG_Untreated	KADTTTPTTSAITASR_28	2
BRD3_3xFLAG_Untreated_1	BRD3_3xFLAG_Untreated	SESPPPLSDPK_80	21
BRD3_3xFLAG_Untreated_1	BRD3_3xFLAG_Untreated	AELQEQLK_0	4
BRD3_3xFLAG_Untreated_1	BRD3_3xFLAG_Untreated	RLQDVSGQLSSSK_0	4
BRD3_3xFLAG_Untreated_1	BRD3_3xFLAG_Untreated	YNPPDHEVVAMAR_-1	2
BRD3_3xFLAG_Untreated_1	BRD3_3xFLAG_Untreated	YNPPDHEVVAMAR_0	8
BRD3_3xFLAG_Untreated_1	BRD3_3xFLAG_Untreated	YNPPDHEVVAMAR_-0.9	2
BRD3_3xFLAG_Untreated_1	BRD3_3xFLAG_Untreated	LQDVSGQLSSSK_0	10
BRD3_3xFLAG_Untreated_1	BRD3_3xFLAG_Untreated	YNPPDHEVVAMAR_281.8	4
BRD3_3xFLAG_Untreated_1	BRD3_3xFLAG_Untreated	LMFSNCYKYNPPDHEVVAMAR_110	2
BRD3_3xFLAG_Untreated_1	BRD3_3xFLAG_Untreated	LQDVSGQLSSSK_52.9	2
BRD3_3xFLAG_Untreated_1	BRD3_3xFLAG_Untreated	NPMDMGTIKK_0	4
BRD3_3xFLAG_Untreated_1	BRD3_3xFLAG_Untreated	LQDVSGQLNSTK_0	2
BRD3_3xFLAG_Untreated_1	BRD3_3xFLAG_Untreated	GGSRPSSNLSSLSNASER_0.4	2
BRD3_3xFLAG_Untreated_1	BRD3_3xFLAG_Untreated	LQDVSGQLSSSK_-130.1	4
BRD3_3xFLAG_Untreated_1	BRD3_3xFLAG_Untreated	KADTTTPTTSAITASR_445.7	2
BRD3_3xFLAG_Untreated_1	BRD3_3xFLAG_Untreated	ADTTTPTTSAITASR_0	6
BRD3_3xFLAG_Untreated_1	BRD3_3xFLAG_Untreated	ADTTTPTTSAITASR_22	2
BRD3_3xFLAG_Untreated_1	BRD3_3xFLAG_Untreated	ADTTTPTTSAITASR_52.9	2
BRD3_3xFLAG_Untreated_1	BRD3_3xFLAG_Untreated	ADTTTPTTSAITASR_496.3	2
BRD3_3xFLAG_Untreated_1	BRD3_3xFLAG_Untreated	AVHEQLAALSQAPVNKPKK_0	2
BRD3_3xFLAG_Untreated_1	BRD3_3xFLAG_Untreated	DTTTPTTSAITASR_0	4
BRD3_3xFLAG_Untreated_1	BRD3_3xFLAG_Untreated	LQDVSGQLNSTK_-13	2
BRD3_3xFLAG_Untreated_1	BRD3_3xFLAG_Untreated	LQDVSGQLSSSK_28	4
BRD3_3xFLAG_Untreated_1	BRD3_3xFLAG_Untreated	IIKNPMDMGTIK_0	15
BRD3_3xFLAG_Untreated_1	BRD3_3xFLAG_Untreated	KTNQLQYMQNVVVK_0	11
BRD3_3xFLAG_Untreated_1	BRD3_3xFLAG_Untreated	PMDMGTIK_0	4
BRD3_3xFLAG_Untreated_1	BRD3_3xFLAG_Untreated	PMDLSTVK_0	2
BRD3_3xFLAG_Untreated_1	BRD3_3xFLAG_Untreated	AVHEQLAALSQAPVNKPK_16	10
BRD3_3xFLAG_Untreated_1	BRD3_3xFLAG_Untreated	AVHEQLAALSQAPVNKPK_0	10
BRD3_3xFLAG_Untreated_1	BRD3_3xFLAG_Untreated	AVHEQLAALSQAPVNKPK_52.9	8
BRD3_3xFLAG_Untreated_1	BRD3_3xFLAG_Untreated	AVHEQLAALSQAPVNKPK_135	2
BRD3_3xFLAG_Untreated_1	BRD3_3xFLAG_Untreated	AVHEQLAALSQAPVNKPK_96.9	2
BRD3_3xFLAG_Untreated_1	BRD3_3xFLAG_Untreated	AVHEQLAALSQAPVNKPK_143	2
BRD3_3xFLAG_Untreated_1	BRD3_3xFLAG_Untreated	AVHEQLAALSQAPVNKPK_168.9	2
BRD3_3xFLAG_Untreated_1	BRD3_3xFLAG_Untreated	YNPPDHEVVAMAR_495.4	4
BRD3_3xFLAG_Untreated_1	BRD3_3xFLAG_Untreated	YNPPDHDVVAMAR_14	13
BRD3_3xFLAG_Untreated_1	BRD3_3xFLAG_Untreated	AVHEQLAALSQAPVNKPK_-3.1	2
BRD3_3xFLAG_Untreated_1	BRD3_3xFLAG_Untreated	YNPPDHEVVAMAR_52.9	6
BRD3_3xFLAG_Untreated_1	BRD3_3xFLAG_Untreated	YNPPDHEVVAMAR_1.6	2
BRD3_3xFLAG_Untreated_1	BRD3_3xFLAG_Untreated	LMFSNCYKYNPPDHEVVAMAR_-100	6
BRD3_3xFLAG_Untreated_1	BRD3_3xFLAG_Untreated	YNPPDHEVVAMAR_34.5	2
BRD3_3xFLAG_Untreated_1	BRD3_3xFLAG_Untreated	TPMDMGTIK_0	2
BRD3_3xFLAG_Untreated_1	BRD3_3xFLAG_Untreated	AVHEQLAALSQPQQNK_314.2	2
BRD3_3xFLAG_Untreated_1	BRD3_3xFLAG_Untreated	DAQEFAADVR_0	2
BRD3_3xFLAG_Untreated_1	BRD3_3xFLAG_Untreated	KMDGREYPDAQGFAADVR_250.2	2
BRD3_3xFLAG_Untreated_1	BRD3_3xFLAG_Untreated	AVHEQLAALSQAPVNKPKK_303.1	2
BRD3_3xFLAG_Untreated_1	BRD3_3xFLAG_Untreated	IIKTPMDMGTIKK_13	4
BRD3_3xFLAG_Untreated_1	BRD3_3xFLAG_Untreated	TNQLQYMQNVVVK_0	38
BRD3_3xFLAG_Untreated_1	BRD3_3xFLAG_Untreated	SSYEDYADKPLEKPLK_0	2
BRD3_3xFLAG_Untreated_1	BRD3_3xFLAG_Untreated	TNQLQYMQNVVVK_-0.9	2
BRD3_3xFLAG_Untreated_1	BRD3_3xFLAG_Untreated	KLQDVFEMR_0	11
BRD3_3xFLAG_Untreated_1	BRD3_3xFLAG_Untreated	STATTVAPAGIPATPGPVNPPPPEVSNPSKPGR_-88.4	2
BRD3_3xFLAG_Untreated_1	BRD3_3xFLAG_Untreated	LAELQEQLK_0	13
BRD3_3xFLAG_Untreated_1	BRD3_3xFLAG_Untreated	LAELQEQLK_414.2	2
BRD3_3xFLAG_Untreated_1	BRD3_3xFLAG_Untreated	STATTVAPAGIPATPGPVNPPPPEVSNPSKPGR_-88.3	2
BRD3_3xFLAG_Untreated_1	BRD3_3xFLAG_Untreated	AVHEQLAALSQAPVNK_-3	2
BRD3_3xFLAG_Untreated_1	BRD3_3xFLAG_Untreated	AVHEQLAALSQAPVNK_0	2
BRD3_3xFLAG_Untreated_1	BRD3_3xFLAG_Untreated	LAELQEQLR_0	2
BRD3_3xFLAG_Untreated_1	BRD3_3xFLAG_Untreated	IKNPMDMGTIK_0	4
BRD3_3xFLAG_Untreated_1	BRD3_3xFLAG_Untreated	LQDVFEMR_0	10
BRD3_3xFLAG_Untreated_1	BRD3_3xFLAG_Untreated	QDVFEMR_0	2
BRD3_3xFLAG_Untreated_1	BRD3_3xFLAG_Untreated	PVDAEALELHDYHDIIK_-117.4	2
BRD3_3xFLAG_Untreated_1	BRD3_3xFLAG_Untreated	MSTATTVAPAGIPATPGPVNPPPPEVSNPSKPGRK_231.1	2
BRD3_3xFLAG_Untreated_1	BRD3_3xFLAG_Untreated	YPDAQGFAADVR_0	27
BRD3_3xFLAG_Untreated_1	BRD3_3xFLAG_Untreated	MSTATTVAPAGIPATPGPVNPPPPEVSNPSKPGR_401.2	2
BRD3_3xFLAG_Untreated_1	BRD3_3xFLAG_Untreated	PGRKTNQLQYMQNVVVK_439.2	4
BRD3_3xFLAG_Untreated_1	BRD3_3xFLAG_Untreated	AVHEQLAALSQAPVN_0	4
BRD3_3xFLAG_Untreated_1	BRD3_3xFLAG_Untreated	KTNQLQYMQNVVVK_2.5	2
BRD3_3xFLAG_Untreated_1	BRD3_3xFLAG_Untreated	MSTATTVAPAGIPATPGPVNPPPPEVSNPSKPGR_359.2	2
BRD3_3xFLAG_Untreated_1	BRD3_3xFLAG_Untreated	KTNQLQYMQNVVVK_52.9	2
BRD3_3xFLAG_Untreated_1	BRD3_3xFLAG_Untreated	KTNQLQYMQNVVVK_-2.9	2
BRD3_3xFLAG_Untreated_1	BRD3_3xFLAG_Untreated	KTNQLQYMQNVVVK_1	2
BRD3_3xFLAG_Untreated_1	BRD3_3xFLAG_Untreated	MPDEPVEAPALPAPAAPMVSK_-137.5	4
BRD3_3xFLAG_Untreated_1	BRD3_3xFLAG_Untreated	PVDAEALELHDYHDIIK_149.4	2
BRD3_3xFLAG_Untreated_1	BRD3_3xFLAG_Untreated	EYPDAQGFAADVR_0	4
BRD3_3xFLAG_Untreated_1	BRD3_3xFLAG_Untreated	EYPDAQGFAADVR_479.2	10
BRD3_3xFLAG_Untreated_1	BRD3_3xFLAG_Untreated	EYPDAQGFAADVR_52.9	4
BRD3_3xFLAG_Untreated_1	BRD3_3xFLAG_Untreated	EYPDAQGFAADVR_37.9	2
BRD3_3xFLAG_Untreated_1	BRD3_3xFLAG_Untreated	EYPDAQGFAADVR_476.4	4
BRD3_3xFLAG_Untreated_1	BRD3_3xFLAG_Untreated	EYPDAQGFAADVR_22	2
BRD3_3xFLAG_Untreated_1	BRD3_3xFLAG_Untreated	KMDGREYPDAQGFAADVR_115.5	4
BRD3_3xFLAG_Untreated_1	BRD3_3xFLAG_Untreated	PVDAEALELHDYHDIIK_244.1	2
BRD3_3xFLAG_Untreated_1	BRD3_3xFLAG_Untreated	MSTATTVAPAGIPATPGPVNPPPPEVSNPSKPGR_385.3	2
BRD3_3xFLAG_Untreated_1	BRD3_3xFLAG_Untreated	MSTATTVAPAGIPATPGPVNPPPPEVSNPSKPGR_385.2	8
BRD3_3xFLAG_Untreated_1	BRD3_3xFLAG_Untreated	KLQDVFEMR_52.9	2
BRD3_3xFLAG_Untreated_1	BRD3_3xFLAG_Untreated	MSTATTVAPAGIPATPGPVNPPPPEVSNPSKPGR_273.2	2
BRD3_3xFLAG_Untreated_1	BRD3_3xFLAG_Untreated	KLQDVFEMR_-2	2
BRD3_3xFLAG_Untreated_1	BRD3_3xFLAG_Untreated	MSTATTVAPAGIPATPGPVNPPPPEVSNPSKPGR_273.1	6
BRD3_3xFLAG_Untreated_1	BRD3_3xFLAG_Untreated	MSTATTVAPAGIPATPGPVNPPPPEVSNPSKPGR_343.2	2
BRD3_3xFLAG_Untreated_1	BRD3_3xFLAG_Untreated	MPDEPVEAPALPAPAAPMVSK_0	34
BRD3_3xFLAG_Untreated_1	BRD3_3xFLAG_Untreated	NQLQYMQNVVVK_0	4
BRD3_3xFLAG_Untreated_1	BRD3_3xFLAG_Untreated	MSTATTVAPAGIPATPGPVNPPPPEVSNPSKPGR_258	2
BRD3_3xFLAG_Untreated_1	BRD3_3xFLAG_Untreated	STATTVAPAGIPATPGPVNPPPPEVSNPSKPGR_399.1	6
BRD3_3xFLAG_Untreated_1	BRD3_3xFLAG_Untreated	MSTATTVAPAGIPATPGPVNPPPPEVSNPSKPGR_257.1	10
BRD3_3xFLAG_Untreated_1	BRD3_3xFLAG_Untreated	MSTATTVAPAGIPATPGPVNPPPPEVSNPSKPGR_276	2
BRD3_3xFLAG_Untreated_1	BRD3_3xFLAG_Untreated	STATTVAPAGIPATPGPVNPPPPEVSNPSKPGR_426.1	2
BRD3_3xFLAG_Untreated_1	BRD3_3xFLAG_Untreated	MSTATTVAPAGIPATPGPVNPPPPEVSNPSKPGR_281.1	2
BRD3_3xFLAG_Untreated_1	BRD3_3xFLAG_Untreated	MSTATTVAPAGIPATPGPVNPPPPEVSNPSKPGR_310.1	2
BRD3_3xFLAG_Untreated_1	BRD3_3xFLAG_Untreated	PVDAEALELHDYHDIIK_292.2	2
BRD3_3xFLAG_Untreated_1	BRD3_3xFLAG_Untreated	PVDAEALELHDYHDIIK_344.1	4
BRD3_3xFLAG_Untreated_1	BRD3_3xFLAG_Untreated	PVDAEALELHDYHDIIK_291.2	8
BRD3_3xFLAG_Untreated_1	BRD3_3xFLAG_Untreated	VDAEALELHDYHDIIK_0	2
BRD3_3xFLAG_Untreated_1	BRD3_3xFLAG_Untreated	PVDAEALELHDYHDIIK_341.1	2
BRD3_3xFLAG_Untreated_1	BRD3_3xFLAG_Untreated	VAQMPQEEVELLPPAPK_0	17
BRD3_3xFLAG_Untreated_1	BRD3_3xFLAG_Untreated	PVDASALGLHDYHDIIK_-52.6	2
BRD3_3xFLAG_Untreated_1	BRD3_3xFLAG_Untreated	KHAAYAWPFYK_312.2	2
BRD3_3xFLAG_Untreated_1	BRD3_3xFLAG_Untreated	TNQLQYMQNVVVK_22	4
BRD3_3xFLAG_Untreated_1	BRD3_3xFLAG_Untreated	TNQLQYMQNVVVK_36.9	4
BRD3_3xFLAG_Untreated_1	BRD3_3xFLAG_Untreated	TNQLQYMQNVVVK_52.9	6
BRD3_3xFLAG_Untreated_1	BRD3_3xFLAG_Untreated	VAQMPQEEVELLPPAPK_1	2
BRD3_3xFLAG_Untreated_1	BRD3_3xFLAG_Untreated	KHAAYAWPFYK_311.1	2
BRD3_3xFLAG_Untreated_1	BRD3_3xFLAG_Untreated	QASASYDSEEEEEGLPMSYDEK_284.7	2
BRD3_3xFLAG_Untreated_1	BRD3_3xFLAG_Untreated	TNQLQYMQNVVVK_-1.3	2
BRD3_3xFLAG_Untreated_1	BRD3_3xFLAG_Untreated	VAQMPQEEVELLPPAPK_-0.1	6
BRD3_3xFLAG_Untreated_1	BRD3_3xFLAG_Untreated	QASASYDSEEEEEGLPMSYDEK_-17	6
BRD3_3xFLAG_Untreated_1	BRD3_3xFLAG_Untreated	QASASYDSEEEEEGLPMSYDEK_35.9	2
BRD3_3xFLAG_Untreated_1	BRD3_3xFLAG_Untreated	PVDAEALELHDYHDIIK_0	4
BRD3_3xFLAG_Untreated_1	BRD3_3xFLAG_Untreated	HAAYAWPFYK_0	4
BRD3_3xFLAG_Untreated_1	BRD3_3xFLAG_Untreated	HAAYAWPFYK_416.2	2
BRD3_3xFLAG_Untreated_1	BRD3_3xFLAG_Untreated	MPDEPVEAPALPAPAAPMVSK_51.9	2
BRD3_3xFLAG_Untreated_1	BRD3_3xFLAG_Untreated	MPDEPVEAPALPAPAAPMVSK_36.9	2
BRD3_3xFLAG_Untreated_1	BRD3_3xFLAG_Untreated	MPDEPVEAPALPAPAAPMVSK_22	10
BRD3_3xFLAG_Untreated_1	BRD3_3xFLAG_Untreated	MPDEPVEAPALPAPAAPMVSK_52.9	25
BRD3_3xFLAG_Untreated_1	BRD3_3xFLAG_Untreated	MSTATTVAPAGIPATPGPVNPPPPEVSNPSK_215.1	2
BRD3_3xFLAG_Untreated_1	BRD3_3xFLAG_Untreated	MPDEPVEAPALPAPAAPMVSK_68.9	2
BRD3_3xFLAG_Untreated_1	BRD3_3xFLAG_Untreated	MPDEPVEAPALPAPAAPMVSK_53.9	4
BRD3_3xFLAG_Untreated_1	BRD3_3xFLAG_Untreated	PDEPVEAPALPAPAAPMVSK_0	4
BRD3_3xFLAG_Untreated_1	BRD3_3xFLAG_Untreated	MPDEPVEAPALPAPAAPMVSK_2.1	2
BRD3_3xFLAG_Untreated_1	BRD3_3xFLAG_Untreated	MPDEPVEAPALPAPAAPMVSK_67.9	2
BRD3_3xFLAG_Untreated_1	BRD3_3xFLAG_Untreated	MPDEPVEAPALPAPAAPMVSK_401.6	2
BRD3_3xFLAG_Untreated_1	BRD3_3xFLAG_Untreated	MPDEPVEAPALPAPAAPMVSK_1	2
BRD3_3xFLAG_Untreated_1	BRD3_3xFLAG_Untreated	LQDVFEMR_-130.1	2
BRD3_3xFLAG_Untreated_1	BRD3_3xFLAG_Untreated	QLSLDINR_-17	6
BRD3_3xFLAG_Untreated_1	BRD3_3xFLAG_Untreated	VAQMPQEEVELLPPAPK_22	11
BRD3_3xFLAG_Untreated_1	BRD3_3xFLAG_Untreated	VAQMPQEEVELLPPAPK_36.9	6
BRD3_3xFLAG_Untreated_1	BRD3_3xFLAG_Untreated	VAQMPQEEVELLPPAPK_48	2
BRD3_3xFLAG_Untreated_1	BRD3_3xFLAG_Untreated	VAQMPQEEVELLPPAPK_52.9	19
BRD3_3xFLAG_Untreated_1	BRD3_3xFLAG_Untreated	VAQMPQEEVELLPPAPK_44	2
BRD3_3xFLAG_Untreated_1	BRD3_3xFLAG_Untreated	VAQMPQEEVELLPPAPK_32.9	4
BRD3_3xFLAG_Untreated_1	BRD3_3xFLAG_Untreated	VAQMPQEEVELLPPAPK_175	4
BRD3_3xFLAG_Untreated_1	BRD3_3xFLAG_Untreated	VAQMPQEEVELLPPAPK_2.5	2
BRD3_3xFLAG_Untreated_1	BRD3_3xFLAG_Untreated	VAQMPQEEVELLPPAPK_38.5	2
BRD3_3xFLAG_Untreated_1	BRD3_3xFLAG_Untreated	VAQMPQEEVELLPPAPK_14.5	4
BRD3_3xFLAG_Untreated_1	BRD3_3xFLAG_Untreated	VAQMPQEEVELLPPAPK_28	2
BRD3_3xFLAG_Untreated_1	BRD3_3xFLAG_Untreated	VAQMPQEEVELLPPAPK_6	2
BRD3_3xFLAG_Untreated_1	BRD3_3xFLAG_Untreated	VAQMPQEEVELLPPAPK_-2	2
BRD3_3xFLAG_Untreated_1	BRD3_3xFLAG_Untreated	MPDEPVEAPALPAPAAPMVSK_17	6
BRD3_3xFLAG_Untreated_1	BRD3_3xFLAG_Untreated	MPDEPVEAPALPAPAAPMVSK_38	6
BRD3_3xFLAG_Untreated_1	BRD3_3xFLAG_Untreated	VAQMPQEEVELLPPAPK_53.9	2
BRD3_3xFLAG_Untreated_1	BRD3_3xFLAG_Untreated	MPDEPVEAPALPAPAAPMVSK_45	2
BRD3_3xFLAG_Untreated_1	BRD3_3xFLAG_Untreated	MPDEPVEAPALPAPAAPMVSK_49.9	2
BRD3_3xFLAG_Untreated_1	BRD3_3xFLAG_Untreated	MPDEPVEAPALPAPAAPMVSK_48.9	4
BRD3_3xFLAG_Untreated_1	BRD3_3xFLAG_Untreated	MPDEPVEAPALPAPAAPMVSK_95.9	2
BRD3_3xFLAG_Untreated_1	BRD3_3xFLAG_Untreated	MPDEPVEAPALPAPAAPMVSK_44	2
BRD3_3xFLAG_Untreated_1	BRD3_3xFLAG_Untreated	MPDEPVEAPALPAPAAPMVSK_18.6	2
BRD3_3xFLAG_Untreated_1	BRD3_3xFLAG_Untreated	MPDEPVEAPALPAPAAPMVSK_-2.6	4
BRD3_3xFLAG_Untreated_1	BRD3_3xFLAG_Untreated	MPDEPVEAPALPAPAAPMVSK_62.9	2
BRD3_3xFLAG_Untreated_1	BRD3_3xFLAG_Untreated	HAAYAWPFYK_311.1	11
BRD3_3xFLAG_Untreated_1	BRD3_3xFLAG_Untreated	MPDEPVEAPALPAPAAPMVSK_12.6	2
BRD3_3xFLAG_Untreated_1	BRD3_3xFLAG_Untreated	QLSLDINKLPGEK_-17	2
BRD3_3xFLAG_Untreated_1	BRD3_3xFLAG_Untreated	INELPTEETEIMIVQAK_-1	2
BRD3_3xFLAG_Untreated_1	BRD3_3xFLAG_Untreated	PVDAEALELHDYHDIIK_250.1	2
BRD3_3xFLAG_Untreated_1	BRD3_3xFLAG_Untreated	DSNPDEIEIDFETLKPTTLR_0	25
BRD3_3xFLAG_Untreated_1	BRD3_3xFLAG_Untreated	MPDEPVEAPALPAPAAPMVS_0	4
BRD3_3xFLAG_Untreated_1	BRD3_3xFLAG_Untreated	MPDEPVEAPALPAPAAPMVSK_-127.1	2
BRD3_3xFLAG_Untreated_1	BRD3_3xFLAG_Untreated	MPDEPVEAPALPAPAAPMVSKGAESSR_-71	2
BRD3_3xFLAG_Untreated_1	BRD3_3xFLAG_Untreated	PVDAEALELHDYHDIIK_430.2	2
BRD3_3xFLAG_Untreated_1	BRD3_3xFLAG_Untreated	PVDAEALELHDYHDIIK_164.1	6
BRD3_3xFLAG_Untreated_1	BRD3_3xFLAG_Untreated	PVDAEALELHDYHDIIK_431.7	2
BRD3_3xFLAG_Untreated_1	BRD3_3xFLAG_Untreated	PVDAEALELHDYHDIIK_-51.4	2
BRD3_3xFLAG_Untreated_1	BRD3_3xFLAG_Untreated	HAAYAWPFYKPVDAEALELHDYHDIIK_0	6
BRD3_3xFLAG_Untreated_1	BRD3_3xFLAG_Untreated	EPSLKNSNPDEIEIDFETLKPSTLR_218.1	2
BRD3_3xFLAG_Untreated_1	BRD3_3xFLAG_Untreated	NSNPDEIEIDFETLKPSTLR_0	2
BRD3_3xFLAG_Untreated_1	BRD3_3xFLAG_Untreated	SNPDEIEIDFETLKPTTLR_0	4
BRD3_3xFLAG_Untreated_1	BRD3_3xFLAG_Untreated	PVDAEALELHDYHDIIK_100	2
BRD3_3xFLAG_Untreated_1	BRD3_3xFLAG_Untreated	EPSLRDSNPDEIEIDFETLKPTTLR_41.7	2
BRD3_3xFLAG_Untreated_1	BRD3_3xFLAG_Untreated	HAAYAWPFY_0	2
BRD3_3xFLAG_Untreated_1	BRD3_3xFLAG_Untreated	TLWKHQFAWPFYQPVDAIK_493.2	2
BRD3_3xFLAG_Untreated_1	BRD3_3xFLAG_Untreated	HQFAWPFYQPVDAIK_303.1	2
BRD3_3xFLAG_Untreated_1	BRD3_3xFLAG_Untreated	HQFAWPFYQPVDAIK_0	10
BRD3_3xFLAG_Untreated_1	BRD3_3xFLAG_Untreated	HQFAWPFYQPVDAIK_52.9	13
BRD3_3xFLAG_Untreated_1	BRD3_3xFLAG_Untreated	PTDDIVLMAQALEK_242.1	2
BRD3_3xFLAG_Untreated_1	BRD3_3xFLAG_Untreated	HQFAWPFYQPVDAIK_22	4
BRD3_3xFLAG_Untreated_1	BRD3_3xFLAG_Untreated	HQFAWPFYQPVDAIK_-3.1	2
BRD3_3xFLAG_Untreated_1	BRD3_3xFLAG_Untreated	DSNPDEIEIDFETLKPTTLR_-2.1	2
BRD3_3xFLAG_Untreated_1	BRD3_3xFLAG_Untreated	HQFAWPFYQPVDAIK_53.9	2
BRD3_3xFLAG_Untreated_1	BRD3_3xFLAG_Untreated	DSNPDEIEIDFETLKPTTLR_52.9	10
BRD3_3xFLAG_Untreated_1	BRD3_3xFLAG_Untreated	DSNPDEIEIDFETLKPTTLR_48.9	6
BRD3_3xFLAG_Untreated_1	BRD3_3xFLAG_Untreated	DSNPDEIEIDFETLKPTTLR_22	11
BRD3_3xFLAG_Untreated_1	BRD3_3xFLAG_Untreated	DSNPDEIEIDFETLKPTTLR_38	2
BRD3_3xFLAG_Untreated_1	BRD3_3xFLAG_Untreated	DSNPDEIEIDFETLKPTTLR_60.9	2
BRD3_3xFLAG_Untreated_1	BRD3_3xFLAG_Untreated	EPSLRDSNPDEIEIDFETLKPTTLR_109.6	2
BRD3_3xFLAG_Untreated_1	BRD3_3xFLAG_Untreated	DSNPDEIEIDFETLKPTTLR_-2.8	6
BRD3_3xFLAG_Untreated_1	BRD3_3xFLAG_Untreated	EPSLRDSNPDEIEIDFETLKPTTLR_223.1	2
BRD3_3xFLAG_Untreated_1	BRD3_3xFLAG_Untreated	DSNPDEIEIDFETLKPTTLR_37.9	2
BRD3_3xFLAG_Untreated_1	BRD3_3xFLAG_Untreated	EPSLRDSNPDEIEIDFETLKPTTLR_441.8	2
BRD3_3xFLAG_Untreated_1	BRD3_3xFLAG_Untreated	DSNPDEIEIDFETLKPTTLR_1	2
BRD3_3xFLAG_Untreated_1	BRD3_3xFLAG_Untreated	HQFAWPFYQPVDAIK_-1.4	2
BRD3_3xFLAG_Untreated_1	BRD3_3xFLAG_Untreated	EPSLRDSNPDEIEIDFETLKPTTLR_195.1	10
BRD3_3xFLAG_Untreated_1	BRD3_3xFLAG_Untreated	RLENNYYWSASECMQDFNTMFTNCYIYNK_181.1	4
BRD3_3xFLAG_Untreated_1	BRD3_3xFLAG_Untreated	EPSLRDSNPDEIEIDFETLKPTTLR_233.7	2
BRD3_3xFLAG_Untreated_1	BRD3_3xFLAG_Untreated	PTDDIVLMAQALEK_-1.1	2
BRD3_3xFLAG_Untreated_1	BRD3_3xFLAG_Untreated	PTDDIVLMAQALEK_0	2
BRD3_3xFLAG_Untreated_1	BRD3_3xFLAG_Untreated	DSNPDEIEIDFETLKPTTLR_42	2
BRD3_3xFLAG_Untreated_1	BRD3_3xFLAG_Untreated	RLENNYYWSASECMQDFNTMFTNCYIYNK_165.1	4
BRD3_3xFLAG_Untreated_1	BRD3_3xFLAG_Untreated	RLENNYYWSASECMQDFNTMFTNCYIYNK_161.7	2
BRD3_3xFLAG_Untreated_1	BRD3_3xFLAG_Untreated	TLWKHQFAWPFYQPVDAIK_-3	4
BRD3_3xFLAG_Untreated_1	BRD3_3xFLAG_Untreated	QFAWPFYQPVDAIK_0	2
BRD3_3xFLAG_Untreated_1	BRD3_3xFLAG_Untreated	LENNYYWSASECMQDFNTMFTNCYIYNK_165.1	2
BRD3_3xFLAG_Untreated_1	BRD3_3xFLAG_Untreated	EVISCMFEPEGNACSLTDSTAEEHVLALVEHAADEAR_-115.1	2
BRD3_3xFLAG_Untreated_1	BRD3_3xFLAG_Untreated	TQPAENESTPIQQLLEHFLR_0	4
BRD3_3xFLAG_JQ1_10min_1	BRD3_3xFLAG_JQ1_10min	ANSTTTAGR_438.7	10
BRD3_3xFLAG_JQ1_10min_1	BRD3_3xFLAG_JQ1_10min	KANSTTTAGR_0	14
BRD3_3xFLAG_JQ1_10min_1	BRD3_3xFLAG_JQ1_10min	APAKKANSTTTAGR_382.1	12
BRD3_3xFLAG_JQ1_10min_1	BRD3_3xFLAG_JQ1_10min	KANSTTTAGR_-1.1	1
BRD3_3xFLAG_JQ1_10min_1	BRD3_3xFLAG_JQ1_10min	NSTTTAGR_0	2
BRD3_3xFLAG_JQ1_10min_1	BRD3_3xFLAG_JQ1_10min	ANSTTTAGR_28	1
BRD3_3xFLAG_JQ1_10min_1	BRD3_3xFLAG_JQ1_10min	EKPGSAPSGGPSR_408.5	1
BRD3_3xFLAG_JQ1_10min_1	BRD3_3xFLAG_JQ1_10min	KEELAQEK_0	1
BRD3_3xFLAG_JQ1_10min_1	BRD3_3xFLAG_JQ1_10min	KPFSASGK_172	1
BRD3_3xFLAG_JQ1_10min_1	BRD3_3xFLAG_JQ1_10min	SGGRPIKPPK_0	1
BRD3_3xFLAG_JQ1_10min_1	BRD3_3xFLAG_JQ1_10min	SKEELAQEK_0	2
BRD3_3xFLAG_JQ1_10min_1	BRD3_3xFLAG_JQ1_10min	SKEELAQEK_388.8	1
BRD3_3xFLAG_JQ1_10min_1	BRD3_3xFLAG_JQ1_10min	ESGGRPIKPPK_0	13
BRD3_3xFLAG_JQ1_10min_1	BRD3_3xFLAG_JQ1_10min	KLSEHLR_0	1
BRD3_3xFLAG_JQ1_10min_1	BRD3_3xFLAG_JQ1_10min	KDLPDSQQQHQSSK_370.8	1
BRD3_3xFLAG_JQ1_10min_1	BRD3_3xFLAG_JQ1_10min	LEDGEVPQHAGKK_0	3
BRD3_3xFLAG_JQ1_10min_1	BRD3_3xFLAG_JQ1_10min	HPMDLSTVKR_398.1	1
BRD3_3xFLAG_JQ1_10min_1	BRD3_3xFLAG_JQ1_10min	KDLEDGEVPQHAGKK_455.1	1
BRD3_3xFLAG_JQ1_10min_1	BRD3_3xFLAG_JQ1_10min	KDLEDGEVPQHAGKK_-1	1
BRD3_3xFLAG_JQ1_10min_1	BRD3_3xFLAG_JQ1_10min	KDLEDGEVPQHAGKK_0	4
BRD3_3xFLAG_JQ1_10min_1	BRD3_3xFLAG_JQ1_10min	KDLEDGEVPQHAGKK_172	1
BRD3_3xFLAG_JQ1_10min_1	BRD3_3xFLAG_JQ1_10min	DVPDSQQHPAPEK_482.2	1
BRD3_3xFLAG_JQ1_10min_1	BRD3_3xFLAG_JQ1_10min	HPMDLSTVK_0	19
BRD3_3xFLAG_JQ1_10min_1	BRD3_3xFLAG_JQ1_10min	AVHEQLAALSQAPVNKPK_403.3	3
BRD3_3xFLAG_JQ1_10min_1	BRD3_3xFLAG_JQ1_10min	VHIIQSR_0	2
BRD3_3xFLAG_JQ1_10min_1	BRD3_3xFLAG_JQ1_10min	KDLEDGEVPQHAGK_0	4
BRD3_3xFLAG_JQ1_10min_1	BRD3_3xFLAG_JQ1_10min	DLEDGEVPQHAGKK_0	4
BRD3_3xFLAG_JQ1_10min_1	BRD3_3xFLAG_JQ1_10min	LEDGEVPQHAGK_0	6
BRD3_3xFLAG_JQ1_10min_1	BRD3_3xFLAG_JQ1_10min	DLEDGEVPQHAGK_57	1
BRD3_3xFLAG_JQ1_10min_1	BRD3_3xFLAG_JQ1_10min	NLPDYHK_0	3
BRD3_3xFLAG_JQ1_10min_1	BRD3_3xFLAG_JQ1_10min	KDLEDGEVPQHAGK_99.1	1
BRD3_3xFLAG_JQ1_10min_1	BRD3_3xFLAG_JQ1_10min	KDLEDGEVPQHAGK_172	1
BRD3_3xFLAG_JQ1_10min_1	BRD3_3xFLAG_JQ1_10min	KDLEDGEVPQHAGK_131.1	1
BRD3_3xFLAG_JQ1_10min_1	BRD3_3xFLAG_JQ1_10min	KDLEDGEVPQHAGK_52.9	1
BRD3_3xFLAG_JQ1_10min_1	BRD3_3xFLAG_JQ1_10min	QDVSGQLSSSK_0	1
BRD3_3xFLAG_JQ1_10min_1	BRD3_3xFLAG_JQ1_10min	TESSSAQQVAVSR_0	1
BRD3_3xFLAG_JQ1_10min_1	BRD3_3xFLAG_JQ1_10min	DLEDGEVPQHAGKK_52.9	2
BRD3_3xFLAG_JQ1_10min_1	BRD3_3xFLAG_JQ1_10min	DLEDGEVPQHAGKK_172	2
BRD3_3xFLAG_JQ1_10min_1	BRD3_3xFLAG_JQ1_10min	DLEDGEVPQHAGKK_174	1
BRD3_3xFLAG_JQ1_10min_1	BRD3_3xFLAG_JQ1_10min	DLEDGEVPQHAGK_0	9
BRD3_3xFLAG_JQ1_10min_1	BRD3_3xFLAG_JQ1_10min	RKADTTTPTTSAITASR_0	13
BRD3_3xFLAG_JQ1_10min_1	BRD3_3xFLAG_JQ1_10min	VVHIIQSR_172	2
BRD3_3xFLAG_JQ1_10min_1	BRD3_3xFLAG_JQ1_10min	LQDVSGQLSSSKK_458.6	1
BRD3_3xFLAG_JQ1_10min_1	BRD3_3xFLAG_JQ1_10min	LQDVSGQLSSSKK_455.3	1
BRD3_3xFLAG_JQ1_10min_1	BRD3_3xFLAG_JQ1_10min	NPMDMGTIK_-1	2
BRD3_3xFLAG_JQ1_10min_1	BRD3_3xFLAG_JQ1_10min	NPMDMGTIK_0	9
BRD3_3xFLAG_JQ1_10min_1	BRD3_3xFLAG_JQ1_10min	DLEDGEVPQHAGK_-18	1
BRD3_3xFLAG_JQ1_10min_1	BRD3_3xFLAG_JQ1_10min	RKADTTTPTTSAITASR_384.2	1
BRD3_3xFLAG_JQ1_10min_1	BRD3_3xFLAG_JQ1_10min	LQDVSGQLSSSKK_28	1
BRD3_3xFLAG_JQ1_10min_1	BRD3_3xFLAG_JQ1_10min	DLEDGEVPQHAGK_52.9	4
BRD3_3xFLAG_JQ1_10min_1	BRD3_3xFLAG_JQ1_10min	DLEDGEVPQHAGK_134.1	2
BRD3_3xFLAG_JQ1_10min_1	BRD3_3xFLAG_JQ1_10min	DLEDGEVPQHAGK_172	2
BRD3_3xFLAG_JQ1_10min_1	BRD3_3xFLAG_JQ1_10min	DLEDGEVPQHAGK_459.4	1
BRD3_3xFLAG_JQ1_10min_1	BRD3_3xFLAG_JQ1_10min	DLEDGEVPQHAGK_354.7	2
BRD3_3xFLAG_JQ1_10min_1	BRD3_3xFLAG_JQ1_10min	PPKKDLEDGEVPQHAGK_229.1	1
BRD3_3xFLAG_JQ1_10min_1	BRD3_3xFLAG_JQ1_10min	DLEDGEVPQHAGK_469.3	1
BRD3_3xFLAG_JQ1_10min_1	BRD3_3xFLAG_JQ1_10min	KADTTTPTTSAITASR_0	10
BRD3_3xFLAG_JQ1_10min_1	BRD3_3xFLAG_JQ1_10min	KDLEDGEVPQHAGK_-1.5	1
BRD3_3xFLAG_JQ1_10min_1	BRD3_3xFLAG_JQ1_10min	RKADTTTPTTSAITASR_141	1
BRD3_3xFLAG_JQ1_10min_1	BRD3_3xFLAG_JQ1_10min	KADTTTPTTSAITASR_52.9	16
BRD3_3xFLAG_JQ1_10min_1	BRD3_3xFLAG_JQ1_10min	KADTTTPTTSAITASR_-1.7	6
BRD3_3xFLAG_JQ1_10min_1	BRD3_3xFLAG_JQ1_10min	KADTTTPTTSAITASR_22	2
BRD3_3xFLAG_JQ1_10min_1	BRD3_3xFLAG_JQ1_10min	KADTTTPTTSAITASR_38	1
BRD3_3xFLAG_JQ1_10min_1	BRD3_3xFLAG_JQ1_10min	HPMDLSTVK_296.1	1
BRD3_3xFLAG_JQ1_10min_1	BRD3_3xFLAG_JQ1_10min	RKADTTTPTTSAITASR_-9.2	1
BRD3_3xFLAG_JQ1_10min_1	BRD3_3xFLAG_JQ1_10min	KADTTTPTTSAITASR_160.6	3
BRD3_3xFLAG_JQ1_10min_1	BRD3_3xFLAG_JQ1_10min	KADTTTPTTSAITASR_16.3	1
BRD3_3xFLAG_JQ1_10min_1	BRD3_3xFLAG_JQ1_10min	KADTTTPTTSAITASR_-0.1	1
BRD3_3xFLAG_JQ1_10min_1	BRD3_3xFLAG_JQ1_10min	KADTTTPTTSAITASR_-2.1	1
BRD3_3xFLAG_JQ1_10min_1	BRD3_3xFLAG_JQ1_10min	KADTTTPTTSAITASR_339.2	3
BRD3_3xFLAG_JQ1_10min_1	BRD3_3xFLAG_JQ1_10min	RLQDVSGQLSSSK_-28	7
BRD3_3xFLAG_JQ1_10min_1	BRD3_3xFLAG_JQ1_10min	HPMDLSTVK_1.8	1
BRD3_3xFLAG_JQ1_10min_1	BRD3_3xFLAG_JQ1_10min	KADTTTPTTSAITASR_203.1	1
BRD3_3xFLAG_JQ1_10min_1	BRD3_3xFLAG_JQ1_10min	SESPPPLSDPK_0	11
BRD3_3xFLAG_JQ1_10min_1	BRD3_3xFLAG_JQ1_10min	SESPPPLSDPK_-2.1	1
BRD3_3xFLAG_JQ1_10min_1	BRD3_3xFLAG_JQ1_10min	RKADTTTPTTSAITASR_47	1
BRD3_3xFLAG_JQ1_10min_1	BRD3_3xFLAG_JQ1_10min	SESPPPLSDPK_-2	1
BRD3_3xFLAG_JQ1_10min_1	BRD3_3xFLAG_JQ1_10min	AELQEQLK_0	4
BRD3_3xFLAG_JQ1_10min_1	BRD3_3xFLAG_JQ1_10min	KADTTTPTTSAITASR_28	6
BRD3_3xFLAG_JQ1_10min_1	BRD3_3xFLAG_JQ1_10min	RLQDVSGQLSSSK_0	2
BRD3_3xFLAG_JQ1_10min_1	BRD3_3xFLAG_JQ1_10min	RLQDVSGQLSSSK_-2.1	1
BRD3_3xFLAG_JQ1_10min_1	BRD3_3xFLAG_JQ1_10min	RLQDVSGQLSSSK_463.1	1
BRD3_3xFLAG_JQ1_10min_1	BRD3_3xFLAG_JQ1_10min	YNPPDHEVVAMAR_0	12
BRD3_3xFLAG_JQ1_10min_1	BRD3_3xFLAG_JQ1_10min	YNPPDHEVVAMAR_-2.4	1
BRD3_3xFLAG_JQ1_10min_1	BRD3_3xFLAG_JQ1_10min	SESPPPLSDPK_80	23
BRD3_3xFLAG_JQ1_10min_1	BRD3_3xFLAG_JQ1_10min	KADTTTPTTSAITASR_25.4	1
BRD3_3xFLAG_JQ1_10min_1	BRD3_3xFLAG_JQ1_10min	YNPPDHEVVAMAR_0.5	1
BRD3_3xFLAG_JQ1_10min_1	BRD3_3xFLAG_JQ1_10min	LQDVSGQLSSSK_52.9	3
BRD3_3xFLAG_JQ1_10min_1	BRD3_3xFLAG_JQ1_10min	YNPPDHEVVAMAR_281.8	4
BRD3_3xFLAG_JQ1_10min_1	BRD3_3xFLAG_JQ1_10min	HPMDLSTVK_12	2
BRD3_3xFLAG_JQ1_10min_1	BRD3_3xFLAG_JQ1_10min	LQDVSGQLSSSK_0	11
BRD3_3xFLAG_JQ1_10min_1	BRD3_3xFLAG_JQ1_10min	LQDVSGQLSSSK_22	2
BRD3_3xFLAG_JQ1_10min_1	BRD3_3xFLAG_JQ1_10min	KADTTTPTTSAITASR_27	1
BRD3_3xFLAG_JQ1_10min_1	BRD3_3xFLAG_JQ1_10min	NPMDMGTIKK_0	3
BRD3_3xFLAG_JQ1_10min_1	BRD3_3xFLAG_JQ1_10min	LQDVSGQLSSSK_121.1	1
BRD3_3xFLAG_JQ1_10min_1	BRD3_3xFLAG_JQ1_10min	LQDVSGQLSSSK_413.3	1
BRD3_3xFLAG_JQ1_10min_1	BRD3_3xFLAG_JQ1_10min	KADTTTPTTSAITASRSESPPPLSDPK_174.1	1
BRD3_3xFLAG_JQ1_10min_1	BRD3_3xFLAG_JQ1_10min	KADTTTPTTSAITASR_27.9	1
BRD3_3xFLAG_JQ1_10min_1	BRD3_3xFLAG_JQ1_10min	HPMDLSTVK_28	2
BRD3_3xFLAG_JQ1_10min_1	BRD3_3xFLAG_JQ1_10min	LQDVSGQLNSTK_0	1
BRD3_3xFLAG_JQ1_10min_1	BRD3_3xFLAG_JQ1_10min	LQDVSGQLSSSK_-130.1	2
BRD3_3xFLAG_JQ1_10min_1	BRD3_3xFLAG_JQ1_10min	KADTTTPTTSAITASRSESPPPLSDPK_-1	2
BRD3_3xFLAG_JQ1_10min_1	BRD3_3xFLAG_JQ1_10min	ADTTTPTTSAITASR_0	4
BRD3_3xFLAG_JQ1_10min_1	BRD3_3xFLAG_JQ1_10min	ADTTTPTTSAITASR_22	2
BRD3_3xFLAG_JQ1_10min_1	BRD3_3xFLAG_JQ1_10min	ADTTTPTTSAITASR_38	1
BRD3_3xFLAG_JQ1_10min_1	BRD3_3xFLAG_JQ1_10min	ADTTTPTTSAITASR_497.6	2
BRD3_3xFLAG_JQ1_10min_1	BRD3_3xFLAG_JQ1_10min	ADTTTPTTSAITASR_52.9	1
BRD3_3xFLAG_JQ1_10min_1	BRD3_3xFLAG_JQ1_10min	DTTTPTTSAITASR_0	7
BRD3_3xFLAG_JQ1_10min_1	BRD3_3xFLAG_JQ1_10min	DLEDGEVPQHAG_0	2
BRD3_3xFLAG_JQ1_10min_1	BRD3_3xFLAG_JQ1_10min	LQDVSGQLSSSK_28	6
BRD3_3xFLAG_JQ1_10min_1	BRD3_3xFLAG_JQ1_10min	YNPPDHEVVAMAR_-0.9	2
BRD3_3xFLAG_JQ1_10min_1	BRD3_3xFLAG_JQ1_10min	AVHEQLAALSQAPVNKPKK_0	1
BRD3_3xFLAG_JQ1_10min_1	BRD3_3xFLAG_JQ1_10min	LQDVSGQLSSSK_1	1
BRD3_3xFLAG_JQ1_10min_1	BRD3_3xFLAG_JQ1_10min	ADTTTPTTSAITASR_28	2
BRD3_3xFLAG_JQ1_10min_1	BRD3_3xFLAG_JQ1_10min	IIKNPMDMGTIK_0	8
BRD3_3xFLAG_JQ1_10min_1	BRD3_3xFLAG_JQ1_10min	LLQDLHEAQAER_473.9	1
BRD3_3xFLAG_JQ1_10min_1	BRD3_3xFLAG_JQ1_10min	KTNQLQYMQNVVVK_0	7
BRD3_3xFLAG_JQ1_10min_1	BRD3_3xFLAG_JQ1_10min	DAQEFGADVR_0	1
BRD3_3xFLAG_JQ1_10min_1	BRD3_3xFLAG_JQ1_10min	PMDLSTVK_0	2
BRD3_3xFLAG_JQ1_10min_1	BRD3_3xFLAG_JQ1_10min	PMDMGTIK_0	1
BRD3_3xFLAG_JQ1_10min_1	BRD3_3xFLAG_JQ1_10min	VHEQLAALSQAPVNKPK_0	4
BRD3_3xFLAG_JQ1_10min_1	BRD3_3xFLAG_JQ1_10min	YNPPDHEVVAMAR_-1	1
BRD3_3xFLAG_JQ1_10min_1	BRD3_3xFLAG_JQ1_10min	DAQEFAADVR_-72	1
BRD3_3xFLAG_JQ1_10min_1	BRD3_3xFLAG_JQ1_10min	RQLSLDINR_0	1
BRD3_3xFLAG_JQ1_10min_1	BRD3_3xFLAG_JQ1_10min	AVHEQLAALSQAPVNKPK_16	3
BRD3_3xFLAG_JQ1_10min_1	BRD3_3xFLAG_JQ1_10min	AVHEQLAALSQAPVNKPK_0	10
BRD3_3xFLAG_JQ1_10min_1	BRD3_3xFLAG_JQ1_10min	AVHEQLAALSQAPVNKPK_52.9	6
BRD3_3xFLAG_JQ1_10min_1	BRD3_3xFLAG_JQ1_10min	AVHEQLAALSQAPVNKPK_167	1
BRD3_3xFLAG_JQ1_10min_1	BRD3_3xFLAG_JQ1_10min	AVHEQLAALSQAPVNKPK_142.9	1
BRD3_3xFLAG_JQ1_10min_1	BRD3_3xFLAG_JQ1_10min	AVHEQLAALSQAPVNKPK_72.9	1
BRD3_3xFLAG_JQ1_10min_1	BRD3_3xFLAG_JQ1_10min	AVHEQLAALSQAPVNKPK_-5	3
BRD3_3xFLAG_JQ1_10min_1	BRD3_3xFLAG_JQ1_10min	AVHEQLAALSQAPVNKPK_170.9	1
BRD3_3xFLAG_JQ1_10min_1	BRD3_3xFLAG_JQ1_10min	AVHEQLAALSQAPVNKPK_135	2
BRD3_3xFLAG_JQ1_10min_1	BRD3_3xFLAG_JQ1_10min	AVHEQLAALSQAPVNKPK_189	1
BRD3_3xFLAG_JQ1_10min_1	BRD3_3xFLAG_JQ1_10min	AVHEQLAALSQAPVNKPK_-0.2	1
BRD3_3xFLAG_JQ1_10min_1	BRD3_3xFLAG_JQ1_10min	AVHEQLAALSQAPVNKPK_112.9	1
BRD3_3xFLAG_JQ1_10min_1	BRD3_3xFLAG_JQ1_10min	AVHEQLAALSQAPVNKPK_157	1
BRD3_3xFLAG_JQ1_10min_1	BRD3_3xFLAG_JQ1_10min	AVHEQLAALSQAPVNKPK_261.2	1
BRD3_3xFLAG_JQ1_10min_1	BRD3_3xFLAG_JQ1_10min	AVHEQLAALSQAPVNKPK_96.9	2
BRD3_3xFLAG_JQ1_10min_1	BRD3_3xFLAG_JQ1_10min	AVHEQLAALSQAPVNKPK_56.9	1
BRD3_3xFLAG_JQ1_10min_1	BRD3_3xFLAG_JQ1_10min	AVHEQLAALSQAPVNKPK_427	1
BRD3_3xFLAG_JQ1_10min_1	BRD3_3xFLAG_JQ1_10min	AVHEQLAALSQAPVNKPK_187	2
BRD3_3xFLAG_JQ1_10min_1	BRD3_3xFLAG_JQ1_10min	YNPPDHDVVAMAR_14	10
BRD3_3xFLAG_JQ1_10min_1	BRD3_3xFLAG_JQ1_10min	AVHEQLAALSQAPVNKPK_168.9	1
BRD3_3xFLAG_JQ1_10min_1	BRD3_3xFLAG_JQ1_10min	YNPPDHEVVAMAR_1.5	1
BRD3_3xFLAG_JQ1_10min_1	BRD3_3xFLAG_JQ1_10min	AVHEQLAALSQAPVNKPK_-3.1	2
BRD3_3xFLAG_JQ1_10min_1	BRD3_3xFLAG_JQ1_10min	YNPPDHEVVAMAR_495.4	1
BRD3_3xFLAG_JQ1_10min_1	BRD3_3xFLAG_JQ1_10min	YNPPDHEVVAMAR_52.9	7
BRD3_3xFLAG_JQ1_10min_1	BRD3_3xFLAG_JQ1_10min	LMFSNCYKYNPPDHEVVAMAR_-100	3
BRD3_3xFLAG_JQ1_10min_1	BRD3_3xFLAG_JQ1_10min	YNPPDHEVVAMAR_171.2	1
BRD3_3xFLAG_JQ1_10min_1	BRD3_3xFLAG_JQ1_10min	AVHEQLAALSQAPVNKPK_0.9	1
BRD3_3xFLAG_JQ1_10min_1	BRD3_3xFLAG_JQ1_10min	YNPPDHEVVAMAR_37.9	1
BRD3_3xFLAG_JQ1_10min_1	BRD3_3xFLAG_JQ1_10min	YNPPDHEVVAMAR_172.7	1
BRD3_3xFLAG_JQ1_10min_1	BRD3_3xFLAG_JQ1_10min	YNPPDHEVVAMAR_184.7	1
BRD3_3xFLAG_JQ1_10min_1	BRD3_3xFLAG_JQ1_10min	YNPPDHEVVAMAR_384.2	1
BRD3_3xFLAG_JQ1_10min_1	BRD3_3xFLAG_JQ1_10min	YNPPDHEVVAMAR_78.1	2
BRD3_3xFLAG_JQ1_10min_1	BRD3_3xFLAG_JQ1_10min	YNPPDHEVVAMAR_18	1
BRD3_3xFLAG_JQ1_10min_1	BRD3_3xFLAG_JQ1_10min	YNPPDHEVVAMAR_51.1	1
BRD3_3xFLAG_JQ1_10min_1	BRD3_3xFLAG_JQ1_10min	YNPPDHEVVAMAR_331.7	1
BRD3_3xFLAG_JQ1_10min_1	BRD3_3xFLAG_JQ1_10min	AVHEQLAALSQAPVNKPK_1	2
BRD3_3xFLAG_JQ1_10min_1	BRD3_3xFLAG_JQ1_10min	KMDGREYPDAQGFAADVR_250.2	2
BRD3_3xFLAG_JQ1_10min_1	BRD3_3xFLAG_JQ1_10min	IIKTPMDMGTIKK_13	4
BRD3_3xFLAG_JQ1_10min_1	BRD3_3xFLAG_JQ1_10min	HPMDLSTV_0	1
BRD3_3xFLAG_JQ1_10min_1	BRD3_3xFLAG_JQ1_10min	AVHEQLAALSQAPVNKPK_12	2
BRD3_3xFLAG_JQ1_10min_1	BRD3_3xFLAG_JQ1_10min	KLQDVFEMR_0	9
BRD3_3xFLAG_JQ1_10min_1	BRD3_3xFLAG_JQ1_10min	TNQLQYMQNVVVK_0	32
BRD3_3xFLAG_JQ1_10min_1	BRD3_3xFLAG_JQ1_10min	SSYEDYADKPLEKPLK_0	1
BRD3_3xFLAG_JQ1_10min_1	BRD3_3xFLAG_JQ1_10min	LAELQEQLK_0	11
BRD3_3xFLAG_JQ1_10min_1	BRD3_3xFLAG_JQ1_10min	IIKNPMDMGTIKK_0	1
BRD3_3xFLAG_JQ1_10min_1	BRD3_3xFLAG_JQ1_10min	LAELQEQLK_414.2	2
BRD3_3xFLAG_JQ1_10min_1	BRD3_3xFLAG_JQ1_10min	STATTVAPAGIPATPGPVNPPPPEVSNPSKPGR_-130.4	2
BRD3_3xFLAG_JQ1_10min_1	BRD3_3xFLAG_JQ1_10min	AVHEQLAALSQAPVNKPK_28	1
BRD3_3xFLAG_JQ1_10min_1	BRD3_3xFLAG_JQ1_10min	AVHEQLAALSQAPVNK_0	2
BRD3_3xFLAG_JQ1_10min_1	BRD3_3xFLAG_JQ1_10min	LAELQEQLR_0	1
BRD3_3xFLAG_JQ1_10min_1	BRD3_3xFLAG_JQ1_10min	LQDVFEMR_0	8
BRD3_3xFLAG_JQ1_10min_1	BRD3_3xFLAG_JQ1_10min	IKNPMDMGTIK_0	2
BRD3_3xFLAG_JQ1_10min_1	BRD3_3xFLAG_JQ1_10min	QDVFEMR_0	2
BRD3_3xFLAG_JQ1_10min_1	BRD3_3xFLAG_JQ1_10min	AVHEQLAALSQAPVNKP_0	1
BRD3_3xFLAG_JQ1_10min_1	BRD3_3xFLAG_JQ1_10min	STATTVAPAGIPATPGPVNPPPPEVSNPSKPGR_169.8	1
BRD3_3xFLAG_JQ1_10min_1	BRD3_3xFLAG_JQ1_10min	STATTVAPAGIPATPGPVNPPPPEVSNPSKPGR_306.5	1
BRD3_3xFLAG_JQ1_10min_1	BRD3_3xFLAG_JQ1_10min	MSTATTVAPAGIPATPGPVNPPPPEVSNPSKPGR_175.5	1
BRD3_3xFLAG_JQ1_10min_1	BRD3_3xFLAG_JQ1_10min	IIKNPMDMGTIK_172.5	1
BRD3_3xFLAG_JQ1_10min_1	BRD3_3xFLAG_JQ1_10min	MSTATTVAPAGIPATPGPVNPPPPEVSNPSKPGR_401.2	2
BRD3_3xFLAG_JQ1_10min_1	BRD3_3xFLAG_JQ1_10min	YPDAQGFAADVR_0	17
BRD3_3xFLAG_JQ1_10min_1	BRD3_3xFLAG_JQ1_10min	PGRKTNQLQYMQNVVVK_439.2	1
BRD3_3xFLAG_JQ1_10min_1	BRD3_3xFLAG_JQ1_10min	AVHEQLAALSQAPVN_0	6
BRD3_3xFLAG_JQ1_10min_1	BRD3_3xFLAG_JQ1_10min	FAKMPDEPVEAPALPAPAAPMVSK_160.2	2
BRD3_3xFLAG_JQ1_10min_1	BRD3_3xFLAG_JQ1_10min	PVDAEALELHDYHDIIK_149.4	1
BRD3_3xFLAG_JQ1_10min_1	BRD3_3xFLAG_JQ1_10min	KMDGREYPDAQGFAADVR_115.5	2
BRD3_3xFLAG_JQ1_10min_1	BRD3_3xFLAG_JQ1_10min	QASASYDSEEEEEGLPMSYDEK_-17	9
BRD3_3xFLAG_JQ1_10min_1	BRD3_3xFLAG_JQ1_10min	PVDAEALELHDYHDIIK_244.1	2
BRD3_3xFLAG_JQ1_10min_1	BRD3_3xFLAG_JQ1_10min	EYPDAQGFAADVR_479.2	8
BRD3_3xFLAG_JQ1_10min_1	BRD3_3xFLAG_JQ1_10min	EYPDAQGFAADVR_52.9	3
BRD3_3xFLAG_JQ1_10min_1	BRD3_3xFLAG_JQ1_10min	EYPDAQGFAADVR_22	2
BRD3_3xFLAG_JQ1_10min_1	BRD3_3xFLAG_JQ1_10min	EYPDAQGFAADVR_48.9	1
BRD3_3xFLAG_JQ1_10min_1	BRD3_3xFLAG_JQ1_10min	MDGREYPDAQGFAADVR_20	1
BRD3_3xFLAG_JQ1_10min_1	BRD3_3xFLAG_JQ1_10min	EYPDAQGFAADVR_0	2
BRD3_3xFLAG_JQ1_10min_1	BRD3_3xFLAG_JQ1_10min	PVDAEALELHDYHDIIK_419.3	1
BRD3_3xFLAG_JQ1_10min_1	BRD3_3xFLAG_JQ1_10min	STATTVAPAGIPATPGPVNPPPPEVSNPSKPGR_1	1
BRD3_3xFLAG_JQ1_10min_1	BRD3_3xFLAG_JQ1_10min	KMDGREYPDAQGFAADVR_131.5	1
BRD3_3xFLAG_JQ1_10min_1	BRD3_3xFLAG_JQ1_10min	MSTATTVAPAGIPATPGPVNPPPPEVSNPSKPGR_385.2	1
BRD3_3xFLAG_JQ1_10min_1	BRD3_3xFLAG_JQ1_10min	KLQDVFEMR_52.9	6
BRD3_3xFLAG_JQ1_10min_1	BRD3_3xFLAG_JQ1_10min	KLQDVFEMR_162.1	1
BRD3_3xFLAG_JQ1_10min_1	BRD3_3xFLAG_JQ1_10min	MSTATTVAPAGIPATPGPVNPPPPEVSNPSKPGRK_257.1	4
BRD3_3xFLAG_JQ1_10min_1	BRD3_3xFLAG_JQ1_10min	MSTATTVAPAGIPATPGPVNPPPPEVSNPSKPGR_273.1	3
BRD3_3xFLAG_JQ1_10min_1	BRD3_3xFLAG_JQ1_10min	MSTATTVAPAGIPATPGPVNPPPPEVSNPSKPGRK_215.1	1
BRD3_3xFLAG_JQ1_10min_1	BRD3_3xFLAG_JQ1_10min	PVDAEALELHDYHDIIK_128.1	1
BRD3_3xFLAG_JQ1_10min_1	BRD3_3xFLAG_JQ1_10min	QASASYDSEEEEEGLPMSYDEKR_-17	2
BRD3_3xFLAG_JQ1_10min_1	BRD3_3xFLAG_JQ1_10min	MPDEPVEAPALPAPAAPMVSK_0	47
BRD3_3xFLAG_JQ1_10min_1	BRD3_3xFLAG_JQ1_10min	NQLQYMQNVVVK_0	3
BRD3_3xFLAG_JQ1_10min_1	BRD3_3xFLAG_JQ1_10min	MSTATTVAPAGIPATPGPVNPPPPEVSNPSKPGR_257.1	6
BRD3_3xFLAG_JQ1_10min_1	BRD3_3xFLAG_JQ1_10min	STATTVAPAGIPATPGPVNPPPPEVSNPSKPGR_399.1	2
BRD3_3xFLAG_JQ1_10min_1	BRD3_3xFLAG_JQ1_10min	STATTVAPAGIPATPGPVNPPPPEVSNPSKPGR_363.2	1
BRD3_3xFLAG_JQ1_10min_1	BRD3_3xFLAG_JQ1_10min	STATTVAPAGIPATPGPVNPPPPEVSNPSKPGR_384.1	1
BRD3_3xFLAG_JQ1_10min_1	BRD3_3xFLAG_JQ1_10min	STATTVAPAGIPATPGPVNPPPPEVSNPSKPGR_370.2	1
BRD3_3xFLAG_JQ1_10min_1	BRD3_3xFLAG_JQ1_10min	MSTATTVAPAGIPATPGPVNPPPPEVSNPSKPGR_310.1	1
BRD3_3xFLAG_JQ1_10min_1	BRD3_3xFLAG_JQ1_10min	PVDAEALELHDYHDIIK_291.2	6
BRD3_3xFLAG_JQ1_10min_1	BRD3_3xFLAG_JQ1_10min	PVDAEALELHDYHDIIK_344.1	4
BRD3_3xFLAG_JQ1_10min_1	BRD3_3xFLAG_JQ1_10min	VDAEALELHDYHDIIK_0	1
BRD3_3xFLAG_JQ1_10min_1	BRD3_3xFLAG_JQ1_10min	PVDAEALELHDYHDIIK_341.1	1
BRD3_3xFLAG_JQ1_10min_1	BRD3_3xFLAG_JQ1_10min	PVDAEALELHDYHDIIK_-96.1	1
BRD3_3xFLAG_JQ1_10min_1	BRD3_3xFLAG_JQ1_10min	PVDAEALELHDYHDIIK_-92.1	1
BRD3_3xFLAG_JQ1_10min_1	BRD3_3xFLAG_JQ1_10min	LQDVFEMR_298.1	1
BRD3_3xFLAG_JQ1_10min_1	BRD3_3xFLAG_JQ1_10min	PVDAEALELHDYHDIIK_474.8	1
BRD3_3xFLAG_JQ1_10min_1	BRD3_3xFLAG_JQ1_10min	PVDAEALELHDYHDIIK_-107	1
BRD3_3xFLAG_JQ1_10min_1	BRD3_3xFLAG_JQ1_10min	PVDAEALELHDYHDIIK_432.2	1
BRD3_3xFLAG_JQ1_10min_1	BRD3_3xFLAG_JQ1_10min	VAQMPQEEVELLPPAPK_0	10
BRD3_3xFLAG_JQ1_10min_1	BRD3_3xFLAG_JQ1_10min	KHAAYAWPFYK_311.2	1
BRD3_3xFLAG_JQ1_10min_1	BRD3_3xFLAG_JQ1_10min	VAQMPQEEVELLPPAPK_52.9	10
BRD3_3xFLAG_JQ1_10min_1	BRD3_3xFLAG_JQ1_10min	PVDAEALELHDYHDIIK_288.3	1
BRD3_3xFLAG_JQ1_10min_1	BRD3_3xFLAG_JQ1_10min	KHAAYAWPFYK_311.1	1
BRD3_3xFLAG_JQ1_10min_1	BRD3_3xFLAG_JQ1_10min	TNQLQYMQNVVVK_53.9	1
BRD3_3xFLAG_JQ1_10min_1	BRD3_3xFLAG_JQ1_10min	TNQLQYMQNVVVK_52.9	1
BRD3_3xFLAG_JQ1_10min_1	BRD3_3xFLAG_JQ1_10min	TNQLQYMQNVVVK_6	1
BRD3_3xFLAG_JQ1_10min_1	BRD3_3xFLAG_JQ1_10min	TNQLQYMQNVVVK_22	1
BRD3_3xFLAG_JQ1_10min_1	BRD3_3xFLAG_JQ1_10min	TNQLQYMQNVVVK_-1.4	1
BRD3_3xFLAG_JQ1_10min_1	BRD3_3xFLAG_JQ1_10min	VAQMPQEEVELLPPAPK_-0.1	3
BRD3_3xFLAG_JQ1_10min_1	BRD3_3xFLAG_JQ1_10min	PVDAEALELHDYHDIIK_0	3
BRD3_3xFLAG_JQ1_10min_1	BRD3_3xFLAG_JQ1_10min	QASASYDSEEEEEGLPMSYDEK_35.9	4
BRD3_3xFLAG_JQ1_10min_1	BRD3_3xFLAG_JQ1_10min	HAAYAWPFYK_0	4
BRD3_3xFLAG_JQ1_10min_1	BRD3_3xFLAG_JQ1_10min	KGGKQASASYDSEEEEEGLPMSYDEK_396.2	1
BRD3_3xFLAG_JQ1_10min_1	BRD3_3xFLAG_JQ1_10min	MPDEPVEAPALPAPAAPMVSK_36.9	4
BRD3_3xFLAG_JQ1_10min_1	BRD3_3xFLAG_JQ1_10min	MPDEPVEAPALPAPAAPMVSK_52.9	23
BRD3_3xFLAG_JQ1_10min_1	BRD3_3xFLAG_JQ1_10min	MPDEPVEAPALPAPAAPMVSK_22	13
BRD3_3xFLAG_JQ1_10min_1	BRD3_3xFLAG_JQ1_10min	QASASYDSEEEEEGLPMSYDEK_20.9	1
BRD3_3xFLAG_JQ1_10min_1	BRD3_3xFLAG_JQ1_10min	PVDAEALELHDYHDIIK_-3.8	2
BRD3_3xFLAG_JQ1_10min_1	BRD3_3xFLAG_JQ1_10min	MPDEPVEAPALPAPAAPMVSK_51.9	2
BRD3_3xFLAG_JQ1_10min_1	BRD3_3xFLAG_JQ1_10min	MPDEPVEAPALPAPAAPMVSK_-3.5	2
BRD3_3xFLAG_JQ1_10min_1	BRD3_3xFLAG_JQ1_10min	MPDEPVEAPALPAPAAPMVSK_16.1	1
BRD3_3xFLAG_JQ1_10min_1	BRD3_3xFLAG_JQ1_10min	MPDEPVEAPALPAPAAPMVSK_54.1	1
BRD3_3xFLAG_JQ1_10min_1	BRD3_3xFLAG_JQ1_10min	MPDEPVEAPALPAPAAPMVSK_41.9	1
BRD3_3xFLAG_JQ1_10min_1	BRD3_3xFLAG_JQ1_10min	QASASYDSEEEEEGLPMSYDEK_285.7	1
BRD3_3xFLAG_JQ1_10min_1	BRD3_3xFLAG_JQ1_10min	HAAYAWPFYK_414.9	1
BRD3_3xFLAG_JQ1_10min_1	BRD3_3xFLAG_JQ1_10min	MSTATTVAPAGIPATPGPVNPPPPEVSNPSK_215.1	1
BRD3_3xFLAG_JQ1_10min_1	BRD3_3xFLAG_JQ1_10min	MPDEPVEAPALPAPAAPMVSK_53.9	2
BRD3_3xFLAG_JQ1_10min_1	BRD3_3xFLAG_JQ1_10min	MPDEPVEAPALPAPAAPMVSK_401.6	4
BRD3_3xFLAG_JQ1_10min_1	BRD3_3xFLAG_JQ1_10min	PDEPVEAPALPAPAAPMVSK_0	3
BRD3_3xFLAG_JQ1_10min_1	BRD3_3xFLAG_JQ1_10min	MPDEPVEAPALPAPAAPMVSK_68.9	2
BRD3_3xFLAG_JQ1_10min_1	BRD3_3xFLAG_JQ1_10min	MPDEPVEAPALPAPAAPMVSK_1	6
BRD3_3xFLAG_JQ1_10min_1	BRD3_3xFLAG_JQ1_10min	EYPDAQGFAADVR_-18	2
BRD3_3xFLAG_JQ1_10min_1	BRD3_3xFLAG_JQ1_10min	PVDAEALELHDYHDIIK_438.2	1
BRD3_3xFLAG_JQ1_10min_1	BRD3_3xFLAG_JQ1_10min	LQDVFEMR_-130.1	2
BRD3_3xFLAG_JQ1_10min_1	BRD3_3xFLAG_JQ1_10min	QLSLDINR_-17	4
BRD3_3xFLAG_JQ1_10min_1	BRD3_3xFLAG_JQ1_10min	VAQMPQEEVELLPPAPK_22	7
BRD3_3xFLAG_JQ1_10min_1	BRD3_3xFLAG_JQ1_10min	VAQMPQEEVELLPPAPK_37.9	1
BRD3_3xFLAG_JQ1_10min_1	BRD3_3xFLAG_JQ1_10min	VAQMPQEEVELLPPAPK_48.9	2
BRD3_3xFLAG_JQ1_10min_1	BRD3_3xFLAG_JQ1_10min	VAQMPQEEVELLPPAPK_28	1
BRD3_3xFLAG_JQ1_10min_1	BRD3_3xFLAG_JQ1_10min	VAQMPQEEVELLPPAPK_175	1
BRD3_3xFLAG_JQ1_10min_1	BRD3_3xFLAG_JQ1_10min	VAQMPQEEVELLPPAPK_6	1
BRD3_3xFLAG_JQ1_10min_1	BRD3_3xFLAG_JQ1_10min	VAQMPQEEVELLPPAPK_16	1
BRD3_3xFLAG_JQ1_10min_1	BRD3_3xFLAG_JQ1_10min	VAQMPQEEVELLPPAPK_26.5	1
BRD3_3xFLAG_JQ1_10min_1	BRD3_3xFLAG_JQ1_10min	VAQMPQEEVELLPPAPK_38	1
BRD3_3xFLAG_JQ1_10min_1	BRD3_3xFLAG_JQ1_10min	VAQMPQEEVELLPPAPK_193.1	1
BRD3_3xFLAG_JQ1_10min_1	BRD3_3xFLAG_JQ1_10min	VAQMPQEEVELLPPAPK_36.9	3
BRD3_3xFLAG_JQ1_10min_1	BRD3_3xFLAG_JQ1_10min	MPDEPVEAPALPAPAAPMVSK_17	4
BRD3_3xFLAG_JQ1_10min_1	BRD3_3xFLAG_JQ1_10min	VAQMPQEEVELLPPAPK_32.9	1
BRD3_3xFLAG_JQ1_10min_1	BRD3_3xFLAG_JQ1_10min	MPDEPVEAPALPAPAAPMVSK_50.9	1
BRD3_3xFLAG_JQ1_10min_1	BRD3_3xFLAG_JQ1_10min	MPDEPVEAPALPAPAAPMVSK_44	2
BRD3_3xFLAG_JQ1_10min_1	BRD3_3xFLAG_JQ1_10min	MPDEPVEAPALPAPAAPMVSK_37.9	8
BRD3_3xFLAG_JQ1_10min_1	BRD3_3xFLAG_JQ1_10min	VAQMPQEEVELLPPAPK_53.9	1
BRD3_3xFLAG_JQ1_10min_1	BRD3_3xFLAG_JQ1_10min	MPDEPVEAPALPAPAAPMVSK_95.9	1
BRD3_3xFLAG_JQ1_10min_1	BRD3_3xFLAG_JQ1_10min	MPDEPVEAPALPAPAAPMVSK_48.9	3
BRD3_3xFLAG_JQ1_10min_1	BRD3_3xFLAG_JQ1_10min	MPDEPVEAPALPAPAAPMVSK_332.1	1
BRD3_3xFLAG_JQ1_10min_1	BRD3_3xFLAG_JQ1_10min	MPDEPVEAPALPAPAAPMVSK_456.7	1
BRD3_3xFLAG_JQ1_10min_1	BRD3_3xFLAG_JQ1_10min	MPDEPVEAPALPAPAAPMVSK_131	1
BRD3_3xFLAG_JQ1_10min_1	BRD3_3xFLAG_JQ1_10min	MPDEPVEAPALPAPAAPMVSK_452.1	1
BRD3_3xFLAG_JQ1_10min_1	BRD3_3xFLAG_JQ1_10min	MPDEPVEAPALPAPAAPMVSK_0.5	2
BRD3_3xFLAG_JQ1_10min_1	BRD3_3xFLAG_JQ1_10min	MPDEPVEAPALPAPAAPMVSK_46.2	1
BRD3_3xFLAG_JQ1_10min_1	BRD3_3xFLAG_JQ1_10min	MPDEPVEAPALPAPAAPMVSK_182	1
BRD3_3xFLAG_JQ1_10min_1	BRD3_3xFLAG_JQ1_10min	MPDEPVEAPALPAPAAPMVSK_20	1
BRD3_3xFLAG_JQ1_10min_1	BRD3_3xFLAG_JQ1_10min	MPDEPVEAPALPAPAAPMVSK_63.9	1
BRD3_3xFLAG_JQ1_10min_1	BRD3_3xFLAG_JQ1_10min	MPDEPVEAPALPAPAAPMVSK_423.7	1
BRD3_3xFLAG_JQ1_10min_1	BRD3_3xFLAG_JQ1_10min	MPDEPVEAPALPAPAAPMVSK_27	1
BRD3_3xFLAG_JQ1_10min_1	BRD3_3xFLAG_JQ1_10min	MPDEPVEAPALPAPAAPMVSK_38	4
BRD3_3xFLAG_JQ1_10min_1	BRD3_3xFLAG_JQ1_10min	MPDEPVEAPALPAPAAPMVSK_123.8	2
BRD3_3xFLAG_JQ1_10min_1	BRD3_3xFLAG_JQ1_10min	MPDEPVEAPALPAPAAPMVSK_24.6	1
BRD3_3xFLAG_JQ1_10min_1	BRD3_3xFLAG_JQ1_10min	MPDEPVEAPALPAPAAPMVSK_148	1
BRD3_3xFLAG_JQ1_10min_1	BRD3_3xFLAG_JQ1_10min	MPDEPVEAPALPAPAAPMVSK_91.9	1
BRD3_3xFLAG_JQ1_10min_1	BRD3_3xFLAG_JQ1_10min	MPDEPVEAPALPAPAAPMVSK_97.9	1
BRD3_3xFLAG_JQ1_10min_1	BRD3_3xFLAG_JQ1_10min	MPDEPVEAPALPAPAAPMVSK_183.5	1
BRD3_3xFLAG_JQ1_10min_1	BRD3_3xFLAG_JQ1_10min	MPDEPVEAPALPAPAAPMVSK_266.1	1
BRD3_3xFLAG_JQ1_10min_1	BRD3_3xFLAG_JQ1_10min	MPDEPVEAPALPAPAAPMVSK_44.1	1
BRD3_3xFLAG_JQ1_10min_1	BRD3_3xFLAG_JQ1_10min	MPDEPVEAPALPAPAAPMVSK_94.9	1
BRD3_3xFLAG_JQ1_10min_1	BRD3_3xFLAG_JQ1_10min	MPDEPVEAPALPAPAAPMVSK_110.8	1
BRD3_3xFLAG_JQ1_10min_1	BRD3_3xFLAG_JQ1_10min	MPDEPVEAPALPAPAAPMVSK_113.9	1
BRD3_3xFLAG_JQ1_10min_1	BRD3_3xFLAG_JQ1_10min	MPDEPVEAPALPAPAAPMVSK_-2.6	2
BRD3_3xFLAG_JQ1_10min_1	BRD3_3xFLAG_JQ1_10min	MPDEPVEAPALPAPAAPMVSK_47	1
BRD3_3xFLAG_JQ1_10min_1	BRD3_3xFLAG_JQ1_10min	MPDEPVEAPALPAPAAPMVSK_184	1
BRD3_3xFLAG_JQ1_10min_1	BRD3_3xFLAG_JQ1_10min	MPDEPVEAPALPAPAAPMVSK_18.6	2
BRD3_3xFLAG_JQ1_10min_1	BRD3_3xFLAG_JQ1_10min	MPDEPVEAPALPAPAAPMVSK_26.9	2
BRD3_3xFLAG_JQ1_10min_1	BRD3_3xFLAG_JQ1_10min	MPDEPVEAPALPAPAAPMVSK_130.9	1
BRD3_3xFLAG_JQ1_10min_1	BRD3_3xFLAG_JQ1_10min	MPDEPVEAPALPAPAAPMVSK_41.1	1
BRD3_3xFLAG_JQ1_10min_1	BRD3_3xFLAG_JQ1_10min	MPDEPVEAPALPAPAAPMVSK_46	1
BRD3_3xFLAG_JQ1_10min_1	BRD3_3xFLAG_JQ1_10min	MPDEPVEAPALPAPAAPMVSK_99.5	1
BRD3_3xFLAG_JQ1_10min_1	BRD3_3xFLAG_JQ1_10min	HAAYAWPFYK_311.2	2
BRD3_3xFLAG_JQ1_10min_1	BRD3_3xFLAG_JQ1_10min	MPDEPVEAPALPAPAAPMVSK_56.1	1
BRD3_3xFLAG_JQ1_10min_1	BRD3_3xFLAG_JQ1_10min	MPDEPVEAPALPAPAAPMVSK_240.1	1
BRD3_3xFLAG_JQ1_10min_1	BRD3_3xFLAG_JQ1_10min	MPDEPVEAPALPAPAAPMVSK_112.9	1
BRD3_3xFLAG_JQ1_10min_1	BRD3_3xFLAG_JQ1_10min	HAAYAWPFYK_311.1	3
BRD3_3xFLAG_JQ1_10min_1	BRD3_3xFLAG_JQ1_10min	MPDEPVEAPALPAPAAPMVSK_38.5	1
BRD3_3xFLAG_JQ1_10min_1	BRD3_3xFLAG_JQ1_10min	MPDEPVEAPALPAPAAPMVSK_50.1	1
BRD3_3xFLAG_JQ1_10min_1	BRD3_3xFLAG_JQ1_10min	MPDEPVEAPALPAPAAPMVSK_-1.3	1
BRD3_3xFLAG_JQ1_10min_1	BRD3_3xFLAG_JQ1_10min	MPDEPVEAPALPAPAAPMVSK_28	2
BRD3_3xFLAG_JQ1_10min_1	BRD3_3xFLAG_JQ1_10min	MPDEPVEAPALPAPAAPMVSK_32	1
BRD3_3xFLAG_JQ1_10min_1	BRD3_3xFLAG_JQ1_10min	QLSLDINKLPGEK_-17	1
BRD3_3xFLAG_JQ1_10min_1	BRD3_3xFLAG_JQ1_10min	QLSLDINRLPGEK_-17	1
BRD3_3xFLAG_JQ1_10min_1	BRD3_3xFLAG_JQ1_10min	HQFAWPFQQPVDAVK_0.1	1
BRD3_3xFLAG_JQ1_10min_1	BRD3_3xFLAG_JQ1_10min	INELPTEETEIMIVQAK_0	1
BRD3_3xFLAG_JQ1_10min_1	BRD3_3xFLAG_JQ1_10min	PVDAEALELHDYHDIIK_250.1	2
BRD3_3xFLAG_JQ1_10min_1	BRD3_3xFLAG_JQ1_10min	KHAAYAWPFYKPVDAEALELHDYHDIIK_0	3
BRD3_3xFLAG_JQ1_10min_1	BRD3_3xFLAG_JQ1_10min	PVDAEALELHDYHDIIK_249.5	2
BRD3_3xFLAG_JQ1_10min_1	BRD3_3xFLAG_JQ1_10min	MPDEPVEAPALPAPAAPMVSKGAESSR_0	1
BRD3_3xFLAG_JQ1_10min_1	BRD3_3xFLAG_JQ1_10min	TLWKHQFAWPFYQPVDAIK_351.2	1
BRD3_3xFLAG_JQ1_10min_1	BRD3_3xFLAG_JQ1_10min	MPDEPVEAPALPAPAAPMVS_0	3
BRD3_3xFLAG_JQ1_10min_1	BRD3_3xFLAG_JQ1_10min	MPDEPVEAPALPAPAAPMVSK_-106.1	1
BRD3_3xFLAG_JQ1_10min_1	BRD3_3xFLAG_JQ1_10min	HAAYAWPFYKPVDAEALELHDYHDIIK_0	6
BRD3_3xFLAG_JQ1_10min_1	BRD3_3xFLAG_JQ1_10min	PVDAEALELHDYHDIIK_164.1	3
BRD3_3xFLAG_JQ1_10min_1	BRD3_3xFLAG_JQ1_10min	HAAYAWPFYKPVDAEALELHDYHDIIK_52.9	1
BRD3_3xFLAG_JQ1_10min_1	BRD3_3xFLAG_JQ1_10min	EPSLKNSNPDEIEIDFETLKPSTLR_218.1	2
BRD3_3xFLAG_JQ1_10min_1	BRD3_3xFLAG_JQ1_10min	PVDAEALELHDYHDIIK_29.5	1
BRD3_3xFLAG_JQ1_10min_1	BRD3_3xFLAG_JQ1_10min	PVDAEALELHDYHDIIK_164.7	1
BRD3_3xFLAG_JQ1_10min_1	BRD3_3xFLAG_JQ1_10min	HAAYAWPFYKPVDAEALELHDYHDIIK_-3.7	1
BRD3_3xFLAG_JQ1_10min_1	BRD3_3xFLAG_JQ1_10min	EPSLRDSNPDEIEIDFETLKPTTLR_195.1	3
BRD3_3xFLAG_JQ1_10min_1	BRD3_3xFLAG_JQ1_10min	DSNPDEIEIDFETLKPTTLR_355.9	1
BRD3_3xFLAG_JQ1_10min_1	BRD3_3xFLAG_JQ1_10min	SNPDEIEIDFETLKPTTLR_0	6
BRD3_3xFLAG_JQ1_10min_1	BRD3_3xFLAG_JQ1_10min	DSNPDEIEIDFETLKPTTLR_-62.1	1
BRD3_3xFLAG_JQ1_10min_1	BRD3_3xFLAG_JQ1_10min	PVDAEALELHDYHDIIK_100	1
BRD3_3xFLAG_JQ1_10min_1	BRD3_3xFLAG_JQ1_10min	HAAYAWPFY_0	2
BRD3_3xFLAG_JQ1_10min_1	BRD3_3xFLAG_JQ1_10min	TLWKHQFAWPFYQPVDAIK_493.2	1
BRD3_3xFLAG_JQ1_10min_1	BRD3_3xFLAG_JQ1_10min	HAAYAWPFYKPVDAEALELHDYHDIIK_12	1
BRD3_3xFLAG_JQ1_10min_1	BRD3_3xFLAG_JQ1_10min	PVDAEALELHDYHDIIK_439.1	1
BRD3_3xFLAG_JQ1_10min_1	BRD3_3xFLAG_JQ1_10min	HQFAWPFYQPVDAIK_0	6
BRD3_3xFLAG_JQ1_10min_1	BRD3_3xFLAG_JQ1_10min	DSNPDEIEIDFETLK_0	1
BRD3_3xFLAG_JQ1_10min_1	BRD3_3xFLAG_JQ1_10min	HQFAWPFYQPVDAIK_22	2
BRD3_3xFLAG_JQ1_10min_1	BRD3_3xFLAG_JQ1_10min	HQFAWPFYQPVDAIK_52.9	6
BRD3_3xFLAG_JQ1_10min_1	BRD3_3xFLAG_JQ1_10min	HQFAWPFYQPVDAIK_-3	1
BRD3_3xFLAG_JQ1_10min_1	BRD3_3xFLAG_JQ1_10min	HQFAWPFYQPVDAIK_277.8	1
BRD3_3xFLAG_JQ1_10min_1	BRD3_3xFLAG_JQ1_10min	DSNPDEIEIDFETLKPTTLR_3.2	1
BRD3_3xFLAG_JQ1_10min_1	BRD3_3xFLAG_JQ1_10min	DSNPDEIEIDFETLKPTTLR_-18	1
BRD3_3xFLAG_JQ1_10min_1	BRD3_3xFLAG_JQ1_10min	DSNPDEIEIDFETLKPTTLR_-3.1	3
BRD3_3xFLAG_JQ1_10min_1	BRD3_3xFLAG_JQ1_10min	DSNPDEIEIDFETLKPTTLR_0	18
BRD3_3xFLAG_JQ1_10min_1	BRD3_3xFLAG_JQ1_10min	DSNPDEIEIDFETLKPTTLR_22	10
BRD3_3xFLAG_JQ1_10min_1	BRD3_3xFLAG_JQ1_10min	DSNPDEIEIDFETLKPTTLR_37.9	1
BRD3_3xFLAG_JQ1_10min_1	BRD3_3xFLAG_JQ1_10min	DSNPDEIEIDFETLKPTTLR_52.9	12
BRD3_3xFLAG_JQ1_10min_1	BRD3_3xFLAG_JQ1_10min	EPSLRDSNPDEIEIDFETLKPTTLR_231	1
BRD3_3xFLAG_JQ1_10min_1	BRD3_3xFLAG_JQ1_10min	EPSLRDSNPDEIEIDFETLKPTTLR_253.7	2
BRD3_3xFLAG_JQ1_10min_1	BRD3_3xFLAG_JQ1_10min	DSNPDEIEIDFETLKPTTLR_71.1	1
BRD3_3xFLAG_JQ1_10min_1	BRD3_3xFLAG_JQ1_10min	DSNPDEIEIDFETLKPTTLR_199.6	1
BRD3_3xFLAG_JQ1_10min_1	BRD3_3xFLAG_JQ1_10min	DSNPDEIEIDFETLKPTTLR_48.9	3
BRD3_3xFLAG_JQ1_10min_1	BRD3_3xFLAG_JQ1_10min	EPSLRDSNPDEIEIDFETLKPTTLR_109.6	2
BRD3_3xFLAG_JQ1_10min_1	BRD3_3xFLAG_JQ1_10min	DSNPDEIEIDFETLKPTTLR_24	1
BRD3_3xFLAG_JQ1_10min_1	BRD3_3xFLAG_JQ1_10min	DSNPDEIEIDFETLKPTTLR_38	6
BRD3_3xFLAG_JQ1_10min_1	BRD3_3xFLAG_JQ1_10min	DSNPDEIEIDFETLKPTTLR_47.8	1
BRD3_3xFLAG_JQ1_10min_1	BRD3_3xFLAG_JQ1_10min	EPSLRDSNPDEIEIDFETLKPTTLR_479.2	1
BRD3_3xFLAG_JQ1_10min_1	BRD3_3xFLAG_JQ1_10min	DSNPDEIEIDFETLKPTTLR_-1	8
BRD3_3xFLAG_JQ1_10min_1	BRD3_3xFLAG_JQ1_10min	EPSLRDSNPDEIEIDFETLKPTTLR_341.3	1
BRD3_3xFLAG_JQ1_10min_1	BRD3_3xFLAG_JQ1_10min	DSNPDEIEIDFETLKPTTLR_105.8	1
BRD3_3xFLAG_JQ1_10min_1	BRD3_3xFLAG_JQ1_10min	DSNPDEIEIDFETLKPTTLR_342.3	1
BRD3_3xFLAG_JQ1_10min_1	BRD3_3xFLAG_JQ1_10min	DSNPDEIEIDFETLKPTTLR_45	1
BRD3_3xFLAG_JQ1_10min_1	BRD3_3xFLAG_JQ1_10min	DSNPDEIEIDFETLKPTTLR_62.9	1
BRD3_3xFLAG_JQ1_10min_1	BRD3_3xFLAG_JQ1_10min	EPSLRDSNPDEIEIDFETLKPTTLR_189.2	1
BRD3_3xFLAG_JQ1_10min_1	BRD3_3xFLAG_JQ1_10min	DSNPDEIEIDFETLKPTTLR_44	1
BRD3_3xFLAG_JQ1_10min_1	BRD3_3xFLAG_JQ1_10min	DSNPDEIEIDFETLKPTTLR_25	1
BRD3_3xFLAG_JQ1_10min_1	BRD3_3xFLAG_JQ1_10min	EPSLRDSNPDEIEIDFETLKPTTLR_263.2	1
BRD3_3xFLAG_JQ1_10min_1	BRD3_3xFLAG_JQ1_10min	DSNPDEIEIDFETLKPTTLR_-2.8	1
BRD3_3xFLAG_JQ1_10min_1	BRD3_3xFLAG_JQ1_10min	EPSLRDSNPDEIEIDFETLKPTTLR_189.3	1
BRD3_3xFLAG_JQ1_10min_1	BRD3_3xFLAG_JQ1_10min	DSNPDEIEIDFETLKPTTLR_53.9	1
BRD3_3xFLAG_JQ1_10min_1	BRD3_3xFLAG_JQ1_10min	DSNPDEIEIDFETLKPTTLR_28	3
BRD3_3xFLAG_JQ1_10min_1	BRD3_3xFLAG_JQ1_10min	EPSLRDSNPDEIEIDFETLKPTTLR_193.7	4
BRD3_3xFLAG_JQ1_10min_1	BRD3_3xFLAG_JQ1_10min	RLENNYYWNAQECIQDFNTMFTNCYIYNK_164	1
BRD3_3xFLAG_JQ1_10min_1	BRD3_3xFLAG_JQ1_10min	EPSLRDSNPDEIEIDFETLKPTTLR_211.1	1
BRD3_3xFLAG_JQ1_10min_1	BRD3_3xFLAG_JQ1_10min	EPSLRDSNPDEIEIDFETLKPTTLR_232.4	1
BRD3_3xFLAG_JQ1_10min_1	BRD3_3xFLAG_JQ1_10min	HQFAWPFYQPVDAIK_451.8	1
BRD3_3xFLAG_JQ1_10min_1	BRD3_3xFLAG_JQ1_10min	PTDDIVLMAQALEK_-1.1	1
BRD3_3xFLAG_JQ1_10min_1	BRD3_3xFLAG_JQ1_10min	DSNPDEIEIDFETLKPTTLR_42	2
BRD3_3xFLAG_JQ1_10min_1	BRD3_3xFLAG_JQ1_10min	EPSLRDSNPDEIEIDFETLKPTTLR_251.1	1
BRD3_3xFLAG_JQ1_10min_1	BRD3_3xFLAG_JQ1_10min	RLENNYYWSASECMQDFNTMFTNCYIYNK_165.1	2
BRD3_3xFLAG_JQ1_10min_1	BRD3_3xFLAG_JQ1_10min	TLWKHQFAWPFYQPVDAIK_-3	2
BRD3_3xFLAG_JQ1_10min_1	BRD3_3xFLAG_JQ1_10min	QFAWPFYQPVDAIK_0	1
BRD3_3xFLAG_JQ1_10min_1	BRD3_3xFLAG_JQ1_10min	DSNPDEIEIDFETLK_412.2	2
BRD3_3xFLAG_JQ1_10min_1	BRD3_3xFLAG_JQ1_10min	EVISCMFEPEGNACSLTDSTAEEHVLALVEHAADEAR_-115	1
BRD3_3xFLAG_JQ1_10min_1	BRD3_3xFLAG_JQ1_10min	PVRACRTQPAENESTPIQQLLEHFLR_44	1
BRD3_3xFLAG_JQ1_10min_1	BRD3_3xFLAG_JQ1_10min	TQPAENESTPIQQLLEHFLR_0	2
BRD3_3xFLAG_Untreated_2	BRD3_3xFLAG_Untreated	APAKKANSTTTAGR_382.1	14
BRD3_3xFLAG_Untreated_2	BRD3_3xFLAG_Untreated	KANSTTTAGR_-1	4
BRD3_3xFLAG_Untreated_2	BRD3_3xFLAG_Untreated	KANSTTTAGR_0	6
BRD3_3xFLAG_Untreated_2	BRD3_3xFLAG_Untreated	KANSTTTAGR_-1.1	2
BRD3_3xFLAG_Untreated_2	BRD3_3xFLAG_Untreated	ANSTTTAGR_437.1	6
BRD3_3xFLAG_Untreated_2	BRD3_3xFLAG_Untreated	ANSTTTAGR_438.7	14
BRD3_3xFLAG_Untreated_2	BRD3_3xFLAG_Untreated	ANSTTTAGR_28	2
BRD3_3xFLAG_Untreated_2	BRD3_3xFLAG_Untreated	EKPGSAPSGGPSR_405.2	2
BRD3_3xFLAG_Untreated_2	BRD3_3xFLAG_Untreated	EKPGSAPSGGPSR_408.5	2
BRD3_3xFLAG_Untreated_2	BRD3_3xFLAG_Untreated	KEELAQEK_0	2
BRD3_3xFLAG_Untreated_2	BRD3_3xFLAG_Untreated	SGGRPIKPPK_0	2
BRD3_3xFLAG_Untreated_2	BRD3_3xFLAG_Untreated	SKEELAQEK_0	2
BRD3_3xFLAG_Untreated_2	BRD3_3xFLAG_Untreated	ESGGRPIKPPK_0	4
BRD3_3xFLAG_Untreated_2	BRD3_3xFLAG_Untreated	KLSEHLR_0	2
BRD3_3xFLAG_Untreated_2	BRD3_3xFLAG_Untreated	LEDGEVPQHAGKK_0	4
BRD3_3xFLAG_Untreated_2	BRD3_3xFLAG_Untreated	HPMDLSTVKR_0	2
BRD3_3xFLAG_Untreated_2	BRD3_3xFLAG_Untreated	KDLEDGEVPQHAGKK_0	10
BRD3_3xFLAG_Untreated_2	BRD3_3xFLAG_Untreated	HPMDLSTVK_0	12
BRD3_3xFLAG_Untreated_2	BRD3_3xFLAG_Untreated	AVHEQLAALSQAPVNKPK_403.3	4
BRD3_3xFLAG_Untreated_2	BRD3_3xFLAG_Untreated	LEDGEVPQHAGK_0	4
BRD3_3xFLAG_Untreated_2	BRD3_3xFLAG_Untreated	NLPDYHK_0	2
BRD3_3xFLAG_Untreated_2	BRD3_3xFLAG_Untreated	KDLEDGEVPQHAGK_0	4
BRD3_3xFLAG_Untreated_2	BRD3_3xFLAG_Untreated	KDLEDGEVPQHAGK_52.9	2
BRD3_3xFLAG_Untreated_2	BRD3_3xFLAG_Untreated	QDVSGQLSSSK_0	2
BRD3_3xFLAG_Untreated_2	BRD3_3xFLAG_Untreated	YNPPDHEVVAMAR_287.2	2
BRD3_3xFLAG_Untreated_2	BRD3_3xFLAG_Untreated	TESSSAQQVAVSR_0	2
BRD3_3xFLAG_Untreated_2	BRD3_3xFLAG_Untreated	DLEDGEVPQHAGKK_0	4
BRD3_3xFLAG_Untreated_2	BRD3_3xFLAG_Untreated	DLEDGEVPQHAGKK_52.9	2
BRD3_3xFLAG_Untreated_2	BRD3_3xFLAG_Untreated	DLEDGEVPQHAGK_0	14
BRD3_3xFLAG_Untreated_2	BRD3_3xFLAG_Untreated	VHIIQSR_0	2
BRD3_3xFLAG_Untreated_2	BRD3_3xFLAG_Untreated	VVHIIQAR_16	2
BRD3_3xFLAG_Untreated_2	BRD3_3xFLAG_Untreated	RKADTTTPTTSAITASR_0	14
BRD3_3xFLAG_Untreated_2	BRD3_3xFLAG_Untreated	TNQLQYMQNVVVK_69.1	2
BRD3_3xFLAG_Untreated_2	BRD3_3xFLAG_Untreated	NPMDMGTIK_0	18
BRD3_3xFLAG_Untreated_2	BRD3_3xFLAG_Untreated	PPKKDLEDGEVPQHAGK_487.1	4
BRD3_3xFLAG_Untreated_2	BRD3_3xFLAG_Untreated	DLEDGEVPQHAGK_52.9	6
BRD3_3xFLAG_Untreated_2	BRD3_3xFLAG_Untreated	PPKKDLEDGEVPQHAGK_407.2	2
BRD3_3xFLAG_Untreated_2	BRD3_3xFLAG_Untreated	DLEDGEVPQHAGK_132.6	2
BRD3_3xFLAG_Untreated_2	BRD3_3xFLAG_Untreated	KADTTTPTTSAITASR_0	8
BRD3_3xFLAG_Untreated_2	BRD3_3xFLAG_Untreated	KADTTTPTTSAITASR_52.9	6
BRD3_3xFLAG_Untreated_2	BRD3_3xFLAG_Untreated	KADTTTPTTSAITASR_37.9	2
BRD3_3xFLAG_Untreated_2	BRD3_3xFLAG_Untreated	KADTTTPTTSAITASR_160.6	2
BRD3_3xFLAG_Untreated_2	BRD3_3xFLAG_Untreated	KADTTTPTTSAITASR_22	2
BRD3_3xFLAG_Untreated_2	BRD3_3xFLAG_Untreated	KADTTTPTTSAITASR_-1.7	4
BRD3_3xFLAG_Untreated_2	BRD3_3xFLAG_Untreated	KADTTTPTTSAITASR_78	2
BRD3_3xFLAG_Untreated_2	BRD3_3xFLAG_Untreated	KADTTTPTTSAITASR_-2.1	2
BRD3_3xFLAG_Untreated_2	BRD3_3xFLAG_Untreated	HPMDLSTVK_-1.9	2
BRD3_3xFLAG_Untreated_2	BRD3_3xFLAG_Untreated	RLQDVSGQLSSSK_-28	2
BRD3_3xFLAG_Untreated_2	BRD3_3xFLAG_Untreated	LQDVSGQLSSSKK_0	2
BRD3_3xFLAG_Untreated_2	BRD3_3xFLAG_Untreated	SESPPPLSDPK_0	10
BRD3_3xFLAG_Untreated_2	BRD3_3xFLAG_Untreated	AELQEQLK_0	6
BRD3_3xFLAG_Untreated_2	BRD3_3xFLAG_Untreated	RLQDVSGQLSSSK_0	4
BRD3_3xFLAG_Untreated_2	BRD3_3xFLAG_Untreated	YNPPDHEVVAMAR_-1	4
BRD3_3xFLAG_Untreated_2	BRD3_3xFLAG_Untreated	YNPPDHEVVAMAR_0	8
BRD3_3xFLAG_Untreated_2	BRD3_3xFLAG_Untreated	SESPPPLSDPK_-2	2
BRD3_3xFLAG_Untreated_2	BRD3_3xFLAG_Untreated	SESPPPLSDPK_80	22
BRD3_3xFLAG_Untreated_2	BRD3_3xFLAG_Untreated	LQDVSGQLSSSK_52.9	8
BRD3_3xFLAG_Untreated_2	BRD3_3xFLAG_Untreated	HPMDLSTVK_12	2
BRD3_3xFLAG_Untreated_2	BRD3_3xFLAG_Untreated	LQDVSGQLSSSK_0	6
BRD3_3xFLAG_Untreated_2	BRD3_3xFLAG_Untreated	YNPPDHEVVAMAR_281.8	4
BRD3_3xFLAG_Untreated_2	BRD3_3xFLAG_Untreated	NPMDMGTIKK_0	6
BRD3_3xFLAG_Untreated_2	BRD3_3xFLAG_Untreated	LQDVSGQLSSSK_-1	4
BRD3_3xFLAG_Untreated_2	BRD3_3xFLAG_Untreated	KADTTTPTTSAITASRSESPPPLSDPK_174.1	2
BRD3_3xFLAG_Untreated_2	BRD3_3xFLAG_Untreated	LQDVSGQLNSTK_0	2
BRD3_3xFLAG_Untreated_2	BRD3_3xFLAG_Untreated	LQDVSGQLSSSK_-130.1	2
BRD3_3xFLAG_Untreated_2	BRD3_3xFLAG_Untreated	KADTTTPTTSAITASRSESPPPLSDPK_-1	2
BRD3_3xFLAG_Untreated_2	BRD3_3xFLAG_Untreated	ADTTTPTTSAITASR_0	4
BRD3_3xFLAG_Untreated_2	BRD3_3xFLAG_Untreated	KADTTTPTTSAITASR_428.1	2
BRD3_3xFLAG_Untreated_2	BRD3_3xFLAG_Untreated	ADTTTPTTSAITASR_52.9	4
BRD3_3xFLAG_Untreated_2	BRD3_3xFLAG_Untreated	ADTTTPTTSAITASR_497.6	2
BRD3_3xFLAG_Untreated_2	BRD3_3xFLAG_Untreated	KADTTTPTTSAITASR_440	2
BRD3_3xFLAG_Untreated_2	BRD3_3xFLAG_Untreated	ADTTTPTTSAITASR_496.2	2
BRD3_3xFLAG_Untreated_2	BRD3_3xFLAG_Untreated	DTTTPTTSAITASR_0	4
BRD3_3xFLAG_Untreated_2	BRD3_3xFLAG_Untreated	LQDVSGQLSSSK_28	6
BRD3_3xFLAG_Untreated_2	BRD3_3xFLAG_Untreated	AVHEQLAALSQAPVNKPKK_0	2
BRD3_3xFLAG_Untreated_2	BRD3_3xFLAG_Untreated	IIKNPMDMGTIK_0	16
BRD3_3xFLAG_Untreated_2	BRD3_3xFLAG_Untreated	KTNQLQYMQNVVVK_0	14
BRD3_3xFLAG_Untreated_2	BRD3_3xFLAG_Untreated	PMDMGTIK_0	2
BRD3_3xFLAG_Untreated_2	BRD3_3xFLAG_Untreated	PMDLSTVK_0	2
BRD3_3xFLAG_Untreated_2	BRD3_3xFLAG_Untreated	ADTTTPTTSAITASR_28	2
BRD3_3xFLAG_Untreated_2	BRD3_3xFLAG_Untreated	VHEQLAALSQAPVNKPK_0	2
BRD3_3xFLAG_Untreated_2	BRD3_3xFLAG_Untreated	DAQEFAADVR_-72	2
BRD3_3xFLAG_Untreated_2	BRD3_3xFLAG_Untreated	RQLSLDINR_-1.2	2
BRD3_3xFLAG_Untreated_2	BRD3_3xFLAG_Untreated	RQLSLDINR_-0.2	2
BRD3_3xFLAG_Untreated_2	BRD3_3xFLAG_Untreated	AVHEQLAALSQAPVNKPK_16	6
BRD3_3xFLAG_Untreated_2	BRD3_3xFLAG_Untreated	AVHEQLAALSQAPVNKPK_-1.1	2
BRD3_3xFLAG_Untreated_2	BRD3_3xFLAG_Untreated	AVHEQLAALSQAPVNKPK_0	10
BRD3_3xFLAG_Untreated_2	BRD3_3xFLAG_Untreated	YNPPDHDVVAMAR_14	16
BRD3_3xFLAG_Untreated_2	BRD3_3xFLAG_Untreated	AVHEQLAALSQAPVNKPK_52.9	10
BRD3_3xFLAG_Untreated_2	BRD3_3xFLAG_Untreated	AVHEQLAALSQAPVNKPK_140.9	2
BRD3_3xFLAG_Untreated_2	BRD3_3xFLAG_Untreated	AVHEQLAALSQAPVNKPK_385.1	2
BRD3_3xFLAG_Untreated_2	BRD3_3xFLAG_Untreated	YNPPDHEVVAMAR_1.5	2
BRD3_3xFLAG_Untreated_2	BRD3_3xFLAG_Untreated	YNPPDHEVVAMAR_52.9	8
BRD3_3xFLAG_Untreated_2	BRD3_3xFLAG_Untreated	LMFSNCYKYNPPDHEVVAMAR_-100	4
BRD3_3xFLAG_Untreated_2	BRD3_3xFLAG_Untreated	YNPPDHEVVAMAR_37.9	2
BRD3_3xFLAG_Untreated_2	BRD3_3xFLAG_Untreated	YNPPDHEVVAMAR_214.5	2
BRD3_3xFLAG_Untreated_2	BRD3_3xFLAG_Untreated	YNPPDHEVVAMAR_184.6	2
BRD3_3xFLAG_Untreated_2	BRD3_3xFLAG_Untreated	IIKTPMDMGTIKK_13	4
BRD3_3xFLAG_Untreated_2	BRD3_3xFLAG_Untreated	SSYEDYADKPLEKPLK_-1	2
BRD3_3xFLAG_Untreated_2	BRD3_3xFLAG_Untreated	TNQLQYMQNVVVK_0	56
BRD3_3xFLAG_Untreated_2	BRD3_3xFLAG_Untreated	KLQDVFEMR_0	10
BRD3_3xFLAG_Untreated_2	BRD3_3xFLAG_Untreated	LAELQEQLK_0	8
BRD3_3xFLAG_Untreated_2	BRD3_3xFLAG_Untreated	LAELQEQLK_414.3	2
BRD3_3xFLAG_Untreated_2	BRD3_3xFLAG_Untreated	STATTVAPAGIPATPGPVNPPPPEVSNPSKPGR_-130.4	6
BRD3_3xFLAG_Untreated_2	BRD3_3xFLAG_Untreated	AVHEQLAALSQAPVNK_0	2
BRD3_3xFLAG_Untreated_2	BRD3_3xFLAG_Untreated	LAELQEQLR_0	2
BRD3_3xFLAG_Untreated_2	BRD3_3xFLAG_Untreated	IKNPMDMGTIK_0	4
BRD3_3xFLAG_Untreated_2	BRD3_3xFLAG_Untreated	LQDVFEMR_0	8
BRD3_3xFLAG_Untreated_2	BRD3_3xFLAG_Untreated	QDVFEMR_0	2
BRD3_3xFLAG_Untreated_2	BRD3_3xFLAG_Untreated	YPDAQGFAADVR_0	22
BRD3_3xFLAG_Untreated_2	BRD3_3xFLAG_Untreated	PGRKTNQLQYMQNVVVK_439.2	2
BRD3_3xFLAG_Untreated_2	BRD3_3xFLAG_Untreated	MSTATTVAPAGIPATPGPVNPPPPEVSNPSKPGR_359.2	2
BRD3_3xFLAG_Untreated_2	BRD3_3xFLAG_Untreated	HQFAWPFYQPVDAIK_313.2	2
BRD3_3xFLAG_Untreated_2	BRD3_3xFLAG_Untreated	AVHEQLAALSQAPVN_0	10
BRD3_3xFLAG_Untreated_2	BRD3_3xFLAG_Untreated	MSTATTVAPAGIPATPGPVNPPPPEVSNPSKPGR_401.2	4
BRD3_3xFLAG_Untreated_2	BRD3_3xFLAG_Untreated	FAKMPDEPVEAPALPAPAAPMVSK_160.2	2
BRD3_3xFLAG_Untreated_2	BRD3_3xFLAG_Untreated	PVDAEALELHDYHDIIK_149.4	2
BRD3_3xFLAG_Untreated_2	BRD3_3xFLAG_Untreated	KMDGREYPDAQGFAADVR_115.5	6
BRD3_3xFLAG_Untreated_2	BRD3_3xFLAG_Untreated	EYPDAQGFAADVR_479.2	12
BRD3_3xFLAG_Untreated_2	BRD3_3xFLAG_Untreated	EYPDAQGFAADVR_52.9	4
BRD3_3xFLAG_Untreated_2	BRD3_3xFLAG_Untreated	EYPDAQGFAADVR_483.2	2
BRD3_3xFLAG_Untreated_2	BRD3_3xFLAG_Untreated	EYPDAQGFAADVR_22	2
BRD3_3xFLAG_Untreated_2	BRD3_3xFLAG_Untreated	PVDAEALELHDYHDIIK_244.1	2
BRD3_3xFLAG_Untreated_2	BRD3_3xFLAG_Untreated	PVDAEALELHDYHDIIK_-84.1	2
BRD3_3xFLAG_Untreated_2	BRD3_3xFLAG_Untreated	STATTVAPAGIPATPGPVNPPPPEVSNPSKPGR_0	2
BRD3_3xFLAG_Untreated_2	BRD3_3xFLAG_Untreated	MSTATTVAPAGIPATPGPVNPPPPEVSNPSKPGR_385.2	8
BRD3_3xFLAG_Untreated_2	BRD3_3xFLAG_Untreated	MSTATTVAPAGIPATPGPVNPPPPEVSNPSKPGR_344.2	2
BRD3_3xFLAG_Untreated_2	BRD3_3xFLAG_Untreated	MSTATTVAPAGIPATPGPVNPPPPEVSNPSKPGR_396.1	2
BRD3_3xFLAG_Untreated_2	BRD3_3xFLAG_Untreated	KLQDVFEMR_52.9	2
BRD3_3xFLAG_Untreated_2	BRD3_3xFLAG_Untreated	MSTATTVAPAGIPATPGPVNPPPPEVSNPSKPGR_438.1	2
BRD3_3xFLAG_Untreated_2	BRD3_3xFLAG_Untreated	STATTVAPAGIPATPGPVNPPPPEVSNPSKPGRK_399.1	2
BRD3_3xFLAG_Untreated_2	BRD3_3xFLAG_Untreated	MSTATTVAPAGIPATPGPVNPPPPEVSNPSKPGR_274.1	2
BRD3_3xFLAG_Untreated_2	BRD3_3xFLAG_Untreated	MSTATTVAPAGIPATPGPVNPPPPEVSNPSKPGR_273.1	4
BRD3_3xFLAG_Untreated_2	BRD3_3xFLAG_Untreated	MSTATTVAPAGIPATPGPVNPPPPEVSNPSKPGRK_215.1	2
BRD3_3xFLAG_Untreated_2	BRD3_3xFLAG_Untreated	MSTATTVAPAGIPATPGPVNPPPPEVSNPSKPGRK_257.1	2
BRD3_3xFLAG_Untreated_2	BRD3_3xFLAG_Untreated	MPDEPVEAPALPAPAAPMVSK_0	28
BRD3_3xFLAG_Untreated_2	BRD3_3xFLAG_Untreated	NQLQYMQNVVVK_0	10
BRD3_3xFLAG_Untreated_2	BRD3_3xFLAG_Untreated	MSTATTVAPAGIPATPGPVNPPPPEVSNPSKPGR_257.1	8
BRD3_3xFLAG_Untreated_2	BRD3_3xFLAG_Untreated	STATTVAPAGIPATPGPVNPPPPEVSNPSKPGR_365	2
BRD3_3xFLAG_Untreated_2	BRD3_3xFLAG_Untreated	STATTVAPAGIPATPGPVNPPPPEVSNPSKPGR_399.1	4
BRD3_3xFLAG_Untreated_2	BRD3_3xFLAG_Untreated	MSTATTVAPAGIPATPGPVNPPPPEVSNPSKPGR_237.1	2
BRD3_3xFLAG_Untreated_2	BRD3_3xFLAG_Untreated	STATTVAPAGIPATPGPVNPPPPEVSNPSKPGR_441.1	2
BRD3_3xFLAG_Untreated_2	BRD3_3xFLAG_Untreated	PVDAEALELHDYHDIIK_291.2	8
BRD3_3xFLAG_Untreated_2	BRD3_3xFLAG_Untreated	PVDAEALELHDYHDIIK_344.1	4
BRD3_3xFLAG_Untreated_2	BRD3_3xFLAG_Untreated	VDAEALELHDYHDIIK_0	2
BRD3_3xFLAG_Untreated_2	BRD3_3xFLAG_Untreated	STATTVAPAGIPATPGPVNPPPPEVSNPSKPGR_347.2	2
BRD3_3xFLAG_Untreated_2	BRD3_3xFLAG_Untreated	VAQMPQEEVELLPPAPK_0	26
BRD3_3xFLAG_Untreated_2	BRD3_3xFLAG_Untreated	VAQMPQEEVELLPPAPK_53.9	2
BRD3_3xFLAG_Untreated_2	BRD3_3xFLAG_Untreated	VAQMPQEEVELLPPAPK_22	12
BRD3_3xFLAG_Untreated_2	BRD3_3xFLAG_Untreated	KHAAYAWPFYK_311.1	2
BRD3_3xFLAG_Untreated_2	BRD3_3xFLAG_Untreated	VAQMPQEEVELLPPAPK_52.9	26
BRD3_3xFLAG_Untreated_2	BRD3_3xFLAG_Untreated	TNQLQYMQNVVVK_52.9	2
BRD3_3xFLAG_Untreated_2	BRD3_3xFLAG_Untreated	TNQLQYMQNVVVK_22	2
BRD3_3xFLAG_Untreated_2	BRD3_3xFLAG_Untreated	TNQLQYMQNVVVK_36.9	2
BRD3_3xFLAG_Untreated_2	BRD3_3xFLAG_Untreated	TNQLQYMQNVVVK_-2.9	2
BRD3_3xFLAG_Untreated_2	BRD3_3xFLAG_Untreated	VAQMPQEEVELLPPAPK_-0.1	6
BRD3_3xFLAG_Untreated_2	BRD3_3xFLAG_Untreated	QASASYDSEEEEEGLPMSYDEK_-17	6
BRD3_3xFLAG_Untreated_2	BRD3_3xFLAG_Untreated	QASASYDSEEEEEGLPMSYDEK_35.9	4
BRD3_3xFLAG_Untreated_2	BRD3_3xFLAG_Untreated	PVDAEALELHDYHDIIK_0	10
BRD3_3xFLAG_Untreated_2	BRD3_3xFLAG_Untreated	HAAYAWPFYK_0	4
BRD3_3xFLAG_Untreated_2	BRD3_3xFLAG_Untreated	PVDAEALELHDYHDIIK_-3.8	2
BRD3_3xFLAG_Untreated_2	BRD3_3xFLAG_Untreated	MPDEPVEAPALPAPAAPMVSK_22	8
BRD3_3xFLAG_Untreated_2	BRD3_3xFLAG_Untreated	MPDEPVEAPALPAPAAPMVSK_52.9	30
BRD3_3xFLAG_Untreated_2	BRD3_3xFLAG_Untreated	MPDEPVEAPALPAPAAPMVSK_401.6	2
BRD3_3xFLAG_Untreated_2	BRD3_3xFLAG_Untreated	PDEPVEAPALPAPAAPMVSK_0	2
BRD3_3xFLAG_Untreated_2	BRD3_3xFLAG_Untreated	MPDEPVEAPALPAPAAPMVSK_1	2
BRD3_3xFLAG_Untreated_2	BRD3_3xFLAG_Untreated	FAKMPDEPVEAPALPAPAAPMVSK_370.2	2
BRD3_3xFLAG_Untreated_2	BRD3_3xFLAG_Untreated	EYPDAQGFAADVR_-18	2
BRD3_3xFLAG_Untreated_2	BRD3_3xFLAG_Untreated	PVDAEALELHDYHDIIK_438.2	2
BRD3_3xFLAG_Untreated_2	BRD3_3xFLAG_Untreated	QLSLDINR_-17	6
BRD3_3xFLAG_Untreated_2	BRD3_3xFLAG_Untreated	SLHSAGPPLLAVTAAPPAQPLAK_-0.1	2
BRD3_3xFLAG_Untreated_2	BRD3_3xFLAG_Untreated	VAQMPQEEVELLPPAPK_55.9	4
BRD3_3xFLAG_Untreated_2	BRD3_3xFLAG_Untreated	VAQMPQEEVELLPPAPK_14.5	4
BRD3_3xFLAG_Untreated_2	BRD3_3xFLAG_Untreated	VAQMPQEEVELLPPAPK_39	2
BRD3_3xFLAG_Untreated_2	BRD3_3xFLAG_Untreated	VAQMPQEEVELLPPAPK_175	2
BRD3_3xFLAG_Untreated_2	BRD3_3xFLAG_Untreated	VAQMPQEEVELLPPAPK_36.9	6
BRD3_3xFLAG_Untreated_2	BRD3_3xFLAG_Untreated	VAQMPQEEVELLPPAPK_28	2
BRD3_3xFLAG_Untreated_2	BRD3_3xFLAG_Untreated	VAQMPQEEVELLPPAPK_38	4
BRD3_3xFLAG_Untreated_2	BRD3_3xFLAG_Untreated	KVVDDLLDQITGGDHSR_0	2
BRD3_3xFLAG_Untreated_2	BRD3_3xFLAG_Untreated	MPDEPVEAPALPAPAAPMVSK_37.9	2
BRD3_3xFLAG_Untreated_2	BRD3_3xFLAG_Untreated	MPDEPVEAPALPAPAAPMVSK_69.5	2
BRD3_3xFLAG_Untreated_2	BRD3_3xFLAG_Untreated	MPDEPVEAPALPAPAAPMVSK_17	4
BRD3_3xFLAG_Untreated_2	BRD3_3xFLAG_Untreated	MPDEPVEAPALPAPAAPMVSK_-2.6	2
BRD3_3xFLAG_Untreated_2	BRD3_3xFLAG_Untreated	MPDEPVEAPALPAPAAPMVSK_18.6	4
BRD3_3xFLAG_Untreated_2	BRD3_3xFLAG_Untreated	MPDEPVEAPALPAPAAPMVSK_48.9	2
BRD3_3xFLAG_Untreated_2	BRD3_3xFLAG_Untreated	MPDEPVEAPALPAPAAPMVSK_38	4
BRD3_3xFLAG_Untreated_2	BRD3_3xFLAG_Untreated	MPDEPVEAPALPAPAAPMVSK_56.9	2
BRD3_3xFLAG_Untreated_2	BRD3_3xFLAG_Untreated	MPDEPVEAPALPAPAAPMVSK_383.1	2
BRD3_3xFLAG_Untreated_2	BRD3_3xFLAG_Untreated	MPDEPVEAPALPAPAAPMVSK_50.1	2
BRD3_3xFLAG_Untreated_2	BRD3_3xFLAG_Untreated	MPDEPVEAPALPAPAAPMVSK_56.1	2
BRD3_3xFLAG_Untreated_2	BRD3_3xFLAG_Untreated	HAAYAWPFYK_311.2	8
BRD3_3xFLAG_Untreated_2	BRD3_3xFLAG_Untreated	MPDEPVEAPALPAPAAPMVSK_55.9	2
BRD3_3xFLAG_Untreated_2	BRD3_3xFLAG_Untreated	MPDEPVEAPALPAPAAPMVSK_20.1	2
BRD3_3xFLAG_Untreated_2	BRD3_3xFLAG_Untreated	MPDEPVEAPALPAPAAPMVSK_28	2
BRD3_3xFLAG_Untreated_2	BRD3_3xFLAG_Untreated	QLSLDINKLPGEK_-17	2
BRD3_3xFLAG_Untreated_2	BRD3_3xFLAG_Untreated	KHAAYAWPFYKPVDAEALELHDYHDIIK_0	4
BRD3_3xFLAG_Untreated_2	BRD3_3xFLAG_Untreated	PVDAEALELHDYHDIIK_250.1	2
BRD3_3xFLAG_Untreated_2	BRD3_3xFLAG_Untreated	PVDAEALELHDYHDIIK_25.1	2
BRD3_3xFLAG_Untreated_2	BRD3_3xFLAG_Untreated	DSNPDEIEIDFETLKPTTLR_0	36
BRD3_3xFLAG_Untreated_2	BRD3_3xFLAG_Untreated	MPDEPVEAPALPAPAAPMVS_0	2
BRD3_3xFLAG_Untreated_2	BRD3_3xFLAG_Untreated	PVDAEALELHDYHDIIK_430.2	2
BRD3_3xFLAG_Untreated_2	BRD3_3xFLAG_Untreated	HAAYAWPFYKPVDAEALELHDYHDIIK_1	2
BRD3_3xFLAG_Untreated_2	BRD3_3xFLAG_Untreated	NSNPDEIEIDFETLKPSTLR_0	2
BRD3_3xFLAG_Untreated_2	BRD3_3xFLAG_Untreated	HAAYAWPFYKPVDAEALELHDYHDIIK_0	10
BRD3_3xFLAG_Untreated_2	BRD3_3xFLAG_Untreated	PVDAEALELHDYHDIIK_164.1	4
BRD3_3xFLAG_Untreated_2	BRD3_3xFLAG_Untreated	EPSLRDSNPDEIEIDFETLKPTTLR_43	2
BRD3_3xFLAG_Untreated_2	BRD3_3xFLAG_Untreated	SNPDEIEIDFETLKPTTLR_0	2
BRD3_3xFLAG_Untreated_2	BRD3_3xFLAG_Untreated	HAAYAWPFY_0	2
BRD3_3xFLAG_Untreated_2	BRD3_3xFLAG_Untreated	PVDAEALELHDYHDIIK_100.1	2
BRD3_3xFLAG_Untreated_2	BRD3_3xFLAG_Untreated	EPSLRDSNPDEIEIDFETLKPTTLR_41.7	2
BRD3_3xFLAG_Untreated_2	BRD3_3xFLAG_Untreated	PVDAEALELHDYHDIIK_240.1	2
BRD3_3xFLAG_Untreated_2	BRD3_3xFLAG_Untreated	TLWKHQFAWPFYQPVDAIK_493.2	6
BRD3_3xFLAG_Untreated_2	BRD3_3xFLAG_Untreated	HQFAWPFYQPVDAIK_0	18
BRD3_3xFLAG_Untreated_2	BRD3_3xFLAG_Untreated	PTDDIVLMAQALEK_242.1	2
BRD3_3xFLAG_Untreated_2	BRD3_3xFLAG_Untreated	HQFAWPFYQPVDAIK_52.9	12
BRD3_3xFLAG_Untreated_2	BRD3_3xFLAG_Untreated	HQFAWPFYQPVDAIK_22	4
BRD3_3xFLAG_Untreated_2	BRD3_3xFLAG_Untreated	HQFAWPFYQPVDAIK_2	2
BRD3_3xFLAG_Untreated_2	BRD3_3xFLAG_Untreated	EPSLRDSNPDEIEIDFETLKPTTLR_195.1	12
BRD3_3xFLAG_Untreated_2	BRD3_3xFLAG_Untreated	DSNPDEIEIDFETLKPTTLR_52.9	20
BRD3_3xFLAG_Untreated_2	BRD3_3xFLAG_Untreated	DSNPDEIEIDFETLKPTTLR_22	6
BRD3_3xFLAG_Untreated_2	BRD3_3xFLAG_Untreated	DSNPDEIEIDFETLKPTTLR_49.9	2
BRD3_3xFLAG_Untreated_2	BRD3_3xFLAG_Untreated	DSNPDEIEIDFETLKPTTLR_-2.8	2
BRD3_3xFLAG_Untreated_2	BRD3_3xFLAG_Untreated	EPSLRDSNPDEIEIDFETLKPTTLR_263.2	2
BRD3_3xFLAG_Untreated_2	BRD3_3xFLAG_Untreated	HQFAWPFYQPVDAIK_12	2
BRD3_3xFLAG_Untreated_2	BRD3_3xFLAG_Untreated	DSNPDEIEIDFETLKPTTLR_28	4
BRD3_3xFLAG_Untreated_2	BRD3_3xFLAG_Untreated	EPSLRDSNPDEIEIDFETLKPTTLR_229.2	2
BRD3_3xFLAG_Untreated_2	BRD3_3xFLAG_Untreated	PTDDIVLMAQALEK_0	2
BRD3_3xFLAG_Untreated_2	BRD3_3xFLAG_Untreated	RLENNYYWSASECMQDFNTMFTNCYIYNK_165.1	4
BRD3_3xFLAG_Untreated_2	BRD3_3xFLAG_Untreated	RLENNYYWSASECMQDFNTMFTNCYIYNK_250	2
BRD3_3xFLAG_Untreated_2	BRD3_3xFLAG_Untreated	TLWKHQFAWPFYQPVDAIK_-3	2
BRD3_3xFLAG_Untreated_2	BRD3_3xFLAG_Untreated	QFAWPFYQPVDAIK_0	2
BRD3_3xFLAG_Untreated_2	BRD3_3xFLAG_Untreated	DPHGFFAFPVTDAIAPGYSMIIK_0	2
BRD3_3xFLAG_Untreated_2	BRD3_3xFLAG_Untreated	EVISCMFEPEGNACSLTDSTAEEHVLALVEHAADEAR_-113.1	2
BRD3_3xFLAG_Untreated_2	BRD3_3xFLAG_Untreated	TQPAENESTPIQQLLEHFLR_0	6
BRD3_3xFLAG_JQ1_10min_2	BRD3_3xFLAG_JQ1_10min	ANSTTTAGR_438.7	74
BRD3_3xFLAG_JQ1_10min_2	BRD3_3xFLAG_JQ1_10min	APAKKANSTTTAGR_382.1	23
BRD3_3xFLAG_JQ1_10min_2	BRD3_3xFLAG_JQ1_10min	ESGGRPIKPPKK_0	3
BRD3_3xFLAG_JQ1_10min_2	BRD3_3xFLAG_JQ1_10min	RESGGRPIKPPK_0	3
BRD3_3xFLAG_JQ1_10min_2	BRD3_3xFLAG_JQ1_10min	KPFSASGK_411.6	1
BRD3_3xFLAG_JQ1_10min_2	BRD3_3xFLAG_JQ1_10min	EKPGSAPSGGPSR_407.2	1
BRD3_3xFLAG_JQ1_10min_2	BRD3_3xFLAG_JQ1_10min	KEKPGSAPSGGPSR_484.7	1
BRD3_3xFLAG_JQ1_10min_2	BRD3_3xFLAG_JQ1_10min	EKPGSAPSGGPSR_408.5	3
BRD3_3xFLAG_JQ1_10min_2	BRD3_3xFLAG_JQ1_10min	PGSAPSGGPSR_484.3	1
BRD3_3xFLAG_JQ1_10min_2	BRD3_3xFLAG_JQ1_10min	DLPDSQQQHQSSK_0	1
BRD3_3xFLAG_JQ1_10min_2	BRD3_3xFLAG_JQ1_10min	HPMDLSTVKR_0	1
BRD3_3xFLAG_JQ1_10min_2	BRD3_3xFLAG_JQ1_10min	LEDGEVPQHAGKK_0	3
BRD3_3xFLAG_JQ1_10min_2	BRD3_3xFLAG_JQ1_10min	HPMDLSTVKR_398.1	1
BRD3_3xFLAG_JQ1_10min_2	BRD3_3xFLAG_JQ1_10min	KDLEDGEVPQHAGKK_1	1
BRD3_3xFLAG_JQ1_10min_2	BRD3_3xFLAG_JQ1_10min	KDLEDGEVPQHAGKK_0	4
BRD3_3xFLAG_JQ1_10min_2	BRD3_3xFLAG_JQ1_10min	KDLEDGEVPQHAGKK_172	1
BRD3_3xFLAG_JQ1_10min_2	BRD3_3xFLAG_JQ1_10min	KDLEDGEVPQHAGKK_-1	1
BRD3_3xFLAG_JQ1_10min_2	BRD3_3xFLAG_JQ1_10min	AVHEQLAALSQAPVNKPK_403.3	5
BRD3_3xFLAG_JQ1_10min_2	BRD3_3xFLAG_JQ1_10min	KDLEDGEVPQHAGK_0	6
BRD3_3xFLAG_JQ1_10min_2	BRD3_3xFLAG_JQ1_10min	LEDGEVPQHAGK_0	6
BRD3_3xFLAG_JQ1_10min_2	BRD3_3xFLAG_JQ1_10min	DLEDGEVPQHAGKK_0	6
BRD3_3xFLAG_JQ1_10min_2	BRD3_3xFLAG_JQ1_10min	PPKKDLEDGEVPQHAGK_229	1
BRD3_3xFLAG_JQ1_10min_2	BRD3_3xFLAG_JQ1_10min	KDLEDGEVPQHAGK_52.9	1
BRD3_3xFLAG_JQ1_10min_2	BRD3_3xFLAG_JQ1_10min	KDLEDGEVPQHAGK_174.1	1
BRD3_3xFLAG_JQ1_10min_2	BRD3_3xFLAG_JQ1_10min	DLEDGEVPQHAGKK_52.9	3
BRD3_3xFLAG_JQ1_10min_2	BRD3_3xFLAG_JQ1_10min	DLEDGEVPQHAGKK_172	3
BRD3_3xFLAG_JQ1_10min_2	BRD3_3xFLAG_JQ1_10min	DLEDGEVPQHAGK_0	10
BRD3_3xFLAG_JQ1_10min_2	BRD3_3xFLAG_JQ1_10min	RKADTTTPTTSAITASR_0	13
BRD3_3xFLAG_JQ1_10min_2	BRD3_3xFLAG_JQ1_10min	VVHIIQSR_473.6	1
BRD3_3xFLAG_JQ1_10min_2	BRD3_3xFLAG_JQ1_10min	SREDEDALEQAR_469.3	1
BRD3_3xFLAG_JQ1_10min_2	BRD3_3xFLAG_JQ1_10min	LQDVSGQLSSSKK_458.6	1
BRD3_3xFLAG_JQ1_10min_2	BRD3_3xFLAG_JQ1_10min	KADTTTPTTSAITASR_0	14
BRD3_3xFLAG_JQ1_10min_2	BRD3_3xFLAG_JQ1_10min	RKADTTTPTTSAITASR_384.2	1
BRD3_3xFLAG_JQ1_10min_2	BRD3_3xFLAG_JQ1_10min	DLEDGEVPQHAGK_-18	1
BRD3_3xFLAG_JQ1_10min_2	BRD3_3xFLAG_JQ1_10min	LQDVSGQLSSSKK_28	1
BRD3_3xFLAG_JQ1_10min_2	BRD3_3xFLAG_JQ1_10min	DLEDGEVPQHAGK_52.9	5
BRD3_3xFLAG_JQ1_10min_2	BRD3_3xFLAG_JQ1_10min	KDLEDGEVPQHAGK_42	1
BRD3_3xFLAG_JQ1_10min_2	BRD3_3xFLAG_JQ1_10min	DLEDGEVPQHAGK_173.1	1
BRD3_3xFLAG_JQ1_10min_2	BRD3_3xFLAG_JQ1_10min	DLEDGEVPQHAGK_281.2	1
BRD3_3xFLAG_JQ1_10min_2	BRD3_3xFLAG_JQ1_10min	DLEDGEVPQHAGK_131.2	1
BRD3_3xFLAG_JQ1_10min_2	BRD3_3xFLAG_JQ1_10min	PPKKDLEDGEVPQHAGK_487.1	1
BRD3_3xFLAG_JQ1_10min_2	BRD3_3xFLAG_JQ1_10min	DLEDGEVPQHAGK_461.4	1
BRD3_3xFLAG_JQ1_10min_2	BRD3_3xFLAG_JQ1_10min	KADTTTPTTSAITASR_184.4	1
BRD3_3xFLAG_JQ1_10min_2	BRD3_3xFLAG_JQ1_10min	KADTTTPTTSAITASR_0.2	1
BRD3_3xFLAG_JQ1_10min_2	BRD3_3xFLAG_JQ1_10min	KADTTTPTTSAITASR_52.9	10
BRD3_3xFLAG_JQ1_10min_2	BRD3_3xFLAG_JQ1_10min	KADTTTPTTSAITASR_-1.7	6
BRD3_3xFLAG_JQ1_10min_2	BRD3_3xFLAG_JQ1_10min	KADTTTPTTSAITASR_22	1
BRD3_3xFLAG_JQ1_10min_2	BRD3_3xFLAG_JQ1_10min	KADTTTPTTSAITASR_312.1	3
BRD3_3xFLAG_JQ1_10min_2	BRD3_3xFLAG_JQ1_10min	KADTTTPTTSAITASR_48.9	3
BRD3_3xFLAG_JQ1_10min_2	BRD3_3xFLAG_JQ1_10min	KADTTTPTTSAITASR_160.6	1
BRD3_3xFLAG_JQ1_10min_2	BRD3_3xFLAG_JQ1_10min	RLQDVSGQLSSSK_-28	4
BRD3_3xFLAG_JQ1_10min_2	BRD3_3xFLAG_JQ1_10min	KADTTTPTTSAITASR_339.2	3
BRD3_3xFLAG_JQ1_10min_2	BRD3_3xFLAG_JQ1_10min	RKADTTTPTTSAITASR_47	1
BRD3_3xFLAG_JQ1_10min_2	BRD3_3xFLAG_JQ1_10min	KADTTTPTTSAITASR_28	10
BRD3_3xFLAG_JQ1_10min_2	BRD3_3xFLAG_JQ1_10min	RLQDVSGQLSSSK_0	3
BRD3_3xFLAG_JQ1_10min_2	BRD3_3xFLAG_JQ1_10min	YNPPDHEVVAMAR_0	23
BRD3_3xFLAG_JQ1_10min_2	BRD3_3xFLAG_JQ1_10min	YNPPDHEVVAMAR_-2.4	3
BRD3_3xFLAG_JQ1_10min_2	BRD3_3xFLAG_JQ1_10min	KADTTTPTTSAITASR_27	1
BRD3_3xFLAG_JQ1_10min_2	BRD3_3xFLAG_JQ1_10min	KADTTTPTTSAITASR_25.4	1
BRD3_3xFLAG_JQ1_10min_2	BRD3_3xFLAG_JQ1_10min	LQDVSGQLSSSK_415.3	1
BRD3_3xFLAG_JQ1_10min_2	BRD3_3xFLAG_JQ1_10min	LQDVSGQLSSSK_52.9	3
BRD3_3xFLAG_JQ1_10min_2	BRD3_3xFLAG_JQ1_10min	YNPPDHEVVAMAR_281.8	4
BRD3_3xFLAG_JQ1_10min_2	BRD3_3xFLAG_JQ1_10min	LQDVSGQLSSSK_0	4
BRD3_3xFLAG_JQ1_10min_2	BRD3_3xFLAG_JQ1_10min	YNPPDHEVVAMAR_278.9	1
BRD3_3xFLAG_JQ1_10min_2	BRD3_3xFLAG_JQ1_10min	KADTTTPTTSAITASR_30	1
BRD3_3xFLAG_JQ1_10min_2	BRD3_3xFLAG_JQ1_10min	LQDVSGQLSSSK_415.2	1
BRD3_3xFLAG_JQ1_10min_2	BRD3_3xFLAG_JQ1_10min	KADTTTPTTSAITASR_42	1
BRD3_3xFLAG_JQ1_10min_2	BRD3_3xFLAG_JQ1_10min	KADTTTPTTSAITASRSESPPPLSDPK_174.1	1
BRD3_3xFLAG_JQ1_10min_2	BRD3_3xFLAG_JQ1_10min	GGSRPSSNLSSLSNASER_0	1
BRD3_3xFLAG_JQ1_10min_2	BRD3_3xFLAG_JQ1_10min	KADTTTPTTSAITASR_72	1
BRD3_3xFLAG_JQ1_10min_2	BRD3_3xFLAG_JQ1_10min	SESPPPLSDPK_80	4
BRD3_3xFLAG_JQ1_10min_2	BRD3_3xFLAG_JQ1_10min	KADTTTPTTSAITASR_445.7	1
BRD3_3xFLAG_JQ1_10min_2	BRD3_3xFLAG_JQ1_10min	KADTTTPTTSAITASRSESPPPLSDPK_0	1
BRD3_3xFLAG_JQ1_10min_2	BRD3_3xFLAG_JQ1_10min	ADTTTPTTSAITASR_22	1
BRD3_3xFLAG_JQ1_10min_2	BRD3_3xFLAG_JQ1_10min	ADTTTPTTSAITASR_497.6	5
BRD3_3xFLAG_JQ1_10min_2	BRD3_3xFLAG_JQ1_10min	ADTTTPTTSAITASR_52.9	3
BRD3_3xFLAG_JQ1_10min_2	BRD3_3xFLAG_JQ1_10min	AVHEQLAALSQAPVNKPKK_0	1
BRD3_3xFLAG_JQ1_10min_2	BRD3_3xFLAG_JQ1_10min	IIKNPMDMGTIK_0	14
BRD3_3xFLAG_JQ1_10min_2	BRD3_3xFLAG_JQ1_10min	LLQDLHEAQAER_473.9	1
BRD3_3xFLAG_JQ1_10min_2	BRD3_3xFLAG_JQ1_10min	KTNQLQYMQNVVVK_0	10
BRD3_3xFLAG_JQ1_10min_2	BRD3_3xFLAG_JQ1_10min	VHEQLAALSQAPVNKPK_0	3
BRD3_3xFLAG_JQ1_10min_2	BRD3_3xFLAG_JQ1_10min	YNPPDHEVVAMAR_-18	1
BRD3_3xFLAG_JQ1_10min_2	BRD3_3xFLAG_JQ1_10min	AVHEQLAALSQPQQNK_156.1	1
BRD3_3xFLAG_JQ1_10min_2	BRD3_3xFLAG_JQ1_10min	AVHEQLAALSQAPVNKPK_16	3
BRD3_3xFLAG_JQ1_10min_2	BRD3_3xFLAG_JQ1_10min	AVHEQLAALSQAPVNKPK_-0.6	1
BRD3_3xFLAG_JQ1_10min_2	BRD3_3xFLAG_JQ1_10min	AVHEQLAALSQAPVNKPK_0	9
BRD3_3xFLAG_JQ1_10min_2	BRD3_3xFLAG_JQ1_10min	AVHEQLAALSQAPVNKPK_52.9	6
BRD3_3xFLAG_JQ1_10min_2	BRD3_3xFLAG_JQ1_10min	AVHEQLAALSQAPVNKPK_211	1
BRD3_3xFLAG_JQ1_10min_2	BRD3_3xFLAG_JQ1_10min	AVHEQLAALSQAPVNKPK_231.1	1
BRD3_3xFLAG_JQ1_10min_2	BRD3_3xFLAG_JQ1_10min	AVHEQLAALSQAPVNKPK_166.4	1
BRD3_3xFLAG_JQ1_10min_2	BRD3_3xFLAG_JQ1_10min	AVHEQLAALSQAPVNKPK_8.9	1
BRD3_3xFLAG_JQ1_10min_2	BRD3_3xFLAG_JQ1_10min	AVHEQLAALSQAPVNKPK_169.1	3
BRD3_3xFLAG_JQ1_10min_2	BRD3_3xFLAG_JQ1_10min	AVHEQLAALSQAPVNKPK_167	1
BRD3_3xFLAG_JQ1_10min_2	BRD3_3xFLAG_JQ1_10min	AVHEQLAALSQAPVNKPK_185.1	1
BRD3_3xFLAG_JQ1_10min_2	BRD3_3xFLAG_JQ1_10min	AVHEQLAALSQAPVNKPK_-3.1	4
BRD3_3xFLAG_JQ1_10min_2	BRD3_3xFLAG_JQ1_10min	AVHEQLAALSQAPVNKPK_229	1
BRD3_3xFLAG_JQ1_10min_2	BRD3_3xFLAG_JQ1_10min	AVHEQLAALSQAPVNKPK_49.9	1
BRD3_3xFLAG_JQ1_10min_2	BRD3_3xFLAG_JQ1_10min	AVHEQLAALSQAPVNKPK_77	1
BRD3_3xFLAG_JQ1_10min_2	BRD3_3xFLAG_JQ1_10min	AVHEQLAALSQAPVNKPK_96.9	1
BRD3_3xFLAG_JQ1_10min_2	BRD3_3xFLAG_JQ1_10min	AVHEQLAALSQAPVNKPK_142.8	1
BRD3_3xFLAG_JQ1_10min_2	BRD3_3xFLAG_JQ1_10min	AVHEQLAALSQAPVNKPK_138.7	1
BRD3_3xFLAG_JQ1_10min_2	BRD3_3xFLAG_JQ1_10min	AVHEQLAALSQAPVNKPK_135	1
BRD3_3xFLAG_JQ1_10min_2	BRD3_3xFLAG_JQ1_10min	AVHEQLAALSQAPVNKPK_197	1
BRD3_3xFLAG_JQ1_10min_2	BRD3_3xFLAG_JQ1_10min	YNPPDHDVVAMAR_14	9
BRD3_3xFLAG_JQ1_10min_2	BRD3_3xFLAG_JQ1_10min	AVHEQLAALSQAPVNKPK_142.9	1
BRD3_3xFLAG_JQ1_10min_2	BRD3_3xFLAG_JQ1_10min	AVHEQLAALSQAPVNKPK_187	1
BRD3_3xFLAG_JQ1_10min_2	BRD3_3xFLAG_JQ1_10min	AVHEQLAALSQAPVNKPK_-0.2	1
BRD3_3xFLAG_JQ1_10min_2	BRD3_3xFLAG_JQ1_10min	AVHEQLAALSQAPVNKPK_113	1
BRD3_3xFLAG_JQ1_10min_2	BRD3_3xFLAG_JQ1_10min	AVHEQLAALSQAPVNKPK_173	1
BRD3_3xFLAG_JQ1_10min_2	BRD3_3xFLAG_JQ1_10min	AVHEQLAALSQAPVNKPK_-5.1	1
BRD3_3xFLAG_JQ1_10min_2	BRD3_3xFLAG_JQ1_10min	AVHEQLAALSQAPVNKPK_-0.1	1
BRD3_3xFLAG_JQ1_10min_2	BRD3_3xFLAG_JQ1_10min	AVHEQLAALSQAPVNKPK_143	1
BRD3_3xFLAG_JQ1_10min_2	BRD3_3xFLAG_JQ1_10min	YNPPDHEVVAMAR_495.4	1
BRD3_3xFLAG_JQ1_10min_2	BRD3_3xFLAG_JQ1_10min	YNPPDHEVVAMAR_52.9	6
BRD3_3xFLAG_JQ1_10min_2	BRD3_3xFLAG_JQ1_10min	LMFSNCYKYNPPDHEVVAMAR_-100	4
BRD3_3xFLAG_JQ1_10min_2	BRD3_3xFLAG_JQ1_10min	YNPPDHEVVAMAR_430.2	1
BRD3_3xFLAG_JQ1_10min_2	BRD3_3xFLAG_JQ1_10min	YNPPDHEVVAMAR_1.6	1
BRD3_3xFLAG_JQ1_10min_2	BRD3_3xFLAG_JQ1_10min	YNPPDHEVVAMAR_172.7	1
BRD3_3xFLAG_JQ1_10min_2	BRD3_3xFLAG_JQ1_10min	LMFSNCYKYNPPDHEVVAMAR_-126	1
BRD3_3xFLAG_JQ1_10min_2	BRD3_3xFLAG_JQ1_10min	YNPPDHEVVAMAR_184.6	1
BRD3_3xFLAG_JQ1_10min_2	BRD3_3xFLAG_JQ1_10min	LMFSNCYKYNPPDHEVVAMAR_-116	1
BRD3_3xFLAG_JQ1_10min_2	BRD3_3xFLAG_JQ1_10min	AVHEQLAALSQAPVNKPK_0.8	1
BRD3_3xFLAG_JQ1_10min_2	BRD3_3xFLAG_JQ1_10min	KMDGREYPDAQGFAADVR_250.2	1
BRD3_3xFLAG_JQ1_10min_2	BRD3_3xFLAG_JQ1_10min	AVHEQLAALSQAPVNKPK_2	1
BRD3_3xFLAG_JQ1_10min_2	BRD3_3xFLAG_JQ1_10min	IIKTPMDMGTIKK_13	4
BRD3_3xFLAG_JQ1_10min_2	BRD3_3xFLAG_JQ1_10min	AVHEQLAALSQAPVNKPK_13	1
BRD3_3xFLAG_JQ1_10min_2	BRD3_3xFLAG_JQ1_10min	AVHEQLAALSQAPVNKPK_12	1
BRD3_3xFLAG_JQ1_10min_2	BRD3_3xFLAG_JQ1_10min	SSYEDYADKPLEKPLK_0	1
BRD3_3xFLAG_JQ1_10min_2	BRD3_3xFLAG_JQ1_10min	TNQLQYMQNVVVK_-0.1	3
BRD3_3xFLAG_JQ1_10min_2	BRD3_3xFLAG_JQ1_10min	TNQLQYMQNVVVK_0.5	1
BRD3_3xFLAG_JQ1_10min_2	BRD3_3xFLAG_JQ1_10min	AVHEQLAALSQAPVNKPK_29	1
BRD3_3xFLAG_JQ1_10min_2	BRD3_3xFLAG_JQ1_10min	AVHEQLAALSQAPVNKPK_28	1
BRD3_3xFLAG_JQ1_10min_2	BRD3_3xFLAG_JQ1_10min	STATTVAPAGIPATPGPVNPPPPEVSNPSKPGR_-130.4	4
BRD3_3xFLAG_JQ1_10min_2	BRD3_3xFLAG_JQ1_10min	AVHEQLAALSQAPVNK_0	1
BRD3_3xFLAG_JQ1_10min_2	BRD3_3xFLAG_JQ1_10min	QASASYDSEEEEEGLPMSYDEK_100.1	1
BRD3_3xFLAG_JQ1_10min_2	BRD3_3xFLAG_JQ1_10min	IKNPMDMGTIK_0	3
BRD3_3xFLAG_JQ1_10min_2	BRD3_3xFLAG_JQ1_10min	STATTVAPAGIPATPGPVNPPPPEVSNPSKPGR_264.5	3
BRD3_3xFLAG_JQ1_10min_2	BRD3_3xFLAG_JQ1_10min	STATTVAPAGIPATPGPVNPPPPEVSNPSKPGRK_1	3
BRD3_3xFLAG_JQ1_10min_2	BRD3_3xFLAG_JQ1_10min	MSTATTVAPAGIPATPGPVNPPPPEVSNPSKPGRK_273.1	1
BRD3_3xFLAG_JQ1_10min_2	BRD3_3xFLAG_JQ1_10min	MSTATTVAPAGIPATPGPVNPPPPEVSNPSKPGRK_386.2	1
BRD3_3xFLAG_JQ1_10min_2	BRD3_3xFLAG_JQ1_10min	KTNQLQYMQNVVVK_1	4
BRD3_3xFLAG_JQ1_10min_2	BRD3_3xFLAG_JQ1_10min	KTNQLQYMQNVVVK_36.9	1
BRD3_3xFLAG_JQ1_10min_2	BRD3_3xFLAG_JQ1_10min	KTNQLQYMQNVVVK_-2.9	1
BRD3_3xFLAG_JQ1_10min_2	BRD3_3xFLAG_JQ1_10min	MSTATTVAPAGIPATPGPVNPPPPEVSNPSKPGR_401.2	1
BRD3_3xFLAG_JQ1_10min_2	BRD3_3xFLAG_JQ1_10min	AVHEQLAALSQAPVN_0	6
BRD3_3xFLAG_JQ1_10min_2	BRD3_3xFLAG_JQ1_10min	PGRKTNQLQYMQNVVVK_439.2	1
BRD3_3xFLAG_JQ1_10min_2	BRD3_3xFLAG_JQ1_10min	YPDAQGFAADVR_0	13
BRD3_3xFLAG_JQ1_10min_2	BRD3_3xFLAG_JQ1_10min	MSTATTVAPAGIPATPGPVNPPPPEVSNPSKPGR_359.2	1
BRD3_3xFLAG_JQ1_10min_2	BRD3_3xFLAG_JQ1_10min	KTNQLQYMQNVVVK_-2	1
BRD3_3xFLAG_JQ1_10min_2	BRD3_3xFLAG_JQ1_10min	MPDEPVEAPALPAPAAPMVSK_-137.5	3
BRD3_3xFLAG_JQ1_10min_2	BRD3_3xFLAG_JQ1_10min	PVDAEALELHDYHDIIK_244.1	1
BRD3_3xFLAG_JQ1_10min_2	BRD3_3xFLAG_JQ1_10min	PVDAEALELHDYHDIIK_240.1	1
BRD3_3xFLAG_JQ1_10min_2	BRD3_3xFLAG_JQ1_10min	EYPDAQGFAADVR_479.2	18
BRD3_3xFLAG_JQ1_10min_2	BRD3_3xFLAG_JQ1_10min	EYPDAQGFAADVR_52.9	6
BRD3_3xFLAG_JQ1_10min_2	BRD3_3xFLAG_JQ1_10min	QASASYDSEEEEEGLPMSYDEK_-17	11
BRD3_3xFLAG_JQ1_10min_2	BRD3_3xFLAG_JQ1_10min	EYPDAQGFAADVR_22	5
BRD3_3xFLAG_JQ1_10min_2	BRD3_3xFLAG_JQ1_10min	KMDGREYPDAQGFAADVR_115.5	1
BRD3_3xFLAG_JQ1_10min_2	BRD3_3xFLAG_JQ1_10min	KHAAYAWPFYK_460.2	1
BRD3_3xFLAG_JQ1_10min_2	BRD3_3xFLAG_JQ1_10min	KHAAYAWPFYK_0	1
BRD3_3xFLAG_JQ1_10min_2	BRD3_3xFLAG_JQ1_10min	STATTVAPAGIPATPGPVNPPPPEVSNPSKPGR_0	1
BRD3_3xFLAG_JQ1_10min_2	BRD3_3xFLAG_JQ1_10min	MSTATTVAPAGIPATPGPVNPPPPEVSNPSKPGR_385.2	5
BRD3_3xFLAG_JQ1_10min_2	BRD3_3xFLAG_JQ1_10min	STATTVAPAGIPATPGPVNPPPPEVSNPSKPGRK_441.1	3
BRD3_3xFLAG_JQ1_10min_2	BRD3_3xFLAG_JQ1_10min	KLQDVFEMR_52.9	1
BRD3_3xFLAG_JQ1_10min_2	BRD3_3xFLAG_JQ1_10min	MSTATTVAPAGIPATPGPVNPPPPEVSNPSKPGR_343.2	3
BRD3_3xFLAG_JQ1_10min_2	BRD3_3xFLAG_JQ1_10min	STATTVAPAGIPATPGPVNPPPPEVSNPSKPGRK_389.2	1
BRD3_3xFLAG_JQ1_10min_2	BRD3_3xFLAG_JQ1_10min	MSTATTVAPAGIPATPGPVNPPPPEVSNPSKPGR_273.1	5
BRD3_3xFLAG_JQ1_10min_2	BRD3_3xFLAG_JQ1_10min	MSTATTVAPAGIPATPGPVNPPPPEVSNPSKPGRK_257.1	1
BRD3_3xFLAG_JQ1_10min_2	BRD3_3xFLAG_JQ1_10min	PVDAEALELHDYHDIIK_128.1	1
BRD3_3xFLAG_JQ1_10min_2	BRD3_3xFLAG_JQ1_10min	QASASYDSEEEEEGLPMSYDEKR_-17	3
BRD3_3xFLAG_JQ1_10min_2	BRD3_3xFLAG_JQ1_10min	MPDEPVEAPALPAPAAPMVSK_0	57
BRD3_3xFLAG_JQ1_10min_2	BRD3_3xFLAG_JQ1_10min	NQLQYMQNVVVK_0	3
BRD3_3xFLAG_JQ1_10min_2	BRD3_3xFLAG_JQ1_10min	STATTVAPAGIPATPGPVNPPPPEVSNPSKPGR_347.1	1
BRD3_3xFLAG_JQ1_10min_2	BRD3_3xFLAG_JQ1_10min	MSTATTVAPAGIPATPGPVNPPPPEVSNPSKPGR_257.1	8
BRD3_3xFLAG_JQ1_10min_2	BRD3_3xFLAG_JQ1_10min	STATTVAPAGIPATPGPVNPPPPEVSNPSKPGR_399.1	4
BRD3_3xFLAG_JQ1_10min_2	BRD3_3xFLAG_JQ1_10min	STATTVAPAGIPATPGPVNPPPPEVSNPSKPGR_405.2	1
BRD3_3xFLAG_JQ1_10min_2	BRD3_3xFLAG_JQ1_10min	MSTATTVAPAGIPATPGPVNPPPPEVSNPSKPGR_279.1	1
BRD3_3xFLAG_JQ1_10min_2	BRD3_3xFLAG_JQ1_10min	STATTVAPAGIPATPGPVNPPPPEVSNPSKPGR_407	1
BRD3_3xFLAG_JQ1_10min_2	BRD3_3xFLAG_JQ1_10min	MSTATTVAPAGIPATPGPVNPPPPEVSNPSKPGR_310	1
BRD3_3xFLAG_JQ1_10min_2	BRD3_3xFLAG_JQ1_10min	PVDAEALELHDYHDIIK_292.2	1
BRD3_3xFLAG_JQ1_10min_2	BRD3_3xFLAG_JQ1_10min	PVDAEALELHDYHDIIK_344.1	5
BRD3_3xFLAG_JQ1_10min_2	BRD3_3xFLAG_JQ1_10min	PVDAEALELHDYHDIIK_291.2	8
BRD3_3xFLAG_JQ1_10min_2	BRD3_3xFLAG_JQ1_10min	PVDAEALELHDYHDIIK_-96	1
BRD3_3xFLAG_JQ1_10min_2	BRD3_3xFLAG_JQ1_10min	VDAEALELHDYHDIIK_0	1
BRD3_3xFLAG_JQ1_10min_2	BRD3_3xFLAG_JQ1_10min	PVDAEALELHDYHDIIK_340.1	1
BRD3_3xFLAG_JQ1_10min_2	BRD3_3xFLAG_JQ1_10min	VAQMPQEEVELLPPAPK_0	18
BRD3_3xFLAG_JQ1_10min_2	BRD3_3xFLAG_JQ1_10min	PVDAEALELHDYHDIIK_343.1	1
BRD3_3xFLAG_JQ1_10min_2	BRD3_3xFLAG_JQ1_10min	MSTATTVAPAGIPATPGPVNPPPPEVSNPSKPGR_257.2	1
BRD3_3xFLAG_JQ1_10min_2	BRD3_3xFLAG_JQ1_10min	PVDAEALELHDYHDIIK_450.2	1
BRD3_3xFLAG_JQ1_10min_2	BRD3_3xFLAG_JQ1_10min	PVDAEALELHDYHDIIK_293.7	1
BRD3_3xFLAG_JQ1_10min_2	BRD3_3xFLAG_JQ1_10min	VAQMPQEEVELLPPAPK_52.9	17
BRD3_3xFLAG_JQ1_10min_2	BRD3_3xFLAG_JQ1_10min	VAQMPQEEVELLPPAPK_53.9	1
BRD3_3xFLAG_JQ1_10min_2	BRD3_3xFLAG_JQ1_10min	PVDAEALELHDYHDIIK_288.3	1
BRD3_3xFLAG_JQ1_10min_2	BRD3_3xFLAG_JQ1_10min	VAQMPQEEVELLPPAPK_22	8
BRD3_3xFLAG_JQ1_10min_2	BRD3_3xFLAG_JQ1_10min	KHAAYAWPFYK_311.2	1
BRD3_3xFLAG_JQ1_10min_2	BRD3_3xFLAG_JQ1_10min	TNQLQYMQNVVVK_52.9	5
BRD3_3xFLAG_JQ1_10min_2	BRD3_3xFLAG_JQ1_10min	TNQLQYMQNVVVK_0	23
BRD3_3xFLAG_JQ1_10min_2	BRD3_3xFLAG_JQ1_10min	TNQLQYMQNVVVK_40.9	1
BRD3_3xFLAG_JQ1_10min_2	BRD3_3xFLAG_JQ1_10min	TNQLQYMQNVVVK_22	1
BRD3_3xFLAG_JQ1_10min_2	BRD3_3xFLAG_JQ1_10min	KHAAYAWPFYK_311.1	4
BRD3_3xFLAG_JQ1_10min_2	BRD3_3xFLAG_JQ1_10min	VAQMPQEEVELLPPAPK_-0.1	4
BRD3_3xFLAG_JQ1_10min_2	BRD3_3xFLAG_JQ1_10min	PVDAEALELHDYHDIIK_0	4
BRD3_3xFLAG_JQ1_10min_2	BRD3_3xFLAG_JQ1_10min	QASASYDSEEEEEGLPMSYDEK_35.9	4
BRD3_3xFLAG_JQ1_10min_2	BRD3_3xFLAG_JQ1_10min	KGGKQASASYDSEEEEEGLPMSYDEK_396.2	1
BRD3_3xFLAG_JQ1_10min_2	BRD3_3xFLAG_JQ1_10min	PVDAEALELHDYHDIIK_-3.8	1
BRD3_3xFLAG_JQ1_10min_2	BRD3_3xFLAG_JQ1_10min	QASASYDSEEEEEGLPMSYDEK_20.9	1
BRD3_3xFLAG_JQ1_10min_2	BRD3_3xFLAG_JQ1_10min	MPDEPVEAPALPAPAAPMVSK_51.9	1
BRD3_3xFLAG_JQ1_10min_2	BRD3_3xFLAG_JQ1_10min	QASASYDSEEEEEGLPMSYDEK_5	1
BRD3_3xFLAG_JQ1_10min_2	BRD3_3xFLAG_JQ1_10min	MPDEPVEAPALPAPAAPMVSK_22	17
BRD3_3xFLAG_JQ1_10min_2	BRD3_3xFLAG_JQ1_10min	MPDEPVEAPALPAPAAPMVSK_36.9	4
BRD3_3xFLAG_JQ1_10min_2	BRD3_3xFLAG_JQ1_10min	MPDEPVEAPALPAPAAPMVSK_54.1	1
BRD3_3xFLAG_JQ1_10min_2	BRD3_3xFLAG_JQ1_10min	MPDEPVEAPALPAPAAPMVSK_16	1
BRD3_3xFLAG_JQ1_10min_2	BRD3_3xFLAG_JQ1_10min	HAAYAWPFYK_417.5	5
BRD3_3xFLAG_JQ1_10min_2	BRD3_3xFLAG_JQ1_10min	MPDEPVEAPALPAPAAPMVSK_52.9	33
BRD3_3xFLAG_JQ1_10min_2	BRD3_3xFLAG_JQ1_10min	MPDEPVEAPALPAPAAPMVSK_53.9	4
BRD3_3xFLAG_JQ1_10min_2	BRD3_3xFLAG_JQ1_10min	MPDEPVEAPALPAPAAPMVSK_68.9	3
BRD3_3xFLAG_JQ1_10min_2	BRD3_3xFLAG_JQ1_10min	MPDEPVEAPALPAPAAPMVSK_401.6	5
BRD3_3xFLAG_JQ1_10min_2	BRD3_3xFLAG_JQ1_10min	PDEPVEAPALPAPAAPMVSK_0	4
BRD3_3xFLAG_JQ1_10min_2	BRD3_3xFLAG_JQ1_10min	MPDEPVEAPALPAPAAPMVSK_1	5
BRD3_3xFLAG_JQ1_10min_2	BRD3_3xFLAG_JQ1_10min	MPDEPVEAPALPAPAAPMVSK_-1	3
BRD3_3xFLAG_JQ1_10min_2	BRD3_3xFLAG_JQ1_10min	MPDEPVEAPALPAPAAPMVSK_55.9	1
BRD3_3xFLAG_JQ1_10min_2	BRD3_3xFLAG_JQ1_10min	MPDEPVEAPALPAPAAPMVSK_456.1	1
BRD3_3xFLAG_JQ1_10min_2	BRD3_3xFLAG_JQ1_10min	MPDEPVEAPALPAPAAPMVSK_38	8
BRD3_3xFLAG_JQ1_10min_2	BRD3_3xFLAG_JQ1_10min	MPDEPVEAPALPAPAAPMVSK_2.6	3
BRD3_3xFLAG_JQ1_10min_2	BRD3_3xFLAG_JQ1_10min	MPDEPVEAPALPAPAAPMVSK_2.1	1
BRD3_3xFLAG_JQ1_10min_2	BRD3_3xFLAG_JQ1_10min	MPDEPVEAPALPAPAAPMVSK_472.1	1
BRD3_3xFLAG_JQ1_10min_2	BRD3_3xFLAG_JQ1_10min	MPDEPVEAPALPAPAAPMVSK_67.9	1
BRD3_3xFLAG_JQ1_10min_2	BRD3_3xFLAG_JQ1_10min	VAQMPQEEVELLPPAPK_0.1	3
BRD3_3xFLAG_JQ1_10min_2	BRD3_3xFLAG_JQ1_10min	PVDAEALELHDYHDIIK_438.2	1
BRD3_3xFLAG_JQ1_10min_2	BRD3_3xFLAG_JQ1_10min	VAQMPQEEVELLPPAPK_64	1
BRD3_3xFLAG_JQ1_10min_2	BRD3_3xFLAG_JQ1_10min	VAQMPQEEVELLPPAPK_19.5	1
BRD3_3xFLAG_JQ1_10min_2	BRD3_3xFLAG_JQ1_10min	VAQMPQEEVELLPPAPK_32.9	1
BRD3_3xFLAG_JQ1_10min_2	BRD3_3xFLAG_JQ1_10min	VAQMPQEEVELLPPAPK_14.5	3
BRD3_3xFLAG_JQ1_10min_2	BRD3_3xFLAG_JQ1_10min	VAQMPQEEVELLPPAPK_38	3
BRD3_3xFLAG_JQ1_10min_2	BRD3_3xFLAG_JQ1_10min	VAQMPQEEVELLPPAPK_6	1
BRD3_3xFLAG_JQ1_10min_2	BRD3_3xFLAG_JQ1_10min	VAQMPQEEVELLPPAPK_55.9	1
BRD3_3xFLAG_JQ1_10min_2	BRD3_3xFLAG_JQ1_10min	VAQMPQEEVELLPPAPK_175	1
BRD3_3xFLAG_JQ1_10min_2	BRD3_3xFLAG_JQ1_10min	VAQMPQEEVELLPPAPK_36.9	5
BRD3_3xFLAG_JQ1_10min_2	BRD3_3xFLAG_JQ1_10min	VAQMPQEEVELLPPAPK_2.4	1
BRD3_3xFLAG_JQ1_10min_2	BRD3_3xFLAG_JQ1_10min	VAQMPQEEVELLPPAPK_48.9	1
BRD3_3xFLAG_JQ1_10min_2	BRD3_3xFLAG_JQ1_10min	MPDEPVEAPALPAPAAPMVSK_52	1
BRD3_3xFLAG_JQ1_10min_2	BRD3_3xFLAG_JQ1_10min	MPDEPVEAPALPAPAAPMVSK_37.9	4
BRD3_3xFLAG_JQ1_10min_2	BRD3_3xFLAG_JQ1_10min	MPDEPVEAPALPAPAAPMVSK_45	1
BRD3_3xFLAG_JQ1_10min_2	BRD3_3xFLAG_JQ1_10min	MPDEPVEAPALPAPAAPMVSK_48.9	4
BRD3_3xFLAG_JQ1_10min_2	BRD3_3xFLAG_JQ1_10min	MPDEPVEAPALPAPAAPMVSK_94.9	3
BRD3_3xFLAG_JQ1_10min_2	BRD3_3xFLAG_JQ1_10min	MPDEPVEAPALPAPAAPMVSK_454.3	1
BRD3_3xFLAG_JQ1_10min_2	BRD3_3xFLAG_JQ1_10min	MPDEPVEAPALPAPAAPMVSK_2	1
BRD3_3xFLAG_JQ1_10min_2	BRD3_3xFLAG_JQ1_10min	MPDEPVEAPALPAPAAPMVSK_44	1
BRD3_3xFLAG_JQ1_10min_2	BRD3_3xFLAG_JQ1_10min	MPDEPVEAPALPAPAAPMVSK_64	1
BRD3_3xFLAG_JQ1_10min_2	BRD3_3xFLAG_JQ1_10min	MPDEPVEAPALPAPAAPMVSK_269.1	1
BRD3_3xFLAG_JQ1_10min_2	BRD3_3xFLAG_JQ1_10min	MPDEPVEAPALPAPAAPMVSK_423.7	1
BRD3_3xFLAG_JQ1_10min_2	BRD3_3xFLAG_JQ1_10min	MPDEPVEAPALPAPAAPMVSK_90.9	1
BRD3_3xFLAG_JQ1_10min_2	BRD3_3xFLAG_JQ1_10min	MPDEPVEAPALPAPAAPMVSK_123.8	1
BRD3_3xFLAG_JQ1_10min_2	BRD3_3xFLAG_JQ1_10min	MPDEPVEAPALPAPAAPMVSK_44.1	1
BRD3_3xFLAG_JQ1_10min_2	BRD3_3xFLAG_JQ1_10min	MPDEPVEAPALPAPAAPMVSK_47	1
BRD3_3xFLAG_JQ1_10min_2	BRD3_3xFLAG_JQ1_10min	MPDEPVEAPALPAPAAPMVSK_17	4
BRD3_3xFLAG_JQ1_10min_2	BRD3_3xFLAG_JQ1_10min	MPDEPVEAPALPAPAAPMVSK_49.9	1
BRD3_3xFLAG_JQ1_10min_2	BRD3_3xFLAG_JQ1_10min	MPDEPVEAPALPAPAAPMVSK_111.9	1
BRD3_3xFLAG_JQ1_10min_2	BRD3_3xFLAG_JQ1_10min	MPDEPVEAPALPAPAAPMVSK_56.1	1
BRD3_3xFLAG_JQ1_10min_2	BRD3_3xFLAG_JQ1_10min	MPDEPVEAPALPAPAAPMVSK_18.6	3
BRD3_3xFLAG_JQ1_10min_2	BRD3_3xFLAG_JQ1_10min	MPDEPVEAPALPAPAAPMVSK_238	1
BRD3_3xFLAG_JQ1_10min_2	BRD3_3xFLAG_JQ1_10min	MPDEPVEAPALPAPAAPMVSK_186.7	1
BRD3_3xFLAG_JQ1_10min_2	BRD3_3xFLAG_JQ1_10min	MPDEPVEAPALPAPAAPMVSK_-2.6	1
BRD3_3xFLAG_JQ1_10min_2	BRD3_3xFLAG_JQ1_10min	MPDEPVEAPALPAPAAPMVSK_28	4
BRD3_3xFLAG_JQ1_10min_2	BRD3_3xFLAG_JQ1_10min	MPDEPVEAPALPAPAAPMVSK_50.2	1
BRD3_3xFLAG_JQ1_10min_2	BRD3_3xFLAG_JQ1_10min	HAAYAWPFYK_311.1	4
BRD3_3xFLAG_JQ1_10min_2	BRD3_3xFLAG_JQ1_10min	MPDEPVEAPALPAPAAPMVSK_-0.9	1
BRD3_3xFLAG_JQ1_10min_2	BRD3_3xFLAG_JQ1_10min	MPDEPVEAPALPAPAAPMVSK_0.6	1
BRD3_3xFLAG_JQ1_10min_2	BRD3_3xFLAG_JQ1_10min	HAAYAWPFYK_311.2	4
BRD3_3xFLAG_JQ1_10min_2	BRD3_3xFLAG_JQ1_10min	VVDDLLDQITGGDHSR_0	1
BRD3_3xFLAG_JQ1_10min_2	BRD3_3xFLAG_JQ1_10min	HQFAWPFYQPVDAIK_16	1
BRD3_3xFLAG_JQ1_10min_2	BRD3_3xFLAG_JQ1_10min	PVDAEALELHDYHDIIK_249.5	3
BRD3_3xFLAG_JQ1_10min_2	BRD3_3xFLAG_JQ1_10min	KHAAYAWPFYKPVDAEALELHDYHDIIK_0	3
BRD3_3xFLAG_JQ1_10min_2	BRD3_3xFLAG_JQ1_10min	PVDAEALELHDYHDIIK_250.1	3
BRD3_3xFLAG_JQ1_10min_2	BRD3_3xFLAG_JQ1_10min	PVDAEALELHDYHDIIK_25.1	3
BRD3_3xFLAG_JQ1_10min_2	BRD3_3xFLAG_JQ1_10min	KHAAYAWPFYKPVDAEALELHDYHDIIK_1.7	1
BRD3_3xFLAG_JQ1_10min_2	BRD3_3xFLAG_JQ1_10min	MPDEPVEAPALPAPAAPMVSK_270.8	1
BRD3_3xFLAG_JQ1_10min_2	BRD3_3xFLAG_JQ1_10min	DSNPDEIEIDFETLKPTTLR_1	1
BRD3_3xFLAG_JQ1_10min_2	BRD3_3xFLAG_JQ1_10min	MPDEPVEAPALPAPAAPMVSKGAESSR_0	1
BRD3_3xFLAG_JQ1_10min_2	BRD3_3xFLAG_JQ1_10min	MPDEPVEAPALPAPAAPMVS_0	5
BRD3_3xFLAG_JQ1_10min_2	BRD3_3xFLAG_JQ1_10min	HAAYAWPFYKPVDAEALELHDYHDIIK_0	6
BRD3_3xFLAG_JQ1_10min_2	BRD3_3xFLAG_JQ1_10min	PVDAEALELHDYHDIIK_164.1	6
BRD3_3xFLAG_JQ1_10min_2	BRD3_3xFLAG_JQ1_10min	MPDEPVEAPALPAPAAPMVSK_-106.1	1
BRD3_3xFLAG_JQ1_10min_2	BRD3_3xFLAG_JQ1_10min	HAAYAWPFYKPVDAEALELHDYHDIIK_-3.3	1
BRD3_3xFLAG_JQ1_10min_2	BRD3_3xFLAG_JQ1_10min	NSNPDEIEIDFETLKPSTLR_0	1
BRD3_3xFLAG_JQ1_10min_2	BRD3_3xFLAG_JQ1_10min	EPSLKNSNPDEIEIDFETLKPSTLR_218.1	1
BRD3_3xFLAG_JQ1_10min_2	BRD3_3xFLAG_JQ1_10min	HAAYAWPFYKPVDAEALELHDYHDIIK_1	1
BRD3_3xFLAG_JQ1_10min_2	BRD3_3xFLAG_JQ1_10min	HAAYAWPFYKPVDAEALELHDYHDIIK_-3.7	1
BRD3_3xFLAG_JQ1_10min_2	BRD3_3xFLAG_JQ1_10min	EPSLRDSNPDEIEIDFETLKPTTLR_195.1	9
BRD3_3xFLAG_JQ1_10min_2	BRD3_3xFLAG_JQ1_10min	DSNPDEIEIDFETLKPTTLR_355.9	1
BRD3_3xFLAG_JQ1_10min_2	BRD3_3xFLAG_JQ1_10min	SNPDEIEIDFETLKPTTLR_0	4
BRD3_3xFLAG_JQ1_10min_2	BRD3_3xFLAG_JQ1_10min	DSNPDEIEIDFETLKPTTLR_-62.1	1
BRD3_3xFLAG_JQ1_10min_2	BRD3_3xFLAG_JQ1_10min	PVDAEALELHDYHDIIK_100.1	1
BRD3_3xFLAG_JQ1_10min_2	BRD3_3xFLAG_JQ1_10min	EPSLRDSNPDEIEIDFETLKPTTLR_41.7	1
BRD3_3xFLAG_JQ1_10min_2	BRD3_3xFLAG_JQ1_10min	PVDAEALELHDYHDIIK_100	1
BRD3_3xFLAG_JQ1_10min_2	BRD3_3xFLAG_JQ1_10min	PVDAEALELHDYHDIIK_-44	1
BRD3_3xFLAG_JQ1_10min_2	BRD3_3xFLAG_JQ1_10min	HAAYAWPFYKPVDAEALELHDYHDIIK_12	1
BRD3_3xFLAG_JQ1_10min_2	BRD3_3xFLAG_JQ1_10min	PVDAEALELHDYHDIIK_-43.9	1
BRD3_3xFLAG_JQ1_10min_2	BRD3_3xFLAG_JQ1_10min	PTDDIVLMAQALEK_242.1	1
BRD3_3xFLAG_JQ1_10min_2	BRD3_3xFLAG_JQ1_10min	DSNPDEIEIDFETLKPTTLR_-18	1
BRD3_3xFLAG_JQ1_10min_2	BRD3_3xFLAG_JQ1_10min	HQFAWPFYQPVDAIK_0	11
BRD3_3xFLAG_JQ1_10min_2	BRD3_3xFLAG_JQ1_10min	DSNPEEIEIDFETLKPSTLR_0	1
BRD3_3xFLAG_JQ1_10min_2	BRD3_3xFLAG_JQ1_10min	HQFAWPFYQPVDAIK_1	1
BRD3_3xFLAG_JQ1_10min_2	BRD3_3xFLAG_JQ1_10min	HQFAWPFYQPVDAIK_52.9	4
BRD3_3xFLAG_JQ1_10min_2	BRD3_3xFLAG_JQ1_10min	HQFAWPFYQPVDAIK_22	3
BRD3_3xFLAG_JQ1_10min_2	BRD3_3xFLAG_JQ1_10min	DSNPDEIEIDFETLKPTTLR_0	42
BRD3_3xFLAG_JQ1_10min_2	BRD3_3xFLAG_JQ1_10min	DSNPDEIEIDFETLKPTTLR_52.9	11
BRD3_3xFLAG_JQ1_10min_2	BRD3_3xFLAG_JQ1_10min	DSNPDEIEIDFETLKPTTLR_22	6
BRD3_3xFLAG_JQ1_10min_2	BRD3_3xFLAG_JQ1_10min	HQFAWPFYQPVDAIK_53.9	1
BRD3_3xFLAG_JQ1_10min_2	BRD3_3xFLAG_JQ1_10min	DSNPDEIEIDFETLKPTTLR_37.9	6
BRD3_3xFLAG_JQ1_10min_2	BRD3_3xFLAG_JQ1_10min	DSNPDEIEIDFETLKPTTLR_-3.1	4
BRD3_3xFLAG_JQ1_10min_2	BRD3_3xFLAG_JQ1_10min	DSNPDEIEIDFETLKPTTLR_185.1	1
BRD3_3xFLAG_JQ1_10min_2	BRD3_3xFLAG_JQ1_10min	EPSLRDSNPDEIEIDFETLKPTTLR_231	1
BRD3_3xFLAG_JQ1_10min_2	BRD3_3xFLAG_JQ1_10min	EPSLRDSNPDEIEIDFETLKPTTLR_259	1
BRD3_3xFLAG_JQ1_10min_2	BRD3_3xFLAG_JQ1_10min	EPSLRDSNPDEIEIDFETLKPTTLR_109.6	1
BRD3_3xFLAG_JQ1_10min_2	BRD3_3xFLAG_JQ1_10min	DSNPDEIEIDFETLKPTTLR_49.9	1
BRD3_3xFLAG_JQ1_10min_2	BRD3_3xFLAG_JQ1_10min	EPSLRDSNPDEIEIDFETLKPTTLR_253.7	1
BRD3_3xFLAG_JQ1_10min_2	BRD3_3xFLAG_JQ1_10min	DSNPDEIEIDFETLKPTTLR_63	1
BRD3_3xFLAG_JQ1_10min_2	BRD3_3xFLAG_JQ1_10min	DSNPDEIEIDFETLKPTTLR_210.2	1
BRD3_3xFLAG_JQ1_10min_2	BRD3_3xFLAG_JQ1_10min	DSNPDEIEIDFETLKPTTLR_47.8	1
BRD3_3xFLAG_JQ1_10min_2	BRD3_3xFLAG_JQ1_10min	DSNPDEIEIDFETLKPTTLR_48.9	3
BRD3_3xFLAG_JQ1_10min_2	BRD3_3xFLAG_JQ1_10min	DSNPDEIEIDFETLKPTTLR_-2.8	1
BRD3_3xFLAG_JQ1_10min_2	BRD3_3xFLAG_JQ1_10min	DSNPDEIEIDFETLKPTTLR_213.1	1
BRD3_3xFLAG_JQ1_10min_2	BRD3_3xFLAG_JQ1_10min	DSNPDEIEIDFETLKPTTLR_38	1
BRD3_3xFLAG_JQ1_10min_2	BRD3_3xFLAG_JQ1_10min	EPSLRDSNPDEIEIDFETLKPTTLR_263.2	1
BRD3_3xFLAG_JQ1_10min_2	BRD3_3xFLAG_JQ1_10min	DSNPDEIEIDFETLKPTTLR_-2.1	1
BRD3_3xFLAG_JQ1_10min_2	BRD3_3xFLAG_JQ1_10min	DSNPDEIEIDFETLKPTTLR_36.9	1
BRD3_3xFLAG_JQ1_10min_2	BRD3_3xFLAG_JQ1_10min	DSNPDEIEIDFETLKPTTLR_21	1
BRD3_3xFLAG_JQ1_10min_2	BRD3_3xFLAG_JQ1_10min	DSNPDEIEIDFETLKPTTLR_28	4
BRD3_3xFLAG_JQ1_10min_2	BRD3_3xFLAG_JQ1_10min	HQFAWPFYQPVDAIK_0.1	1
BRD3_3xFLAG_JQ1_10min_2	BRD3_3xFLAG_JQ1_10min	DSNPDEIEIDFETLKPTTLR_12	1
BRD3_3xFLAG_JQ1_10min_2	BRD3_3xFLAG_JQ1_10min	EPSLRDSNPDEIEIDFETLKPTTLR_229.2	1
BRD3_3xFLAG_JQ1_10min_2	BRD3_3xFLAG_JQ1_10min	DSNPDEIEIDFETLKPTTLR_29	1
BRD3_3xFLAG_JQ1_10min_2	BRD3_3xFLAG_JQ1_10min	EPSLRDSNPDEIEIDFETLKPTTLR_193.7	1
BRD3_3xFLAG_JQ1_10min_2	BRD3_3xFLAG_JQ1_10min	HQFAWPFYQPVDAIK_199	4
BRD3_3xFLAG_JQ1_10min_2	BRD3_3xFLAG_JQ1_10min	PTDDIVLMAQALEK_0	1
BRD3_3xFLAG_JQ1_10min_2	BRD3_3xFLAG_JQ1_10min	DSNPDEIEIDFETLKPTTLR_42	1
BRD3_3xFLAG_JQ1_10min_2	BRD3_3xFLAG_JQ1_10min	DSNPDEIEIDFETLKPTTLR_72	1
BRD3_3xFLAG_JQ1_10min_2	BRD3_3xFLAG_JQ1_10min	RLENNYYWSASECMQDFNTMFTNCYIYNK_165.1	3
BRD3_3xFLAG_JQ1_10min_2	BRD3_3xFLAG_JQ1_10min	KDPHGFFAFPVTDAIAPGYSMIIK_0	1
BRD3_3xFLAG_JQ1_10min_2	BRD3_3xFLAG_JQ1_10min	TLWKHQFAWPFYQPVDAIK_-3	3
BRD3_3xFLAG_JQ1_10min_2	BRD3_3xFLAG_JQ1_10min	DSNPDEIEIDFETLK_412.2	3
BRD3_3xFLAG_JQ1_10min_2	BRD3_3xFLAG_JQ1_10min	LENNYYWSASECMQDFNTMFTNCYIYNK_165.1	1
BRD3_3xFLAG_JQ1_10min_2	BRD3_3xFLAG_JQ1_10min	DPHGFFAFPVTDAIAPGYSMIIK_0	1
BRD3_3xFLAG_JQ1_10min_2	BRD3_3xFLAG_JQ1_10min	EVISCMFEPEGNACSLTDSTAEEHVLALVEHAADEAR_-115	1
BRD3_3xFLAG_JQ1_10min_2	BRD3_3xFLAG_JQ1_10min	TQPAENESTPIQQLLEHFLR_0	3
