C12_1	C12	QAQDLAR_0	4
C12_1	C12	TVDTKQAQDLAR_0	5
C12_1	C12	SFEDIHHYR_0	166
C12_1	C12	SFEDIHHYR_37.9	3
C12_1	C12	SFEDIHHYR_3	1
C12_1	C12	SFEDIHHYR_-87	1
C12_1	C12	SFEDIHHYR_24	1
C12_1	C12	SFEDIHHYREQIKR_0	37
C12_1	C12	SFEDIHHYREQIK_0	4
C12_1	C12	LVVVGAGGVGK_0	4
C12_1	C12	LVVVGAGGVGK_103	19
C12_1	C12	LVVVGAGGVGK_46	6
C12_1	C12	LVVVGAGGVGK_351.1	1
C12_1	C12	VKDSEDVPMVLVGNK_0	230
C12_1	C12	VKDSEDVPMVLVGNK_38	5
C12_1	C12	VKDSEDVPMVLVGNK_1	21
C12_1	C12	LVVVGAGGVGK_182	3
C12_1	C12	LVVVGAGGVGK_228	1
C12_1	C12	RVKDSEDVPMVLVGNK_0	6
C12_1	C12	VKDSEDVPMVLVGNKCDLPSR_0	39
C12_1	C12	LVVVGAGGVGK_78	3
C12_1	C12	LVVVGAGGVGK_115.9	3
C12_1	C12	LVVVGAGGVGK_241	5
C12_1	C12	LVVVGAGGVGK_116	3
C12_1	C12	LVVVGAGGVGK_94	3
C12_1	C12	LVVVGAGGVGK_131.9	3
C12_1	C12	MTEYKLVVVGAGGVGK_61	1
C12_1	C12	MTEYKLVVVGAGGVGK_103	2
C12_1	C12	VKDSEDVPMVLVGNK_37.9	14
C12_1	C12	VKDSEDVPMVLVGNK_21.9	3
C12_1	C12	VKDSEDVPMVLVGNK_22	12
C12_1	C12	VKDSEDVPMVLVGNK_23	5
C12_1	C12	VKDSDDVPMVLVGNK_38	1
C12_1	C12	VKDSEDVPMVLVGNK_53.9	3
C12_1	C12	VKDSEDVPMVLVGNK_24	9
C12_1	C12	VKDSEDVPMVLVGNK_-17	3
C12_1	C12	DSEDVPMVLVGNKCDLPSRTVDTK_227.2	3
C12_1	C12	VKDSEDVPMVLVGNKCDLPSR_-25	24
C12_1	C12	LVVVGAGGVGK_164	1
C12_1	C12	VKDSEDVPMVLVGNKCDLPSR_-9	16
C12_1	C12	LVVVGAGGVGK_196	12
C12_1	C12	DSEDVPMVLVGNK_0	25
C12_1	C12	VKDSEDVPMVLVGNK_2	1
C12_1	C12	SFEDIHHYR_1	1
C12_1	C12	VKDSEDVPMVLVGNKCDLPSR_3	1
C12_1	C12	VKDSEDVPMVLVGNKCDLPSR_37.9	9
C12_1	C12	VKDSEDVPMVLVGNKCDLPSR_23	3
C12_1	C12	VKDSEDVPMVLVGNK_0.9	1
C12_1	C12	MTEYKLVVVGAGGVGK_87	6
C12_1	C12	LVVVGAGGVGK_212	7
C12_1	C12	VKDSEDVPMVLVGNK_1.9	1
C12_1	C12	LVVVGAGGVGK_180	4
C12_1	C12	YDPTIEDSYR_490.2	4
C12_1	C12	VKDSEDVPMVLVGNKCDLPSR_93	7
C12_1	C12	VKDSEDVPMVLVGNKCDLPSR_92.9	1
C12_1	C12	DSEDVPMVLVGNKCDLPSR_0	3
C12_1	C12	DSEDVPMVLVGNK_6	3
C12_1	C12	DSEDVPMVLVGNK_37.9	4
C12_1	C12	TRQGVDDAFYTLVR_0	27
C12_1	C12	TRQGVDDAFYTLVR_1	7
C12_1	C12	TRQGVDDAFYTLVR_37.9	6
C12_1	C12	TRQGVDDAFYTLVR_22	1
C12_1	C12	TRQGVDDAFYTLVR_24	6
C12_1	C12	TRQGVDDAFYTLVR_53.9	1
C12_1	C12	VKDSEDVPMVLVGNK_43	6
C12_1	C12	SFEDIHHYR_0.1	3
C12_1	C12	SYGIPFIETSAK_0	34
C12_1	C12	SYGIPFIETSAK_2	16
C12_1	C12	SYGIPFIETSAK_3	3
C12_1	C12	SYGIPFIETSAK_22	6
C12_1	C12	SYGIPFIETSAK_-2	1
C12_1	C12	SYGIPFIETSAK_-4	5
C12_1	C12	QGVDDAFYTLVR_0	19
C12_1	C12	QGVDDAFYTLVR_37.9	11
C12_1	C12	QGVDDAFYTLVR_22	2
C12_1	C12	QGVEDAFYTLVR_8	3
C12_1	C12	QGVEDAFYTLVR_23.9	3
C12_1	C12	QGVDDAFYTLVR_24	1
C12_1	C12	QGVDDAFYTLVR_-17	12
C12_1	C12	QGVDDAFYTLVR_53.9	4
C12_1	C12	QGVEDAFYTLVR_39.9	3
C12_1	C12	SALTIQLIQNHFVDEYDPTIEDSYRK_1	35
C12_1	C12	QGVDDAFYTLVR_1	5
C12_1	C12	SALTIQLIQNHFVDEYDPTIEDSYRK_0	75
C12_1	C12	SALTIQLIQNHFVDEYDPTIEDSYRK_37.9	23
C12_1	C12	SALTIQLIQNHFVDEYDPTIEDSYRK_3	5
C12_1	C12	SALTIQLIQNHFVDEYDPTIEDSYRK_38	7
C12_1	C12	SALTIQLIQNHFVDEYDPTIEDSYRK_22	25
C12_1	C12	SALTIQLIQNHFVDEYDPTIEDSYRK_23	12
C12_1	C12	SALTIQLIQNHFVDEYDPTIEDSYRK_75.9	3
C12_1	C12	SALTIQLIQNHFVDEYDPTIEDSYRK_4	1
C12_1	C12	SALTIQLIQNHFVDEYDPTIEDSYR_128.1	3
C12_1	C12	SALTIQLIQNHFVDEYDPTIEDSYRK_24	6
C12_1	C12	SALTIQLIQNHFVDEYDPTIEDSYRK_-1	4
C12_1	C12	TGEGFLCVFAINNTK_16	5
C12_1	C12	TGEGFLCVFAINNTK_15	6
C12_1	C12	TGEGFLCVFAINNTK_0	35
C12_1	C12	TGEGFLCVFAINNTK_38	6
C12_1	C12	TGEGFLCVFAINNTK_37.9	1
C12_1	C12	TGEGFLCVFAINNTK_53.9	1
C12_1	C12	TGEGFLCVFAINNTK_248	6
C12_1	C12	SALTIQLIQNHFVDEYDPTIEDSYR_0	51
C12_1	C12	TGEGFLCVFAINNTK_125	7
C12_1	C12	SALTIQLIQNHFVDEYDPTIEDSYR_38	5
C12_1	C12	SALTIQLIQNHFVDEYDPTIEDSYR_37.9	19
C12_1	C12	SALTIQLIQNHFVDEYDPTIEDSYR_22	14
C12_1	C12	SALTIQLIQNHFVDEYDPTIEDSYR_23	12
C12_1	C12	SALTIQLIQNHFVDEYDPTIEDSYR_75.9	3
C12_1	C12	SALTIQLIQNHFVDEYDPTIEDSYR_53.9	4
C12_1	C12	SALTIQLIQNHFVDEYDPTIEDSYR_24	5
C12_1	C12	TGEGFLCVFAINNTK_79	4
C12_1	C12	SALTIQLIQNHFVDEYDPTIEDSYR_1	21
C12_1	C12	TGEGFLCVFAINNTK_109	14
C12_1	C12	TGEGFLCVFAINNTK_184	6
C12_1	C12	TGEGFLCVFAINNTK_25	3
C12_1	C12	TGEGFLCVFAINNTK_108.9	1
C12_1	C12	TGEGFLCVFAINNTK_-14	3
C12_1	C12	TGEGFLCVFAINNTK_1	6
C12_1	C12	TGEGFLCVFAINNTK_167	10
C12_1	C12	TGEGFLCVFAINNTK_93	15
C12_1	C12	TGEGFLCVFAINNTK_177	1
C12_1	C12	TGEGFLCVFAINNTK_-57	5
C12_1	C12	TGEGFLCVFAINNTK_138	14
C12_1	C12	TGEGFLCVFAINNTK_140	1
C12_1	C12	TGEGFLCVFAINNTK_160	6
C12_1	C12	QGVDDAFYTLVR_43	10
C12_1	C12	QGVDDAFYTLVR_5	12
C12_1	C12	QGVEDAFYTLVR_6.9	3
C12_1	C12	QGVEDAFYTLVR_22.9	3
C12_1	C12	QGVEDAFYTLVR_21.9	1
C12_1	C12	TGEGFLCVFAINNTK_290	1
C12_1	C12	TGEGFLCVFAINNTK_96	3
C12_1	C12	TGEGFLCVFAINNTK_61	4
C12_1	C12	TGEGFLCVFAINNTK_-2	4
C12_1	C12	TGEGFLCVFAINNTK_90.1	3
C12_1	C12	TGEGFLCVFAINNTK_165	4
C12_1	C12	SALTIQLIQNHFVDEYDPTIEDSYR_-7.1	1
C12_1	C12	KQVVIDGETCLLDILDTAGQEEYSAMRDQYMR_-1	1
C12_1	C12	TGEGFLCVFAINNTK_45	4
C12_1	C12	TGEGFLCVFAINNTK_77	19
C12_1	C12	TGEGFLCVFAINNTK_80	4
C12_1	C12	KQVVIDGETCLLDILDTAGQEEYSAMR_0	40
C12_1	C12	KQVVIDGETCLLDILDTAGQEEYSAMR_1	7
C12_1	C12	KQVVIDGETCLLDILDTAGQEEYSAMR_-1	5
C12_1	C12	KQVVIDGETCLLDILDTAGQEEYSAMRDQYMR_0	21
C12_1	C12	TGEGFLCVFAINNTK_180	1
C12_1	C12	TGEGFLCVFAINNTK_179	9
C12_1	C12	TGEGFLCVFAINNTK_229	12
C12_1	C12	TGEGFLCVFAINNTK_-9	8
C12_1	C12	TGEGFLCVFAINNTK_12.9	28
C12_1	C12	TGEGFLCVFAINNTK_28.9	19
C12_1	C12	TGEGFLCVFAINNTK_228.9	2
C12_1	C12	TGEGFLCVFAINNTK_14.9	3
C12_1	C12	TGEGFLCVFAINNTK_13.9	3
C12_1	C12	TGEGFLCVFAINNTK_-25	14
C12_1	C12	TGEGFLCVFAINNTK_-3.1	9
C12_1	C12	QVVIDGETCLLDILDTAGQEEYSAMRDQYMR_0	32
C12_1	C12	KQVVIDGETCLLDILDTAGQEEYSAMR_2	7
C12_1	C12	KQVVIDGETCLLDILDTAGQEEYSAMR_37.9	3
C12_1	C12	KQVVIDGETCLLDILDTAGQEEYSAMR_38	5
C12_1	C12	QVVIDGETCLLDILDTAGQEEYSAMRDQYMR_-1	1
C12_1	C12	KQVVIDGETCLLDILDTAGQEEYSAMR_22	2
C12_1	C12	KQVVIDGETCLLDILDTAGQEEYSAMR_23	8
C12_1	C12	KQVVIDGETCLLDILDTAGQEEYSAMR_22.9	1
C12_1	C12	TGEGFLCVFAINNTK_22.9	1
C12_1	C12	TGEGFLCVFAINNTK_6.9	4
C12_1	C12	QVVIDGETCLLDILDTAGQEEYSAMRDQYMR_1	2
C12_1	C12	QVVIDGETCLLDILDTAGQEEYSAMR_1	14
C12_1	C12	QVVIDGETCLLDILDTAGQEEYSAMR_0	18
C12_1	C12	QVVIDGETCLLDILDTAGQEEYSAMR_53.9	1
C12_1	C12	QVVIDGETCLLDILDTAGQEEYSAMR_22	9
C12_1	C12	QVVIDGETCLLDILDTAGQEEYSAMR_21.9	1
C12_1	C12	QVVIDGETCLLDILDTAGQEEYSAMR_38	1
C12_1	C12	QVVIDGETCLLDILDTAGQEEYSAMR_37.9	4
C12_1	C12	QVVIDGETCLLDILDTAGQEEYSAMR_4	1
C12_1	C12	QVVIDGETCLLDILDTAGQEEYSAMRDQYMR_-17	12
C12_1	C12	QVVIDGETCLLDILDTAGQEEYSAMR_-17	15
C12_1	C12	QVVIDGETCLLDILDTAGQEEYSAMR_-16	5
C12_1	C12	VKDSEDVPMVLVGNKCDLPSR_1	3
C12_1	C12	LVVVGAGGVGK_42	2
C12_1	C12	VKDSEDVPMVLVGNKCDLPSR_156.1	5
C12_1	C12	YDPTIEDSYRK_490.2	3
C12_1	C12	VKDSEDVPMVLVGNK_0.1	2
C12_1	C12	VKDSEDVPMVLVGNK_-0.2	2
C12_1	C12	DSEDVPMVLVGNKCDLPSRTVDTK_211.2	2
C12_1	C12	VKDSEDVPMVLVGNKCDLPSR_28.9	2
C12_1	C12	VKDSEDVPMVLVGNKCDLPSR_22	2
C12_1	C12	VKDSEDVPMVLVGNKCDLPSR_-1	3
C12_1	C12	VKDSEDVPMVLVGNKCDLPSR_24	3
C12_1	C12	VKDSEDVPMVLVGNKCDLPSR_38	2
C12_1	C12	VKDSEDVPMVLVGNKCDLPSR_248	2
C12_1	C12	MTEYKLVVVGAGGVGK_45	3
C12_1	C12	VKDSEDVPMVLVGNKCDLPSR_95	2
C12_1	C12	VKDSEDVPMVLVGNKCDLPSR_167	3
C12_1	C12	VKDSEDVPMVLVGNKCDLPSR_138	6
C12_1	C12	VKDSEDVPMVLVGNKCDLPSR_12.9	3
C12_1	C12	LVVVGAGGVGK_268	3
C12_1	C12	VKDSEDVPMVLVGNKCDLPSR_-57	2
C12_1	C12	DSEDVPMVLVGNK_22	2
C12_1	C12	VKDSEDVPMVLVGNKCDLPSR_109	5
C12_1	C12	TRQGVEDAFYTLVR_23.9	2
C12_1	C12	TRQGVDDAFYTLVR_2	2
C12_1	C12	TGEGFLCVFAINNTKSFEDIHHYREQIK_156.1	6
C12_1	C12	SYGIPFIETSAK_362.2	2
C12_1	C12	TGEGFLCVFAINNTKSFEDIHQYREQIK_165.1	2
C12_1	C12	QGVDDAFYTLVR_-18	3
C12_1	C12	QGVEDAFYTLVR_7.9	2
C12_1	C12	TRQGVDDAFYTLVR_424.1	2
C12_1	C12	SALTIQLIQNHFVDEYDPTIEDSYRK_53.9	3
C12_1	C12	SALTIQLIQNHFVDEYDPTIEDSYRK_2	2
C12_1	C12	TGEGFLCVFAINNTK_17	5
C12_1	C12	TGEGFLCVFAINNTK_24	2
C12_1	C12	TGEGFLCVFAINNTK_22	2
C12_1	C12	TGEGFLCVFAINNTK_248.1	3
C12_1	C12	SALTIQLIQNHFVDEYDPTIEDSYR_61.9	2
C12_1	C12	SALTIQLIQNHFVDEYDPTIEDSYR_-9.1	3
C12_1	C12	SALTIQLIQNHFVDEYDPTIEDSYR_-9.2	3
C12_1	C12	SALTIQLIQNHFVDEYDPTIEDSYR_-8.2	2
C12_1	C12	TGEGFLCVFAINNTK_94	2
C12_1	C12	TGEGFLCVFAINNTK_225	2
C12_1	C12	TGEGFLCVFAINNTK_152	2
C12_1	C12	SALTIQLIQNHFVDEYDPTIEDSYR_2	2
C12_1	C12	SALTIQLIQNHFVDEYDPTIEDSYRK_43	3
C12_1	C12	TGEGFLCVFAINNTK_112	2
C12_1	C12	KQVVIDGETCLLDILDTAGQEEYSAMRDQYMR_1	3
C12_1	C12	TGEGFLCVFAINNTK_142	2
C12_1	C12	TGEGFLCVFAINNTK_168	3
C12_1	C12	TGEGFLCVFAINNTK_-3	2
C12_1	C12	KQVVIDGETCLLDILDTAGQEEYSAMR_21.9	2
C12_1	C12	KQVVIDGETCLLDILDTAGQEEYSAMR_24	3
C12_1	C12	QVVIDGETCLLDILDTAGQEEYSAMR_-25	2
C12_1	C12	QVVIDGETCLLDILDTAGQEEYSAMRDQYMR_22	2
C12_1	C12	QVVIDGETCLLDILDTAGQEEYSAMR_-1	2
C12_2	C12	TVDTKQAQDLAR_0	7
C12_2	C12	SFEDIHHYR_0	174
C12_2	C12	SFEDIHHYR_-87	4
C12_2	C12	SFEDIHHYR_22	3
C12_2	C12	SFEDIHHYREQIKR_0	23
C12_2	C12	SFEDIHHYREQIK_0	3
C12_2	C12	LVVVGAGGVGK_103	20
C12_2	C12	LVVVGAGGVGK_351.1	2
C12_2	C12	VKDSEDVPMVLVGNK_0	111
C12_2	C12	VKDSEDVPMVLVGNK_38	6
C12_2	C12	VKDSEDVPMVLVGNK_1	21
C12_2	C12	LVVVGAGGVGK_182	6
C12_2	C12	RVKDSEDVPMVLVGNK_0	4
C12_2	C12	LVVVGAGGVGK_198	2
C12_2	C12	VKDSEDVPMVLVGNKCDLPSR_0	60
C12_2	C12	LVVVGAGGVGK_115.9	4
C12_2	C12	LVVVGAGGVGK_241	6
C12_2	C12	VKDSEDVPMVLVGNKCDLPSR_156.1	5
C12_2	C12	LVVVGAGGVGK_116	3
C12_2	C12	LVVVGAGGVGK_94	4
C12_2	C12	LVVVGAGGVGK_131.9	4
C12_2	C12	VKDSEDVPMVLVGNK_-1	2
C12_2	C12	VKDSEDVPMVLVGNK_37.9	14
C12_2	C12	VKDSDDVPMVLVGNK_36	2
C12_2	C12	VKDSEDVPMVLVGNK_22	15
C12_2	C12	VKDSEDVPMVLVGNK_23	6
C12_2	C12	VKDSEDVPMVLVGNK_-17	6
C12_2	C12	VKDSEDVPMVLVGNK_24	8
C12_2	C12	VKDSEDVPMVLVGNK_6	3
C12_2	C12	VKDSDDVPMVLVGNK_38	3
C12_2	C12	VKDSEDVPMVLVGNK_53.9	5
C12_2	C12	DSEDVPMVLVGNKCDLPSRTVDTK_227.2	6
C12_2	C12	VKDSEDVPMVLVGNKCDLPSR_-25	29
C12_2	C12	VKDSEDVPMVLVGNKCDLPSR_-9	15
C12_2	C12	VKDSEDVPMVLVGNKCDLPSR_-9.1	2
C12_2	C12	LVVVGAGGVGK_196	11
C12_2	C12	DSEDVPMVLVGNK_1	2
C12_2	C12	VKDSEDVPMVLVGNK_0.9	2
C12_2	C12	VKDSEDVPMVLVGNKCDLPSR_37.9	8
C12_2	C12	VKDSEDVPMVLVGNKCDLPSR_-1	3
C12_2	C12	VKDSEDVPMVLVGNKCDLPSR_3	3
C12_2	C12	VKDSEDVPMVLVGNKCDLPSR_23	5
C12_2	C12	VKDSEDVPMVLVGNKCDLPSR_248	2
C12_2	C12	VKDSEDVPMVLVGNKCDLPSR_-57	3
C12_2	C12	MTEYKLVVVGAGGVGK_87	12
C12_2	C12	MTEYKLVVVGAGGVGK_45	4
C12_2	C12	TEYKLVVVGAGGVGK_218.1	2
C12_2	C12	LVVVGAGGVGK_212	6
C12_2	C12	VKDSEDVPMVLVGNKCDLPSR_95	3
C12_2	C12	VKDSEDVPMVLVGNKCDLPSR_138	5
C12_2	C12	VKDSEDVPMVLVGNKCDLPSR_12.9	5
C12_2	C12	LVVVGAGGVGK_268	5
C12_2	C12	VKDSEDVPMVLVGNKCDLPSR_28.9	3
C12_2	C12	LVVVGAGGVGK_180	5
C12_2	C12	YDPTIEDSYR_490.2	6
C12_2	C12	VKDSEDVPMVLVGNKCDLPSR_93	11
C12_2	C12	DSEDVPMVLVGNK_0	19
C12_2	C12	DSEDVPMVLVGNKCDLPSR_0	8
C12_2	C12	DSEDVPMVLVGNK_38	4
C12_2	C12	DSEDVPMVLVGNK_37.9	3
C12_2	C12	TRQGVDDAFYTLVR_0	30
C12_2	C12	TRQGVDDAFYTLVR_37.9	6
C12_2	C12	TRQGVDDAFYTLVR_1	7
C12_2	C12	VKDSEDVPMVLVGNKCDLPSR_109	6
C12_2	C12	TRQGVDDAFYTLVR_24	2
C12_2	C12	VKDSEDVPMVLVGNK_43	6
C12_2	C12	SYGIPFIETSAK_0	30
C12_2	C12	TGEGFLCVFAINNTK_408.2	2
C12_2	C12	SYGIPFIETSAK_2	13
C12_2	C12	SYGIPFIETSAK_-4	5
C12_2	C12	SYGIPFIETSAK_22	4
C12_2	C12	TGEGFLCVFAINNTKSFEDIHHYREQIK_156.1	5
C12_2	C12	SYGIPFIETSAK_-1	2
C12_2	C12	QGVDDAFYTLVR_0	21
C12_2	C12	QGVDDAFYTLVR_37.9	12
C12_2	C12	QGVEDAFYTLVR_8	3
C12_2	C12	QGVEDAFYTLVR_23.9	5
C12_2	C12	QGVDDAFYTLVR_-17	19
C12_2	C12	QGVDDAFYTLVR_-18	5
C12_2	C12	QGVEDAFYTLVR_9	2
C12_2	C12	QGVDDAFYTLVR_53.9	4
C12_2	C12	QGVEDAFYTLVR_39.9	5
C12_2	C12	QGVDDAFYTLVR_3	2
C12_2	C12	SALTIQLIQNHFVDEYDPTIEDSYRK_1	34
C12_2	C12	QGVDDAFYTLVR_1	3
C12_2	C12	SALTIQLIQNHFVDEYDPTIEDSYR_128	2
C12_2	C12	SALTIQLIQNHFVDEYDPTIEDSYRK_0	78
C12_2	C12	SALTIQLIQNHFVDEYDPTIEDSYRK_37.9	36
C12_2	C12	SALTIQLIQNHFVDEYDPTIEDSYRK_22	29
C12_2	C12	SALTIQLIQNHFVDEYDPTIEDSYRK_38	12
C12_2	C12	SALTIQLIQNHFVDEYDPTIEDSYRK_75.9	2
C12_2	C12	SALTIQLIQNHFVDEYDPTIEDSYRK_23	12
C12_2	C12	SALTIQLIQNHFVDEYDPTIEDSYRK_3	7
C12_2	C12	SALTIQLIQNHFVDEYDPTIEDSYRK_24	6
C12_2	C12	SALTIQLIQNHFVDEYDPTIEDSYRK_53.9	8
C12_2	C12	SALTIQLIQNHFVDEYDPTIEDSYRK_-1	2
C12_2	C12	SALTIQLIQNHFVDEYDPTIEDSYRK_39	2
C12_2	C12	TGEGFLCVFAINNTK_15	7
C12_2	C12	TGEGFLCVFAINNTK_109	17
C12_2	C12	TGEGFLCVFAINNTK_0	32
C12_2	C12	TGEGFLCVFAINNTK_38	2
C12_2	C12	TGEGFLCVFAINNTK_24	2
C12_2	C12	TGEGFLCVFAINNTK_37.9	3
C12_2	C12	TGEGFLCVFAINNTK_1	7
C12_2	C12	TGEGFLCVFAINNTK_248	10
C12_2	C12	SALTIQLIQNHFVDEYDPTIEDSYR_0	42
C12_2	C12	SALTIQLIQNHFVDEYDPTIEDSYR_37.9	19
C12_2	C12	SALTIQLIQNHFVDEYDPTIEDSYR_23	15
C12_2	C12	TGEGFLCVFAINNTK_125	12
C12_2	C12	SALTIQLIQNHFVDEYDPTIEDSYR_22	24
C12_2	C12	SALTIQLIQNHFVDEYDPTIEDSYR_38	8
C12_2	C12	SALTIQLIQNHFVDEYDPTIEDSYR_75.9	3
C12_2	C12	SALTIQLIQNHFVDEYDPTIEDSYR_1	21
C12_2	C12	TGEGFLCVFAINNTK_25	6
C12_2	C12	SALTIQLIQNHFVDEYDPTIEDSYR_-76.1	2
C12_2	C12	TGEGFLCVFAINNTK_79	9
C12_2	C12	SALTIQLIQNHFVDEYDPTIEDSYR_24	4
C12_2	C12	SALTIQLIQNHFVDEYDPTIEDSYR_-9.2	6
C12_2	C12	SALTIQLIQNHFVDEYDPTIEDSYR_53.9	5
C12_2	C12	TGEGFLCVFAINNTK_184	9
C12_2	C12	TGEGFLCVFAINNTK_-14	2
C12_2	C12	TGEGFLCVFAINNTK_167	7
C12_2	C12	TGEGFLCVFAINNTK_93	15
C12_2	C12	TGEGFLCVFAINNTK_6	2
C12_2	C12	SALTIQLIQNHFVDEYDPTIEDSYR_2.9	2
C12_2	C12	TGEGFLCVFAINNTK_152	2
C12_2	C12	TGEGFLCVFAINNTK_-57	8
C12_2	C12	TGEGFLCVFAINNTK_138	12
C12_2	C12	TGEGFLCVFAINNTK_160	2
C12_2	C12	QGVDDAFYTLVR_43	3
C12_2	C12	TGEGFLCVFAINNTK_-2	3
C12_2	C12	QGVDDAFYTLVR_5	11
C12_2	C12	QGVEDAFYTLVR_6.9	3
C12_2	C12	QGVDDAFYTLVR_6.9	2
C12_2	C12	TGEGFLCVFAINNTK_61	9
C12_2	C12	TGEGFLCVFAINNTK_177	2
C12_2	C12	TGEGFLCVFAINNTK_90.1	2
C12_2	C12	SALTIQLIQNHFVDEYDPTIEDSYRK_43	6
C12_2	C12	TGEGFLCVFAINNTK_112	2
C12_2	C12	TGEGFLCVFAINNTK_165	3
C12_2	C12	KQVVIDGETCLLDILDTAGQEEYSAMRDQYMR_0	38
C12_2	C12	TGEGFLCVFAINNTK_77	16
C12_2	C12	TGEGFLCVFAINNTK_80	3
C12_2	C12	KQVVIDGETCLLDILDTAGQEEYSAMR_0	39
C12_2	C12	KQVVIDGETCLLDILDTAGQEEYSAMR_-1	3
C12_2	C12	TGEGFLCVFAINNTK_168	7
C12_2	C12	TGEGFLCVFAINNTK_229	3
C12_2	C12	TGEGFLCVFAINNTK_-9	6
C12_2	C12	TGEGFLCVFAINNTK_28.9	25
C12_2	C12	TGEGFLCVFAINNTK_12.9	37
C12_2	C12	QVVIDGETCLLDILDTAGQEEYSAMR_57	2
C12_2	C12	TGEGFLCVFAINNTK_-25	13
C12_2	C12	TGEGFLCVFAINNTK_-3	4
C12_2	C12	TGEGFLCVFAINNTK_-3.1	13
C12_2	C12	KQVVIDGETCLLDILDTAGQEEYSAMR_37.9	10
C12_2	C12	KQVVIDGETCLLDILDTAGQEEYSAMR_38.9	2
C12_2	C12	KQVVIDGETCLLDILDTAGQEEYSAMR_2	4
C12_2	C12	KQVVIDGETCLLDILDTAGQEEYSAMR_22	9
C12_2	C12	KQVVIDGETCLLDILDTAGQEEYSAMR_24	5
C12_2	C12	QVVIDGETCLLDILDTAGQEEYSAMRDQYMR_0	21
C12_2	C12	KQVVIDGETCLLDILDTAGQEEYSAMR_23	4
C12_2	C12	KQVVIDGETCLLDILDTAGQEEYSAMR_1	3
C12_2	C12	KQVVIDGETCLLDILDTAGQEEYSAMRDQYMR_1	5
C12_2	C12	TGEGFLCVFAINNTK_6.9	3
C12_2	C12	TGEGFLCVFAINNTK_44.9	2
C12_2	C12	QVVIDGETCLLDILDTAGQEEYSAMR_0	21
C12_2	C12	QVVIDGETCLLDILDTAGQEEYSAMR_22	3
C12_2	C12	QVVIDGETCLLDILDTAGQEEYSAMR_1	10
C12_2	C12	QVVIDGETCLLDILDTAGQEEYSAMR_38	2
C12_2	C12	QVVIDGETCLLDILDTAGQEEYSAMR_37.9	3
C12_2	C12	QVVIDGETCLLDILDTAGQEEYSAMRDQYMR_-17	5
C12_2	C12	QVVIDGETCLLDILDTAGQEEYSAMR_-17	16
C12_2	C12	QVVIDGETCLLDILDTAGQEEYSAMR_-16	6
C12_2	C12	SFEDIHHYR_37.9	3
C12_2	C12	SFEDIHHYR_3	1
C12_2	C12	SFEDIHHYR_0.1	1
C12_2	C12	SFEDIHHYR_-18	1
C12_2	C12	LVVVGAGGVGK_-0.1	1
C12_2	C12	VKDSEDVPMVLVGNK_2	1
C12_2	C12	VKDSDDVPMVLVGNK_52	1
C12_2	C12	VKDSEDVPMVLVGNK_21.9	1
C12_2	C12	YDPTIEDSYRK_490.2	1
C12_2	C12	VKDSEDVPMVLVGNK_-15.2	1
C12_2	C12	LVVVGAGGVGK_164	3
C12_2	C12	VKDSEDVPMVLVGNKCDLPSR_38	3
C12_2	C12	VKDSEDVPMVLVGNKCDLPSR_6	1
C12_2	C12	VKDSEDVPMVLVGNKCDLPSR_24	1
C12_2	C12	VKDSEDVPMVLVGNKCDLPSR_-8	3
C12_2	C12	VKDSEDVPMVLVGNKCDLPSR_92.9	1
C12_2	C12	DSEDVPMVLVGNK_22	6
C12_2	C12	SYGIPFIETSAK_3	1
C12_2	C12	TGEGFLCVFAINNTKSFEDIHQYREQIK_165.1	1
C12_2	C12	TGEGFLCVFAINNSKSFADINLYREQIK_275.1	1
C12_2	C12	QGVDDAFYTLVR_22	1
C12_2	C12	SALTIQLIQNHFVDEYDPTIEDSYR_128.1	1
C12_2	C12	SALTIQLIQNHFVDEYDPTIEDSYRK_22.9	4
C12_2	C12	SALTIQLIQNHFVDEYDPTIEDSYRK_59.9	1
C12_2	C12	TGEGFLCVFAINNTK_16	3
C12_2	C12	TGEGFLCVFAINNTK_22	1
C12_2	C12	TGEGFLCVFAINNTK_53.9	3
C12_2	C12	SALTIQLIQNHFVDEYDPTIEDSYR_59.9	1
C12_2	C12	SALTIQLIQNHFVDEYDPTIEDSYRK_2	1
C12_2	C12	TGEGFLCVFAINNTK_225	1
C12_2	C12	SALTIQLIQNHFVDEYDPTIEDSYR_2	3
C12_2	C12	TGEGFLCVFAINNSK_-3	1
C12_2	C12	TGEGFLCVFAINNTK_0.1	1
C12_2	C12	TGEGFLCVFAINNTK_17	1
C12_2	C12	QRVEDAFYTLVR_-108.1	1
C12_2	C12	QGVEDAFYTLVR_21.9	1
C12_2	C12	QGVEDAFYTLVR_22.9	1
C12_2	C12	QRVEDAFYTLVR_-106.1	1
C12_2	C12	TGEGFLCVFAINNTK_290	1
C12_2	C12	TGEGFLCVFAINNTK_131	1
C12_2	C12	TGEGFLCVFAINNTK_99	1
C12_2	C12	TGEGFLCVFAINNTK_7	1
C12_2	C12	KQVVIDGETCLLDILDTAGQEEYSAMR_53.9	1
C12_2	C12	KQVVIDGETCLLDILDTAGQEEYSAMR_39	1
C12_2	C12	TGEGFLCVFAINNTK_179	4
C12_2	C12	TGEGFLCVFAINNTK_228.9	1
C12_2	C12	TGEGFLCVFAINNTK_13.9	1
C12_2	C12	TGEGFLCVFAINNTK_14.9	1
C12_2	C12	TGEGFLCVFAINNTK_-0.1	1
C12_2	C12	KQVVIDGETCLLDILDTAGQEEYSAMR_23.9	1
C12_2	C12	QVVIDGETCLLDILDTAGQEEYSAMR_112.1	1
C12_2	C12	QVVIDGETCLLDILDTAGQEEYSAMR_53.9	1
C12_2	C12	QVVIDGETCLLDILDTAGQEEYSAMR_-25	1
C12_2	C12	QVVIDGETCLLDILDTAGQEEYSAMR_-16.8	1
C12_2	C12	QVVIDGETCLLDILDTAGQEEYSAMR_-1	1
C12_2	C12	QVVIDGETCLLDILDTAGQEEYSAMR_20.9	1
C12_3	C12	TVDTKQAQDLAR_0	6
C12_3	C12	SFEDIHHYR_0	68
C12_3	C12	SFEDIHHYR_38	2
C12_3	C12	SFEDIHHYR_-87	5
C12_3	C12	SFEDIHHYR_24	2
C12_3	C12	SFEDIHHYREQIKR_0	27
C12_3	C12	SFEDIHHYREQIK_0	6
C12_3	C12	LVVVGAGGVGK_103	20
C12_3	C12	LVVVGAGGVGK_46	2
C12_3	C12	LVVVGAGGVGK_351.1	2
C12_3	C12	VKDSEDVPMVLVGNK_0	133
C12_3	C12	VKDSEDVPMVLVGNK_2	2
C12_3	C12	VKDSEDVPMVLVGNK_1	19
C12_3	C12	LVVVGAGGVGK_182	4
C12_3	C12	RVKDSEDVPMVLVGNK_0	5
C12_3	C12	LVVVGAGGVGK_196	11
C12_3	C12	LVVVGAGGVGK_255	2
C12_3	C12	VKDSEDVPMVLVGNKCDLPSR_0	56
C12_3	C12	LVVVGAGGVGK_241	8
C12_3	C12	LVVVGAGGVGK_116	5
C12_3	C12	LVVVGAGGVGK_94	5
C12_3	C12	LVVVGAGGVGK_131.9	7
C12_3	C12	VKDSEDVPMVLVGNK_37.9	22
C12_3	C12	VKDSEDVPMVLVGNK_38	6
C12_3	C12	VKDSEDVPMVLVGNK_22	19
C12_3	C12	VKDSEDVPMVLVGNK_-17	8
C12_3	C12	VKDSEDVPMVLVGNK_23	2
C12_3	C12	VKDSEDVPMVLVGNK_6	2
C12_3	C12	VKDSDDVPMVLVGNK_38	2
C12_3	C12	VKDSEDVPMVLVGNK_24	8
C12_3	C12	YDPTIEDSYRK_490.2	6
C12_3	C12	VKDSEDVPMVLVGNK_53.9	6
C12_3	C12	DSEDVPMVLVGNKCDLPSRTVDTK_227.2	5
C12_3	C12	VKDSEDVPMVLVGNKCDLPSR_-25	12
C12_3	C12	VKDSEDVPMVLVGNKCDLPSR_-9	22
C12_3	C12	DSEDVPMVLVGNK_0	28
C12_3	C12	VKDSEDVPMVLVGNK_-1	4
C12_3	C12	VKDSEDVPMVLVGNK_-0.1	2
C12_3	C12	VKDSEDVPMVLVGNKCDLPSR_37.9	18
C12_3	C12	VKDSEDVPMVLVGNKCDLPSR_-1	5
C12_3	C12	VKDSEDVPMVLVGNKCDLPSR_3	2
C12_3	C12	VKDSEDVPMVLVGNKCDLPSR_22	5
C12_3	C12	LVVVGAGGVGK_407	2
C12_3	C12	MTEYKLVVVGAGGVGK_87	2
C12_3	C12	LVVVGAGGVGK_212	5
C12_3	C12	VKDSEDVPMVLVGNKCDLPSR_138	4
C12_3	C12	LVVVGAGGVGK_268	5
C12_3	C12	LVVVGAGGVGK_180	5
C12_3	C12	YDPTIEDSYR_490.2	11
C12_3	C12	DSEDVPMVLVGNKCDLPSR_0	8
C12_3	C12	DSEDVPMVLVGNK_37.9	3
C12_3	C12	DSEDVPMVLVGNK_21.9	2
C12_3	C12	TRQGVDDAFYTLVR_0	31
C12_3	C12	TRQGVDDAFYTLVR_37.9	7
C12_3	C12	TRQGVDDAFYTLVR_1	8
C12_3	C12	TRQGVDDAFYTLVR_24	2
C12_3	C12	TRQGVDDAFYTLVR_53.9	4
C12_3	C12	TRQGVDDAFYTLVR_38	3
C12_3	C12	VKDSEDVPMVLVGNK_43	9
C12_3	C12	SYGIPFIETSAK_0	43
C12_3	C12	SYGIPFIETSAK_2	13
C12_3	C12	SYGIPYIETSAK_22	2
C12_3	C12	SYGIPFIETSAK_-4	4
C12_3	C12	SYGIPFIETSAK_22	6
C12_3	C12	TGEGFLCVFAINNTKSFEDIHHYREQIK_156.1	8
C12_3	C12	QGVDDAFYTLVR_0	27
C12_3	C12	QGVDDAFYTLVR_37.9	15
C12_3	C12	QGVDDAFYTLVR_-17	19
C12_3	C12	QGVEDAFYTLVR_8	5
C12_3	C12	QGVDDAFYTLVR_22	5
C12_3	C12	QGVDDAFYTLVR_-18	8
C12_3	C12	QGVDDAFYTLVR_53.9	3
C12_3	C12	QGVEDAFYTLVR_23.9	4
C12_3	C12	SALTIQLIQNHFVDEYDPTIEDSYRK_1	46
C12_3	C12	QGVDDAFYTLVR_1	4
C12_3	C12	SALTIQLIQNHFVDEYDPTIEDSYR_128.1	4
C12_3	C12	SALTIQLIQNHFVDEYDPTIEDSYRK_0	84
C12_3	C12	SALTIQLIQNHFVDEYDPTIEDSYRK_37.9	34
C12_3	C12	SALTIQLIQNHFVDEYDPTIEDSYRK_22	27
C12_3	C12	SALTIQLIQNHFVDEYDPTIEDSYRK_3	11
C12_3	C12	SALTIQLIQNHFVDEYDPTIEDSYRK_23	19
C12_3	C12	SALTIQLIQNHFVDEYDPTIEDSYRK_38	10
C12_3	C12	SALTIQLIQNHFVDEYDPTIEDSYRK_59.9	4
C12_3	C12	SALTIQLIQNHFVDEYDPTIEDSYRK_24	5
C12_3	C12	SALTIQLIQNHFVDEYDPTIEDSYRK_53.9	10
C12_3	C12	TGEGFLCVFAINNTK_16	10
C12_3	C12	TGEGFLCVFAINNTK_15	6
C12_3	C12	TGEGFLCVFAINNTK_0	42
C12_3	C12	TGEGFLCVFAINNTK_37.9	5
C12_3	C12	TGEGFLCVFAINNTK_22	7
C12_3	C12	TGEGFLCVFAINNTK_24	5
C12_3	C12	TGEGFLCVFAINNTK_53.9	4
C12_3	C12	TGEGFLCVFAINNTK_-1	2
C12_3	C12	TGEGFLCVFAINNTK_248.1	2
C12_3	C12	TGEGFLCVFAINNTK_248	5
C12_3	C12	SALTIQLIQNHFVDEYDPTIEDSYR_0	51
C12_3	C12	TGEGFLCVFAINNTK_125	10
C12_3	C12	SALTIQLIQNHFVDEYDPTIEDSYR_37.9	22
C12_3	C12	SALTIQLIQNHFVDEYDPTIEDSYR_22	19
C12_3	C12	SALTIQLIQNHFVDEYDPTIEDSYR_23	27
C12_3	C12	SALTIQLIQNHFVDEYDPTIEDSYR_38	8
C12_3	C12	TGEGFLCVFAINNTK_1	11
C12_3	C12	SALTIQLIQNHFVDEYDPTIEDSYR_53.9	8
C12_3	C12	SALTIQLIQNHFVDEYDPTIEDSYR_75.9	5
C12_3	C12	SALTIQLIQNHFVDEYDPTIEDSYR_1	24
C12_3	C12	SALTIQLIQNHFVDEYDPTIEDSYR_24	8
C12_3	C12	SALTIQLIQNHFVDEYDPTIEDSYRK_-66.2	2
C12_3	C12	SALTIQLIQNHFVDEYDPTIEDSYR_59.9	3
C12_3	C12	SALTIQLIQNHFVDEYDPTIEDSYR_-9.2	9
C12_3	C12	TGEGFLCVFAINNTK_79	8
C12_3	C12	TGEGFLCVFAINNTK_184	8
C12_3	C12	TGEGFLCVFAINNTK_-14	4
C12_3	C12	TGEGFLCVFAINNTK_167	8
C12_3	C12	TGEGFLCVFAINNTK_152	9
C12_3	C12	TGEGFLCVFAINNTK_225	10
C12_3	C12	SYGIPFIETSAKTRQGVDDAFYTLVR_0	2
C12_3	C12	TGEGFLCVFAINNTK_92.9	2
C12_3	C12	TGEGFLCVFAINNSK_-3	2
C12_3	C12	TGEGFLCVFAINNTK_-57	9
C12_3	C12	TGEGFLCVFAINNTK_138	11
C12_3	C12	TGEGFLCVFAINNTK_139	2
C12_3	C12	TGEGFLCVFAINNTK_304	2
C12_3	C12	QGVDDAFYTLVR_43	4
C12_3	C12	QGVDDAFYTLVR_5	10
C12_3	C12	QGVEDAFYTLVR_22.9	4
C12_3	C12	TGEGFLCVFAINNTK_93	16
C12_3	C12	QGVDDAFYTLVR_6.9	4
C12_3	C12	TGEGFLCVFAINNTK_61	3
C12_3	C12	SALTIQLIQNHFVDEYDPTIEDSYRK_43	8
C12_3	C12	TGEGFLCVFAINNTK_109	10
C12_3	C12	TGEGFLCVFAINNTK_112	2
C12_3	C12	TGEGFLCVFAINNTK_165	7
C12_3	C12	KQVVIDGETCLLDILDTAGQEEYSAMRDQYMR_0	33
C12_3	C12	KQVVIDGETCLLDILDTAGQEEYSAMRDQYMR_1	10
C12_3	C12	TGEGFLCVFAINNTK_77	8
C12_3	C12	TGEGFLCVFAINNTK_78	2
C12_3	C12	KQVVIDGETCLLDILDTAGQEEYSAMR_0	47
C12_3	C12	KQVVIDGETCLLDILDTAGQEEYSAMR_-1	5
C12_3	C12	KQVVIDGETCLLDILDTAGQEEYSAMR_53.9	4
C12_3	C12	KQVVIDGETCLLDILDTAGQEEYSAMR_22.9	2
C12_3	C12	KQVVIDGETCLLDILDTAGQEEYSAMR_22	8
C12_3	C12	KQVVIDGETCLLDILDTAGQEEYSAMR_23	10
C12_3	C12	KQVVIDGETCLLDILDTAGQEEYSAMR_4	2
C12_3	C12	TGEGFLCVFAINNTK_229	2
C12_3	C12	TGEGFLCVFAINNTK_-9	8
C12_3	C12	TGEGFLCVFAINNTK_28.9	13
C12_3	C12	TGEGFLCVFAINNTK_12.9	19
C12_3	C12	TGEGFLCVFAINNTK_-8	3
C12_3	C12	TGEGFLCVFAINNTK_-25	8
C12_3	C12	TGEGFLCVFAINNTK_-3	5
C12_3	C12	TGEGFLCVFAINNTK_-2.1	2
C12_3	C12	TGEGFLCVFAINNTK_-3.1	8
C12_3	C12	QVVIDGETCLLDILDTAGQEEYSAMRDQYMR_0	35
C12_3	C12	KQVVIDGETCLLDILDTAGQEEYSAMR_37.9	9
C12_3	C12	KQVVIDGETCLLDILDTAGQEEYSAMR_38	2
C12_3	C12	KQVVIDGETCLLDILDTAGQEEYSAMR_2	6
C12_3	C12	KQVVIDGETCLLDILDTAGQEEYSAMR_1	9
C12_3	C12	KQVVIDGETCLLDILDTAGQEEYSAMR_21.9	2
C12_3	C12	QVVIDGETCLLDILDTAGQEEYSAMRDQYMR_1	5
C12_3	C12	KQVVIDGETCLLDILDTAGQEEYSAMR_38.9	2
C12_3	C12	TGEGFLCVFAINNTK_6.9	7
C12_3	C12	QVVIDGETCLLDILDTAGQEEYSAMR_0	24
C12_3	C12	QVVIDGETCLLDILDTAGQEEYSAMR_1	16
C12_3	C12	QVVIDGETCLLDILDTAGQEEYSAMR_22	8
C12_3	C12	QVVIDGETCLLDILDTAGQEEYSAMRDQYMR_-1	2
C12_3	C12	QVVIDGETCLLDILDTAGQEEYSAMR_15	2
C12_3	C12	QVVIDGETCLLDILDTAGQEEYSAMR_38	2
C12_3	C12	QVVIDGETCLLDILDTAGQEEYSAMR_37.9	5
C12_3	C12	QVVIDGETCLLDILDTAGQEEYSAMRDQYMR_-17	11
C12_3	C12	QVVIDGETCLLDILDTAGQEEYSAMR_-17	20
C12_3	C12	QVVIDGETCLLDILDTAGQEEYSAMR_-16.8	2
C12_3	C12	QVVIDGETCLLDILDTAGQEEYSAMR_-16	7
C12_3	C12	QAQDLAR_1	3
C12_3	C12	QAQDLAR_0	2
C12_3	C12	SFEDIHHYR_22	2
C12_3	C12	LVVVGAGGVGK_228	3
C12_3	C12	VKDSEDVPMVLVGNKCDLPSR_1	2
C12_3	C12	VKDSEDVPMVLVGNKCDLPSR_156.1	2
C12_3	C12	VKDSEDVPMVLVGNK_-2	2
C12_3	C12	VKDSEDVPMVLVGNKCDLPSR_38	2
C12_3	C12	VKDSEDVPMVLVGNKCDLPSR_23	2
C12_3	C12	VKDSEDVPMVLVGNKCDLPSR_93	2
C12_3	C12	DSEDVPMVLVGNKCDLPSR_1	2
C12_3	C12	DSEDVPMVLVGNK_38	2
C12_3	C12	DSEDVPMVLVGNK_22	2
C12_3	C12	TRQGVDDAFYTLVR_22	2
C12_3	C12	TRQGVEDAFYTLVR_39.9	2
C12_3	C12	TGEGFLCVFAINNTKSFEDIHQYREQIK_165.1	3
C12_3	C12	QGVEDAFYTLVR_39.9	3
C12_3	C12	QGVDDAFYTLVR_3	3
C12_3	C12	SALTIQLIQNHFVDEYDPTIEDSYRK_60.9	2
C12_3	C12	SALTIQLIQNHFVDEYDPTIEDSYRK_39	2
C12_3	C12	SALTIQLIQNHFVDEYDPTIEDSYR_36.9	2
C12_3	C12	SALTIQLIQNHFVDEYDPTIEDSYR_-9.1	2
C12_3	C12	TGEGFLCVFAINNTK_108.9	2
C12_3	C12	SALTIQLIQNHFVDEYDPTIEDSYR_-8.2	2
C12_3	C12	SALTIQLIQNHFVDEYDPTIEDSYR_-0.1	2
C12_3	C12	TGEGFLCVFAINNTK_-4.9	2
C12_3	C12	KQVVIDGETCLLDILDTAGQEEYSAMR_15	2
C12_3	C12	KQVVIDGETCLLDILDTAGQEEYSAMR_36.9	2
C12_3	C12	KQVVIDGETCLLDILDTAGQEEYSAMRDQYMR_2	2
C12_3	C12	QVVIDGETCLLDILDTAGQEEYSAMR_20.9	3
C12_3	C12	KQVVIDGETCLLDILDTAGQEEYSAMR_204.1	2
C12_3	C12	QVVIDGETCLLDILDTAGQEEYSAMR_77	2
C12_3	C12	QVVIDGETCLLDILDTAGQEEYSAMR_-74.1	2
C12i_1	C12i	SFEDIHHYR_0	78
C12i_1	C12i	SFEDIHHYREQIKR_0	16
C12i_1	C12i	LVVVGAGGVGK_103	26
C12i_1	C12i	VKDSEDVPMVLVGNK_0	261
C12i_1	C12i	VKDSEDVPMVLVGNK_1	36
C12i_1	C12i	VKDSEDVPMVLVGNK_37.9	34
C12i_1	C12i	VKDSEDVPMVLVGNK_-0.2	25
C12i_1	C12i	VKDSEDVPMVLVGNKCDLPSR_0	26
C12i_1	C12i	DSEDVPMVLVGNK_0	25
C12i_1	C12i	TRQGVDDAFYTLVR_0	60
C12i_1	C12i	SYGIPFIETSAK_0	78
C12i_1	C12i	SYGIPFIETSAK_-4	8
C12i_1	C12i	SYGIPFIETSAK_2	8
C12i_1	C12i	SYGIPFIETSAK_-2	8
C12i_1	C12i	QGVDDAFYTLVR_0	34
C12i_1	C12i	QGVEDAFYTLVR_23.9	8
C12i_1	C12i	QGVDDAFYTLVR_37.9	25
C12i_1	C12i	SALTIQLIQNHFVDEYDPTIEDSYRK_0	95
C12i_1	C12i	SALTIQLIQNHFVDEYDPTIEDSYRK_37.9	84
C12i_1	C12i	SALTIQLIQNHFVDEYDPTIEDSYRK_38	25
C12i_1	C12i	TGEGFLCVFAINNTK_17	8
C12i_1	C12i	TGEGFLCVFAINNTK_15	17
C12i_1	C12i	TGEGFLCVFAINNTK_0	42
C12i_1	C12i	SALTIQLIQNHFVDEYDPTIEDSYR_0	68
C12i_1	C12i	SALTIQLIQNHFVDEYDPTIEDSYR_22	17
C12i_1	C12i	SALTIQLIQNHFVDEYDPTIEDSYR_37.9	42
C12i_1	C12i	SALTIQLIQNHFVDEYDPTIEDSYR_23	8
C12i_1	C12i	SALTIQLIQNHFVDEYDPTIEDSYR_-9.1	8
C12i_1	C12i	SALTIQLIQNHFVDEYDPTIEDSYRK_1	8
C12i_1	C12i	TGEGFLCVFAINNTK_167	32
C12i_1	C12i	TGEGFLCVFAINNTK_-57	33
C12i_1	C12i	TGEGFLCVFAINNTK_138	78
C12i_1	C12i	TGEGFLCVFAINNSK_15	8
C12i_1	C12i	QGVDDAFYTLVR_-17	52
C12i_1	C12i	TGEGFLCVFAINNTK_93	68
C12i_1	C12i	TGEGFLCVFAINNTK_109	34
C12i_1	C12i	KQVVIDGETCLLDILDTAGQEEYSAMR_0	122
C12i_1	C12i	TGEGFLCVFAINNTK_-9	53
C12i_1	C12i	TGEGFLCVFAINNTK_-25	33
C12i_1	C12i	KQVVIDGETCLLDILDTAGQEEYSAMR_2	8
C12i_1	C12i	KQVVIDGETCLLDILDTAGQEEYSAMR_38	8
C12i_1	C12i	KQVVIDGETCLLDILDTAGQEEYSAMR_37.9	8
C12i_1	C12i	QVVIDGETCLLDILDTAGQEEYSAMR_0	76
C12i_1	C12i	QVVIDGETCLLDILDTAGQEEYSAMR_-17	69
C12i_1	C12i	VKDSEDVPMVLVGNK_2	9
C12i_1	C12i	TRQGVDDAFYTLVR_1	9
C12i_1	C12i	SYGIPFIETSAK_-1	9
C12i_1	C12i	SALTIQLIQNHFVDEYDPTIEDSYRK_3	9
C12i_1	C12i	SALTIQLIQNHFVDEYDPTIEDSYR_38	9
C12i_1	C12i	QGVDDAFYTLVR_5	9
C12i_1	C12i	KQVVIDGETCLLDILDTAGQEEYSAMR_-1	9
C12i_1	C12i	TGEGFLCVFAINNTK_28.9	9
C12i_1	C12i	QVVIDGETCLLDILDTAGQEEYSAMR_2	9
C12i_2	C12i	TVDTKQAQDLAR_0	39
C12i_2	C12i	SFEDIHHYR_0	77
C12i_2	C12i	SFEDIHHYREQIKR_0	16
C12i_2	C12i	LVVVGAGGVGK_103	8
C12i_2	C12i	VKDSEDVPMVLVGNK_0	287
C12i_2	C12i	VKDSEDVPMVLVGNK_1	31
C12i_2	C12i	VKDSEDVPMVLVGNK_38	8
C12i_2	C12i	VKDSEDVPMVLVGNK_37.9	16
C12i_2	C12i	LVVVGAGGVGK_196	8
C12i_2	C12i	VKDSEDVPMVLVGNKCDLPSR_0	54
C12i_2	C12i	DSEDVPMVLVGNK_0	69
C12i_2	C12i	TRQGVDDAFYTLVR_0	77
C12i_2	C12i	SYGIPFIETSAK_0	100
C12i_2	C12i	SYGIPFIETSAK_-4	16
C12i_2	C12i	QGVDDAFYTLVR_0	39
C12i_2	C12i	QGVDDAFYTLVR_37.9	46
C12i_2	C12i	QGVDDAFYTLVR_22	8
C12i_2	C12i	SALTIQLIQNHFVDEYDPTIEDSYRK_0	69
C12i_2	C12i	SALTIQLIQNHFVDEYDPTIEDSYRK_37.9	47
C12i_2	C12i	SALTIQLIQNHFVDEYDPTIEDSYRK_38	16
C12i_2	C12i	TGEGFLCVFAINNTK_15	16
C12i_2	C12i	TGEGFLCVFAINNTK_0	39
C12i_2	C12i	TGEGFLCVFAINNTK_38	8
C12i_2	C12i	SALTIQLIQNHFVDEYDPTIEDSYR_0	39
C12i_2	C12i	SALTIQLIQNHFVDEYDPTIEDSYR_22	31
C12i_2	C12i	SALTIQLIQNHFVDEYDPTIEDSYR_37.9	39
C12i_2	C12i	SALTIQLIQNHFVDEYDPTIEDSYR_38	24
C12i_2	C12i	TGEGFLCVFAINNTK_167	16
C12i_2	C12i	TGEGFLCVFAINNTK_-57	31
C12i_2	C12i	TGEGFLCVFAINNTK_138	62
C12i_2	C12i	QGVDDAFYTLVR_-17	31
C12i_2	C12i	QGVDDAFYTLVR_5	8
C12i_2	C12i	TGEGFLCVFAINNTK_93	54
C12i_2	C12i	TGEGFLCVFAINNTK_109	54
C12i_2	C12i	TGEGFLCVFAINNTK_77	39
C12i_2	C12i	KQVVIDGETCLLDILDTAGQEEYSAMR_0	77
C12i_2	C12i	TGEGFLCVFAINNTK_-9	140
C12i_2	C12i	TGEGFLCVFAINNTK_-25	47
C12i_2	C12i	KQVVIDGETCLLDILDTAGQEEYSAMR_2	8
C12i_2	C12i	QVVIDGETCLLDILDTAGQEEYSAMR_1	16
C12i_2	C12i	QVVIDGETCLLDILDTAGQEEYSAMR_0	31
C12i_2	C12i	VKDSEDVPMVLVGNK_-1	8
C12i_2	C12i	VKDSEDVPMVLVGNK_21.9	8
C12i_2	C12i	TRQGVDDAFYTLVR_38	8
C12i_2	C12i	TRQGVDDAFYTLVR_1	8
C12i_2	C12i	SYGIPFIETSAK_2	8
C12i_2	C12i	SYGIPYIETSAK_22	8
C12i_2	C12i	TGEGFLCVFAINNTK_37.9	15
C12i_2	C12i	TGEGFLCVFAINNTK_22	8
C12i_2	C12i	SALTIQLIQNHFVDEYDPTIEDSYR_38.9	8
C12i_2	C12i	TGEGFLCVFAINNTK_28.9	23
C12i_2	C12i	QVVIDGETCLLDILDTAGQEEYSAMR_-17	15
C12i_3	C12i	SFEDIHHYR_0	76
C12i_3	C12i	SFEDIHHYREQIKR_0	28
C12i_3	C12i	LVVVGAGGVGK_103	19
C12i_3	C12i	VKDSEDVPMVLVGNK_0	320
C12i_3	C12i	VKDSEDVPMVLVGNK_1	65
C12i_3	C12i	VKDSEDVPMVLVGNK_37.9	28
C12i_3	C12i	VKDSEDVPMVLVGNK_-0.2	18
C12i_3	C12i	VKDSEDVPMVLVGNKCDLPSR_0	66
C12i_3	C12i	DSEDVPMVLVGNK_0	84
C12i_3	C12i	TRQGVDDAFYTLVR_0	94
C12i_3	C12i	TRQGVDDAFYTLVR_1	18
C12i_3	C12i	SYGIPFIETSAK_0	67
C12i_3	C12i	SYGIPFIETSAK_3	9
C12i_3	C12i	SYGIPFIETSAK_2	18
C12i_3	C12i	QGVDDAFYTLVR_0	47
C12i_3	C12i	QGVDDAFYTLVR_37.9	38
C12i_3	C12i	SALTIQLIQNHFVDEYDPTIEDSYRK_0	94
C12i_3	C12i	SALTIQLIQNHFVDEYDPTIEDSYRK_38	38
C12i_3	C12i	SALTIQLIQNHFVDEYDPTIEDSYRK_37.9	38
C12i_3	C12i	TGEGFLCVFAINNTK_0	37
C12i_3	C12i	SALTIQLIQNHFVDEYDPTIEDSYR_0	57
C12i_3	C12i	SALTIQLIQNHFVDEYDPTIEDSYR_37.9	47
C12i_3	C12i	TGEGFLCVFAINNTK_167	47
C12i_3	C12i	TGEGFLCVFAINNTK_-57	28
C12i_3	C12i	TGEGFLCVFAINNTK_138	57
C12i_3	C12i	QGVDDAFYTLVR_-17	37
C12i_3	C12i	QGVDDAFYTLVR_6.9	9
C12i_3	C12i	TGEGFLCVFAINNTK_93	66
C12i_3	C12i	TGEGFLCVFAINNTK_109	57
C12i_3	C12i	TGEGFLCVFAINNTK_77	38
C12i_3	C12i	KQVVIDGETCLLDILDTAGQEEYSAMR_0	66
C12i_3	C12i	TGEGFLCVFAINNTK_-9	57
C12i_3	C12i	TGEGFLCVFAINNTK_12.9	9
C12i_3	C12i	TGEGFLCVFAINNTK_-25	28
C12i_3	C12i	QVVIDGETCLLDILDTAGQEEYSAMR_1	19
C12i_3	C12i	QVVIDGETCLLDILDTAGQEEYSAMR_0	19
C12i_3	C12i	QVVIDGETCLLDILDTAGQEEYSAMR_-17	28
C12i_3	C12i	TVDTKQAQDLAR_0	10
C12i_3	C12i	VKDSEDVPMVLVGNK_22	10
C12i_3	C12i	QGVEDAFYTLVR_23.9	10
C12i_3	C12i	TGEGFLCVFAINNTK_15	10
C12i_3	C12i	TGEGFLCVFAINNTK_22	19
C12i_3	C12i	SALTIQLIQNHFVDEYDPTIEDSYR_22	10
C12i_3	C12i	QGVDDAFYTLVR_5	10
