HRAS_wt_1	HRAS_wt	KLNPPDESGPGCMSCK_0	11
HRAS_wt_1	HRAS_wt	KLNPPDESGPGCMSCK_52.9	1
HRAS_wt_1	HRAS_wt	KLNPPDESGPGCMSCK_17	1
HRAS_wt_1	HRAS_wt	KLNPPDESGPGCMSCK_28	4
HRAS_wt_1	HRAS_wt	LNPPDESGPGCMSCK_0	9
HRAS_wt_1	HRAS_wt	KLNPPDESGPGCMSCK_-9	1
HRAS_wt_1	HRAS_wt	KLNPPDESGPGCMSCK_152	3
HRAS_wt_1	HRAS_wt	KLNPPDESGPGCMSCK_138	1
HRAS_wt_1	HRAS_wt	KLNPPDESGPGCMSCK_196	4
HRAS_wt_1	HRAS_wt	LNPPDESGPGCMSCK_28	6
HRAS_wt_1	HRAS_wt	SFEDIHQYR_16	1
HRAS_wt_1	HRAS_wt	KLNPPDESGPGCMSCK_43	9
HRAS_wt_1	HRAS_wt	KLNPPDESGPGCMSCK_168	1
HRAS_wt_1	HRAS_wt	LNPPDESGPGCMSCK_-1	1
HRAS_wt_1	HRAS_wt	KLNPPDESGPGCMSCK_197	1
HRAS_wt_1	HRAS_wt	KLNPPDESGPGCMSCK_55	1
HRAS_wt_1	HRAS_wt	SFEDIHQYR_0	6
HRAS_wt_1	HRAS_wt	KLNPPDESGPGCMSCK_153	1
HRAS_wt_1	HRAS_wt	LNPPDESGPGCMSCK_43	3
HRAS_wt_1	HRAS_wt	RVKDSDDVPMVLVGNK_0	1
HRAS_wt_1	HRAS_wt	LNPPDESGPGCMSCK_138	1
HRAS_wt_1	HRAS_wt	LVVVGAGGVGK_0	39
HRAS_wt_1	HRAS_wt	SFEDIHQYR_196	1
HRAS_wt_1	HRAS_wt	YDPTIEDSYR_0	1
HRAS_wt_1	HRAS_wt	VKDSDDVPMVLVGNK_0	14
HRAS_wt_1	HRAS_wt	VKDSDDVPMVLVGNK_22	1
HRAS_wt_1	HRAS_wt	VKDSDDVPMVLVGNK_313.1	1
HRAS_wt_1	HRAS_wt	VKDSDDVPMVLVGNK_280.2	1
HRAS_wt_1	HRAS_wt	VKDSDDVPMVLVGNK_314.1	1
HRAS_wt_1	HRAS_wt	VKDSDDVPMVLVGNK_414.2	1
HRAS_wt_1	HRAS_wt	SFEDIHQYR_45	1
HRAS_wt_1	HRAS_wt	VKDSDDVPMVLVGNK_28	3
HRAS_wt_1	HRAS_wt	LVVVGAGGVGK_196	1
HRAS_wt_1	HRAS_wt	VKDSDDVPMVLVGNKCDLAAR_0	6
HRAS_wt_1	HRAS_wt	VKDSDDVPMVLVGNKCDLAAR_52.9	4
HRAS_wt_1	HRAS_wt	SDDVPMVLVGNK_0	3
HRAS_wt_1	HRAS_wt	SFEDIHQYR_43	1
HRAS_wt_1	HRAS_wt	VKDSDDVPMVLVGNK_196	6
HRAS_wt_1	HRAS_wt	LVVVGAGGVGK_0.9	3
HRAS_wt_1	HRAS_wt	SFEDIHQYR_28	1
HRAS_wt_1	HRAS_wt	VKDSDDVPMVLVGNKCDLAAR_28	4
HRAS_wt_1	HRAS_wt	VKDSDDVPMVLVGNKCDLAAR_-14	4
HRAS_wt_1	HRAS_wt	DSDDVPMVLVGNK_0	9
HRAS_wt_1	HRAS_wt	VKDSDDVPMVLVGNKCDLAAR_-25	1
HRAS_wt_1	HRAS_wt	VKDSDDVPMVLVGNKCDLAAR_152	6
HRAS_wt_1	HRAS_wt	VKDSDDVPMVLVGNKCDLAAR_-9	1
HRAS_wt_1	HRAS_wt	VKDSDDVPMVLVGNKCDLAAR_196	1
HRAS_wt_1	HRAS_wt	VKDSDDVPMVLVGN_0	1
HRAS_wt_1	HRAS_wt	VKDSDDVPMVLVGNK_43	7
HRAS_wt_1	HRAS_wt	RVKDSDDVPMVLVGNK_346.2	1
HRAS_wt_1	HRAS_wt	VKDSDDVPMVLVGNK_174.1	1
HRAS_wt_1	HRAS_wt	VKDSDDVPMVLVGNK_6	1
HRAS_wt_1	HRAS_wt	VKDSDDVPMVLVGNKCDLAAR_139	1
HRAS_wt_1	HRAS_wt	VKDSDDVPMVLVGNK_312.1	1
HRAS_wt_1	HRAS_wt	DSDDVPMVLVGNK_28	3
HRAS_wt_1	HRAS_wt	DSDDVPMVLVGNKCDLAAR_0	1
HRAS_wt_1	HRAS_wt	VKDSDDVPMVLVGNKCDLAAR_180	1
HRAS_wt_1	HRAS_wt	VKDSDDVPMVLVGNK_1	1
HRAS_wt_1	HRAS_wt	MTEYKLVVVGAGGVGK_231.1	1
HRAS_wt_1	HRAS_wt	SYGIPYIETSAK_16	1
HRAS_wt_1	HRAS_wt	LVVVGAGGVGK_-0.1	3
HRAS_wt_1	HRAS_wt	VKDSDDVPMVLVGNKCDLAAR_43	7
HRAS_wt_1	HRAS_wt	RVKDSDDVPMVLVGN_0	1
HRAS_wt_1	HRAS_wt	DSDDVPMVLVGNK_196	3
HRAS_wt_1	HRAS_wt	VKDSDDVPMVLVGNKCDLAAR_304	1
HRAS_wt_1	HRAS_wt	DSDDVPMVLVGNKCDLAAR_28	1
HRAS_wt_1	HRAS_wt	VKDSDDVPMVLVGNK_-17	1
HRAS_wt_1	HRAS_wt	DSDDVPMVLVGNK_43	3
HRAS_wt_1	HRAS_wt	VKDSDDVPMVLVGNKCDLAAR_138	1
HRAS_wt_1	HRAS_wt	DSDDVPMVLVGNK_60	1
HRAS_wt_1	HRAS_wt	VKDSDDVPMVLVGNKCDLAAR_71	3
HRAS_wt_1	HRAS_wt	YGIPYIETSAK_0	1
HRAS_wt_1	HRAS_wt	SYGIPYIETSAK_0	7
HRAS_wt_1	HRAS_wt	DSDDVPMVLVGNKCDLAAR_43	1
HRAS_wt_1	HRAS_wt	SYGIPYIETSAK_349.1	1
HRAS_wt_1	HRAS_wt	VKDSDDVPMVLVGNKCDLAAR_45	1
HRAS_wt_1	HRAS_wt	SYGIPYIETSAK_28	4
HRAS_wt_1	HRAS_wt	QGVEDAFYTLVR_16	3
HRAS_wt_1	HRAS_wt	LVVVGAGGVGK_43	34
HRAS_wt_1	HRAS_wt	LVVVGAGGVGK_1	1
HRAS_wt_1	HRAS_wt	LVVVGAGGVGK_28	1
HRAS_wt_1	HRAS_wt	VKDSDDVPMVLVGNK_71	1
HRAS_wt_1	HRAS_wt	SYGIPYIETSAK_196	1
HRAS_wt_1	HRAS_wt	TRQGVEDAFYTLVR_0	6
HRAS_wt_1	HRAS_wt	TRQGVEDAFYTLVR_22	1
HRAS_wt_1	HRAS_wt	VEDAFYTLVR_0	1
HRAS_wt_1	HRAS_wt	QGVEDAFYTLVR_0	16
HRAS_wt_1	HRAS_wt	TGEGFLCVFAINNTK_16	6
HRAS_wt_1	HRAS_wt	TRQGVEDAFYTLVR_28	3
HRAS_wt_1	HRAS_wt	SYGIPYIETSAK_43	3
HRAS_wt_1	HRAS_wt	LVVVGAGGVGK_71	1
HRAS_wt_1	HRAS_wt	TRQGVEDAFYTLVR_195.9	1
HRAS_wt_1	HRAS_wt	TRQGVEDAFYTLVR_196	4
HRAS_wt_1	HRAS_wt	SALTIQLIQNHFVDEYDPTIEDSYRK_1	10
HRAS_wt_1	HRAS_wt	SALTIQLIQNHFVDEYDPTIEDSYRK_53.9	1
HRAS_wt_1	HRAS_wt	QGVEDAFYTLVR_14	1
HRAS_wt_1	HRAS_wt	SALTIQLIQNHFVDEYDPTIEDSYRK_-14	4
HRAS_wt_1	HRAS_wt	SALTIQLIQNHFVDEYDPTIEDSYRK_29	3
HRAS_wt_1	HRAS_wt	QGVEDAFYTLVR_43	4
HRAS_wt_1	HRAS_wt	GVEDAFYTLVR_0	1
HRAS_wt_1	HRAS_wt	QGVEDAFYTLVR_37.9	1
HRAS_wt_1	HRAS_wt	SALTIQLIQNHFVDEYDPTIEDSYRK_0	30
HRAS_wt_1	HRAS_wt	QGVEDAFYTLVR_52.9	1
HRAS_wt_1	HRAS_wt	QGVEDAFYTLVR_-18	3
HRAS_wt_1	HRAS_wt	QGVEDAFYTLVR_22	1
HRAS_wt_1	HRAS_wt	SALTIQLIQNHFVDEYDPTIEDSYRK_-17	3
HRAS_wt_1	HRAS_wt	SALTIQLIQNHFVDEYDPTIEDSYRK_22	4
HRAS_wt_1	HRAS_wt	SALTIQLIQNHFVDEYDPTIEDSYRK_314.2	1
HRAS_wt_1	HRAS_wt	SALTIQLIQNHFVDEYDPTIEDSYRK_39	1
HRAS_wt_1	HRAS_wt	SALTIQLIQNHFVDEYDPTIEDSYRK_153.8	1
HRAS_wt_1	HRAS_wt	SALTIQLIQNHFVDEYDPTIEDSYRK_247.1	1
HRAS_wt_1	HRAS_wt	SALTIQLIQNHFVDEYDPTIEDSYRK_37.9	1
HRAS_wt_1	HRAS_wt	QGVEDAFYTLVR_26	1
HRAS_wt_1	HRAS_wt	LVVVGAGGVGK_44	1
HRAS_wt_1	HRAS_wt	SALTIQLIQNHFVDEYDPTIEDSYRK_28	6
HRAS_wt_1	HRAS_wt	SALTIQLIQNHFVDEYDPTIEDSYR_1	7
HRAS_wt_1	HRAS_wt	SALTIQLIQNHFVDEYDPTIEDSYR_-13	1
HRAS_wt_1	HRAS_wt	KQVVIDGETCLLDILDTAGQEEYSAMR_1	4
HRAS_wt_1	HRAS_wt	QGVEDAFYTLVR_28	3
HRAS_wt_1	HRAS_wt	QGVEDAFYTLVR_1	6
HRAS_wt_1	HRAS_wt	TRQGVEDAFYTLVR_43	3
HRAS_wt_1	HRAS_wt	LVVVGAGGVGK_2	1
HRAS_wt_1	HRAS_wt	SALTIQLIQNHFVDEYDPTIEDSYRK_197	1
HRAS_wt_1	HRAS_wt	SALTIQLIQNHFVDEYDPTIEDSYR_29	1
HRAS_wt_1	HRAS_wt	TGEGFLCVFAINNTK_104	1
HRAS_wt_1	HRAS_wt	SALTIQLIQNHFVDEYDPTIEDSYRK_196	1
HRAS_wt_1	HRAS_wt	SALTIQLIQNHFVDEYDPTIEDSYR_-14	1
HRAS_wt_1	HRAS_wt	TGEGFLCVFAINNTK_0	24
HRAS_wt_1	HRAS_wt	GEGFLCVFAINNTK_0	1
HRAS_wt_1	HRAS_wt	TGEGFLCVFAINNTK_22	1
HRAS_wt_1	HRAS_wt	TGEGFLCVFAINNTK_44	1
HRAS_wt_1	HRAS_wt	TGEGFLCVFAINNTK_434.2	1
HRAS_wt_1	HRAS_wt	TGEGFLCVFAINNTKSFEDIHQYR_-14	1
HRAS_wt_1	HRAS_wt	TGEGFLCVFAINNTKSFEDIHQYR_152	1
HRAS_wt_1	HRAS_wt	QGVEDAFYTLVR_196	1
HRAS_wt_1	HRAS_wt	SALTIQLIQNHFVDEYDPTIEDSYRK_43	3
HRAS_wt_1	HRAS_wt	SALTIQLIQNHFVDEYDPTIEDSYR_-17	1
HRAS_wt_1	HRAS_wt	SALTIQLIQNHFVDEYDPTIEDSYR_52.9	1
HRAS_wt_1	HRAS_wt	SALTIQLIQNHFVDEYDPTIEDSYR_22	3
HRAS_wt_1	HRAS_wt	SALTIQLIQNHFVDEYDPTIEDSYR_0	7
HRAS_wt_1	HRAS_wt	SALTIQLIQNHFVDEYDPTIEDSYR_37.9	3
HRAS_wt_1	HRAS_wt	SALTIQLIQNHFVDEYDPTIEDSYR_376.2	1
HRAS_wt_1	HRAS_wt	SALTIQLIQNHFVDEYDPTIEDSYR_38.9	1
HRAS_wt_1	HRAS_wt	QVVIDGETCLLDILDTAGQEEYSAMR_0	17
HRAS_wt_1	HRAS_wt	TRQGVEDAFYTLVREIR_0	1
HRAS_wt_1	HRAS_wt	TGEGFLCVFAINNTK_28	6
HRAS_wt_1	HRAS_wt	TGEGFLCVFAINNTK_1	4
HRAS_wt_1	HRAS_wt	SALTIQLIQNHFVDEYDPTIEDSYR_54.9	1
HRAS_wt_1	HRAS_wt	TGEGFLCVFAINNTK_-14	1
HRAS_wt_1	HRAS_wt	SALTIQLIQNHFVDEYDPTIEDSYR_171.1	1
HRAS_wt_1	HRAS_wt	SALTIQLIQNHFVDEYDPTIEDSYR_28	3
HRAS_wt_1	HRAS_wt	TGEGFLCVFAINNTK_152	1
HRAS_wt_1	HRAS_wt	QVVIDGETCLLDILDTAGQEEYSAMR_144.1	3
HRAS_wt_1	HRAS_wt	TGEGFLCVFAINNTK_26	1
HRAS_wt_1	HRAS_wt	TGEGFLCVFAINNTK_138	3
HRAS_wt_1	HRAS_wt	TGEGFLCVFAINNTK_304	1
HRAS_wt_1	HRAS_wt	KQVVIDGETCLLDILDTAGQEEYSAMR_0	6
HRAS_wt_1	HRAS_wt	SALTIQLIQNHFVDEYDPTIEDSYR_196	1
HRAS_wt_1	HRAS_wt	TGEGFLCVFAINNTKSFEDIHQYR_43	1
HRAS_wt_1	HRAS_wt	TGEGFLCVFAINNTK_180	1
HRAS_wt_1	HRAS_wt	SALTIQLIQNHFVDEYDPTIEDSYRK_45	1
HRAS_wt_1	HRAS_wt	TGEGFLCVFAINNTK_196	1
HRAS_wt_1	HRAS_wt	TRQGVEDAFYTLVR_1	1
HRAS_wt_1	HRAS_wt	KQVVIDGETCLLDILDTAGQEEYSAMRDQYMR_0	1
HRAS_wt_1	HRAS_wt	SALTIQLIQNHFVDEYDPTIEDSYRK_42	1
HRAS_wt_1	HRAS_wt	SALTIQLIQNHFVDEYDPTIEDSYRK_65	1
HRAS_wt_1	HRAS_wt	KQVVIDGETCLLDILDTAGQEEYSAMRDQYMR_28	1
HRAS_wt_1	HRAS_wt	QVVIDGETCLLDILDTAGQEEYSAMR_110.1	1
HRAS_wt_1	HRAS_wt	QGVEDAFYTLVR_-17	7
HRAS_wt_1	HRAS_wt	KQVVIDGETCLLDILDTAGQEEYSAMR_38	1
HRAS_wt_1	HRAS_wt	KQVVIDGETCLLDILDTAGQEEYSAMR_22	3
HRAS_wt_1	HRAS_wt	KQVVIDGETCLLDILDTAGQEEYSAMR_52.9	3
HRAS_wt_1	HRAS_wt	KQVVIDGETCLLDILDTAGQEEYSAMR_28	3
HRAS_wt_1	HRAS_wt	KLNPPDESGPGCMSCK_280.2	1
HRAS_wt_1	HRAS_wt	SALTIQLIQNHFVDEYDPTIEDSYRK_71	1
HRAS_wt_1	HRAS_wt	QVVIDGETCLLDILDTAGQEEYSAMRDQYMR_0	4
HRAS_wt_1	HRAS_wt	TGEGFLCVFAINNTK_43	1
HRAS_wt_1	HRAS_wt	TGEGFLCVFAINNTK_-9	1
HRAS_wt_1	HRAS_wt	QVVIDGETCLLDILDTAGQEEYSAMR_22	3
HRAS_wt_1	HRAS_wt	TGEGFLCVFAINNTK_65	1
HRAS_wt_1	HRAS_wt	QVVIDGETCLLDILDTAGQEEYSAMR_38	1
HRAS_wt_1	HRAS_wt	QVVIDGETCLLDILDTAGQEEYSAMR_55.9	1
HRAS_wt_1	HRAS_wt	QVVIDGETCLLDILDTAGQEEYSAMR_24	1
HRAS_wt_1	HRAS_wt	QVVIDGETCLLDILDTAGQEEYSAMR_54.9	1
HRAS_wt_1	HRAS_wt	QVVIDGETCLLDILDTAGQEEYSAMR_-16	1
HRAS_wt_1	HRAS_wt	QVVIDGETCLLDILDTAGQEEYSAMR_28	1
HRAS_wt_1	HRAS_wt	QGVEDAFYTLVR_71	1
HRAS_wt_1	HRAS_wt	TGEGFLCVFAINNTK_50	1
HRAS_wt_1	HRAS_wt	QVVIDGETCLLDILDTAGQEEYSAMR_196	1
HRAS_wt_1	HRAS_wt	SALTIQLIQNHFVDEYDPTIEDSYR_71	1
HRAS_wt_1	HRAS_wt	KQVVIDGETCLLDILDTAGQEEYSAMR_43	3
HRAS_wt_1	HRAS_wt	QGVEDAFYTLVR_0.1	1
HRAS_wt_1	HRAS_wt	QVVIDGETCLLDILDTAGQEEYSAMR_20.9	1
HRAS_wt_1	HRAS_wt	KQVVIDGETCLLDILDTAGQEEYSAMR_3	1
HRAS_wt_1	HRAS_wt	QVVIDGETCLLDILDTAGQEEYSAMR_30	1
HRAS_wt_1	HRAS_wt	QVVIDGETCLLDILDTAGQEEYSAMR_43	3
HRAS_wt_1	HRAS_wt	QVVIDGETCLLDILDTAGQEEYSAMR_1	1
HRAS_wt_1	HRAS_wt	LVVVGAGGVGK_452.3	1
HRAS_wt_1	HRAS_wt	LVVVGAGGVGK_496.3	1
HRAS_wt_1	HRAS_wt	SALTIQLIQNHFVDEYDPTIEDSYRK_2	3
HRAS_wt_1	HRAS_wt	SALTIQLIQNHFVDEYDPTIEDSYR_3	1
HRAS_wt_1	HRAS_wt	QVVIDGETCLLDILDTAGQEEYSAMR_2	1
HRAS_wt_1	HRAS_wt	TGEGFLCVFAINNTK_2	1
HRAS_wt_2	HRAS_wt	KLNPPDESGPGCMSCK_0	13
HRAS_wt_2	HRAS_wt	KLNPPDESGPGCMSCK_8	1
HRAS_wt_2	HRAS_wt	KLNPPDESGPGCMSCK_1	3
HRAS_wt_2	HRAS_wt	LNPPDESGPGCMSCK_0	9
HRAS_wt_2	HRAS_wt	LNPPDESGPGCMSCK_1	3
HRAS_wt_2	HRAS_wt	LNPPDESGPGCMSCK_2	1
HRAS_wt_2	HRAS_wt	SFEDIHQYR_16	1
HRAS_wt_2	HRAS_wt	KLNPPDESGPGCMSCK_52.9	1
HRAS_wt_2	HRAS_wt	KLNPPDESGPGCMSCK_43	9
HRAS_wt_2	HRAS_wt	LNPPDESGPGCMSCK_28	4
HRAS_wt_2	HRAS_wt	KLNPPDESGPGCMSCK_22	1
HRAS_wt_2	HRAS_wt	KLNPPDESGPGCMSCK_-9	1
HRAS_wt_2	HRAS_wt	KLNPPDESGPGCMSCK_12	1
HRAS_wt_2	HRAS_wt	LVVVGAGGVGK_128.1	3
HRAS_wt_2	HRAS_wt	KLNPPDESGPGCMSCK_304	1
HRAS_wt_2	HRAS_wt	LNPPDESGPGCMSCK_-1	1
HRAS_wt_2	HRAS_wt	KLNPPDESGPGCMSCK_28	1
HRAS_wt_2	HRAS_wt	KLNPPDESGPGCMSCK_152	3
HRAS_wt_2	HRAS_wt	KLNPPDESGPGCMSCK_-8	1
HRAS_wt_2	HRAS_wt	KLNPPDESGPGCMSCK_138	1
HRAS_wt_2	HRAS_wt	KLNPPDESGPGCMSCK_196	3
HRAS_wt_2	HRAS_wt	KLNPPDESGPGCMSCK_180	1
HRAS_wt_2	HRAS_wt	SFEDIHQYR_0	7
HRAS_wt_2	HRAS_wt	LNPPDESGPGCMSCK_-15	1
HRAS_wt_2	HRAS_wt	KLNPPDESGPGCMSCK_153	1
HRAS_wt_2	HRAS_wt	LNPPDESGPGCMSCK_152	1
HRAS_wt_2	HRAS_wt	KLNPPDESGPGCMSCK_346	1
HRAS_wt_2	HRAS_wt	LVVVGAGGVGK_-0.1	3
HRAS_wt_2	HRAS_wt	LVVVGAGGVGK_0	46
HRAS_wt_2	HRAS_wt	SFEDIHQYR_196	1
HRAS_wt_2	HRAS_wt	YDPTIEDSYR_0	1
HRAS_wt_2	HRAS_wt	KLNPPDESGPGCMSCK_71	1
HRAS_wt_2	HRAS_wt	VKDSDDVPMVLVGNK_0	19
HRAS_wt_2	HRAS_wt	VKDSDDVPMVLVGNK_22	3
HRAS_wt_2	HRAS_wt	LNPPDESGPGCMSCK_304	1
HRAS_wt_2	HRAS_wt	LNPPDESGPGCMSCK_43	3
HRAS_wt_2	HRAS_wt	VKDSDDVPMVLVGNKCDLAAR_0	6
HRAS_wt_2	HRAS_wt	VKDSDDVPMVLVGNKCDLAAR_52.9	3
HRAS_wt_2	HRAS_wt	SFEDIHQYR_43	1
HRAS_wt_2	HRAS_wt	VKDSDDVPMVLVGNKCDLAAR_1	1
HRAS_wt_2	HRAS_wt	SDDVPMVLVGNK_0	3
HRAS_wt_2	HRAS_wt	VKDSDDVPMVLVGNK_196	4
HRAS_wt_2	HRAS_wt	LVVVGAGGVGK_0.9	4
HRAS_wt_2	HRAS_wt	SFEDIHQYR_28	1
HRAS_wt_2	HRAS_wt	VKDSDDVPMVLVGNKCDLAAR_28	4
HRAS_wt_2	HRAS_wt	VKDSDDVPMVLVGNKCDLAAR_-14	4
HRAS_wt_2	HRAS_wt	DSDDVPMVLVGNK_0	12
HRAS_wt_2	HRAS_wt	DSDDVPMVLVGNK_22	3
HRAS_wt_2	HRAS_wt	VKDSDDVPMVLVGNKCDLAAR_-25	3
HRAS_wt_2	HRAS_wt	VKDSDDVPMVLVGNKCDLAAR_152	6
HRAS_wt_2	HRAS_wt	VKDSDDVPMVLVGNKCDLAAR_-9	1
HRAS_wt_2	HRAS_wt	SFEDIHQYR_56	1
HRAS_wt_2	HRAS_wt	VKDSDDVPMVLVGNK_21.9	1
HRAS_wt_2	HRAS_wt	VKDSDDVPMVLVGNK_174.1	1
HRAS_wt_2	HRAS_wt	VKDSDDVPMVLVGNK_312.1	1
HRAS_wt_2	HRAS_wt	VKDSDDVPMVLVGNK_43	10
HRAS_wt_2	HRAS_wt	RVKDSDDVPMVLVGNK_346.2	1
HRAS_wt_2	HRAS_wt	VKDSDDVPMVLVGNK_6	1
HRAS_wt_2	HRAS_wt	VKDSDDVPMVLVGNK_1	1
HRAS_wt_2	HRAS_wt	SYGIPYIETSAK_0	10
HRAS_wt_2	HRAS_wt	DSDDVPMVLVGNK_28	3
HRAS_wt_2	HRAS_wt	DSDDVPMVLVGNKCDLAAR_0	3
HRAS_wt_2	HRAS_wt	TEYKLVVVGAGGVGK_404.2	1
HRAS_wt_2	HRAS_wt	SYGIPYIETSAK_16	3
HRAS_wt_2	HRAS_wt	VKDSDDVPMVLVGNKCDLAAR_53.9	1
HRAS_wt_2	HRAS_wt	RVKDSDDVPMVLVGN_0	3
HRAS_wt_2	HRAS_wt	VKDSDDVPMVLVGNKCDLAAR_43	7
HRAS_wt_2	HRAS_wt	VKDSDDVPMVLVGNKCDLAAR_138	1
HRAS_wt_2	HRAS_wt	DSDDVPMVLVGNK_43	3
HRAS_wt_2	HRAS_wt	VKDSDDVPMVLVGNKCDLAAR_72	1
HRAS_wt_2	HRAS_wt	SYGIPYIETSAK_349.1	1
HRAS_wt_2	HRAS_wt	VKDSDDVPMVLVGNKCDLAAR_304	1
HRAS_wt_2	HRAS_wt	DSDDVPMVLVGNK_1	1
HRAS_wt_2	HRAS_wt	SYGIPYIETSAK_28	4
HRAS_wt_2	HRAS_wt	QGVEDAFYTLVR_0	26
HRAS_wt_2	HRAS_wt	QGVEDAFYTLVR_16	4
HRAS_wt_2	HRAS_wt	LVVVGAGGVGK_43	36
HRAS_wt_2	HRAS_wt	VKDSDDVPMVLVGNKCDLAAR_71	1
HRAS_wt_2	HRAS_wt	SYGIPYIETSAK_196	1
HRAS_wt_2	HRAS_wt	LVVVGAGGVGK_28	1
HRAS_wt_2	HRAS_wt	VKDSDDVPMVLVGNK_71	1
HRAS_wt_2	HRAS_wt	TRQGVEDAFYTLVR_0	6
HRAS_wt_2	HRAS_wt	TRQGVEDAFYTLVR_22	1
HRAS_wt_2	HRAS_wt	VEDAFYTLVR_0	1
HRAS_wt_2	HRAS_wt	DSDDVPMVLVGNK_60	1
HRAS_wt_2	HRAS_wt	DSDDVPMVLVGNK_65	1
HRAS_wt_2	HRAS_wt	TGEGFLCVFAINNTK_16	3
HRAS_wt_2	HRAS_wt	SYGIPYIETSAK_45	1
HRAS_wt_2	HRAS_wt	TRQGVEDAFYTLVR_1	1
HRAS_wt_2	HRAS_wt	TRQGVEDAFYTLVR_28	3
HRAS_wt_2	HRAS_wt	SYGIPYIETSAK_43	1
HRAS_wt_2	HRAS_wt	LVVVGAGGVGK_71	1
HRAS_wt_2	HRAS_wt	TRQGVEDAFYTLVR_196	1
HRAS_wt_2	HRAS_wt	SALTIQLIQNHFVDEYDPTIEDSYRK_104.1	1
HRAS_wt_2	HRAS_wt	SALTIQLIQNHFVDEYDPTIEDSYRK_1	13
HRAS_wt_2	HRAS_wt	QGVEDAFYTLVR_-17	7
HRAS_wt_2	HRAS_wt	SALTIQLIQNHFVDEYDPTIEDSYRK_-14	3
HRAS_wt_2	HRAS_wt	SALTIQLIQNHFVDEYDPTIEDSYRK_-13	1
HRAS_wt_2	HRAS_wt	TRQGVEDAFYTLVR_45	1
HRAS_wt_2	HRAS_wt	SALTIQLIQNHFVDEYDPTIEDSYRK_29	3
HRAS_wt_2	HRAS_wt	LVVVGAGGVGK_1	3
HRAS_wt_2	HRAS_wt	QGVEDAFYTLVR_37.9	1
HRAS_wt_2	HRAS_wt	SALTIQLIQNHFVDEYDPTIEDSYRK_0	36
HRAS_wt_2	HRAS_wt	QGVEDAFYTLVR_375.2	1
HRAS_wt_2	HRAS_wt	SALTIQLIQNHFVDEYDPTIEDSYRK_-17	1
HRAS_wt_2	HRAS_wt	SALTIQLIQNHFVDEYDPTIEDSYRK_43	7
HRAS_wt_2	HRAS_wt	SALTIQLIQNHFVDEYDPTIEDSYRK_-18	1
HRAS_wt_2	HRAS_wt	SALTIQLIQNHFVDEYDPTIEDSYRK_52.9	3
HRAS_wt_2	HRAS_wt	SALTIQLIQNHFVDEYDPTIEDSYRK_37.9	3
HRAS_wt_2	HRAS_wt	SALTIQLIQNHFVDEYDPTIEDSYRK_22	3
HRAS_wt_2	HRAS_wt	SALTIQLIQNHFVDEYDPTIEDSYRK_313.1	1
HRAS_wt_2	HRAS_wt	SALTIQLIQNHFVDEYDPTIEDSYRK_107.8	1
HRAS_wt_2	HRAS_wt	QGVEDAFYTLVR_-18	1
HRAS_wt_2	HRAS_wt	SALTIQLIQNHFVDEYDPTIEDSYRK_28	3
HRAS_wt_2	HRAS_wt	SALTIQLIQNHFVDEYDPTIEDSYR_1	4
HRAS_wt_2	HRAS_wt	QGVEDAFYTLVR_28	4
HRAS_wt_2	HRAS_wt	TRQGVEDAFYTLVR_43	3
HRAS_wt_2	HRAS_wt	SALTIQLIQNHFVDEYDPTIEDSYRK_38.9	1
HRAS_wt_2	HRAS_wt	SALTIQLIQNHFVDEYDPTIEDSYRK_196	1
HRAS_wt_2	HRAS_wt	SALTIQLIQNHFVDEYDPTIEDSYR_-14	1
HRAS_wt_2	HRAS_wt	TGEGFLCVFAINNTK_0	28
HRAS_wt_2	HRAS_wt	SALTIQLIQNHFVDEYDPTIEDSYRK_45	1
HRAS_wt_2	HRAS_wt	TGEGFLCVFAINNTK_22	1
HRAS_wt_2	HRAS_wt	TGEGFLCVFAINNTK_436.2	1
HRAS_wt_2	HRAS_wt	SALTIQLIQNHFVDEYDPTIEDSYR_0	7
HRAS_wt_2	HRAS_wt	TGEGFLCVFAINNTKSFEDIHQYR_-14	1
HRAS_wt_2	HRAS_wt	KQVVIDGETCLLDILDTAGQEEYSAMR_0	7
HRAS_wt_2	HRAS_wt	SALTIQLIQNHFVDEYDPTIEDSYR_-17	1
HRAS_wt_2	HRAS_wt	SALTIQLIQNHFVDEYDPTIEDSYR_22	3
HRAS_wt_2	HRAS_wt	QVVIDGETCLLDILDTAGQEEYSAMR_0	12
HRAS_wt_2	HRAS_wt	TRQGVEDAFYTLVREIR_0	1
HRAS_wt_2	HRAS_wt	TGEGFLCVFAINNTK_28	6
HRAS_wt_2	HRAS_wt	TGEGFLCVFAINNTK_-14	1
HRAS_wt_2	HRAS_wt	TGEGFLCVFAINNTK_8	1
HRAS_wt_2	HRAS_wt	SALTIQLIQNHFVDEYDPTIEDSYR_28	3
HRAS_wt_2	HRAS_wt	TGEGFLCVFAINNTK_152	1
HRAS_wt_2	HRAS_wt	TGEGFLCVFAINNTK_1	3
HRAS_wt_2	HRAS_wt	KQVVIDGETCLLDILDTAGQEEYSAMR_17	1
HRAS_wt_2	HRAS_wt	TGEGFLCVFAINNTK_26	1
HRAS_wt_2	HRAS_wt	TGEGFLCVFAINNTK_304	1
HRAS_wt_2	HRAS_wt	TGEGFLCVFAINNTK_-57	1
HRAS_wt_2	HRAS_wt	TGEGFLCVFAINNTKSFEDIHQYR_-9	1
HRAS_wt_2	HRAS_wt	TGEGFLCVFAINNTKSFEDIHQYR_43	1
HRAS_wt_2	HRAS_wt	TGEGFLCVFAINNTK_29	1
HRAS_wt_2	HRAS_wt	TGEGFLCVFAINNTK_196	1
HRAS_wt_2	HRAS_wt	TGEGFLCVFAINNTK_153	1
HRAS_wt_2	HRAS_wt	TGEGFLCVFAINNTK_11	1
HRAS_wt_2	HRAS_wt	KQVVIDGETCLLDILDTAGQEEYSAMRDQYMR_0	3
HRAS_wt_2	HRAS_wt	KQVVIDGETCLLDILDTAGQEEYSAMRDQYMR_28	1
HRAS_wt_2	HRAS_wt	QVVIDGETCLLDILDTAGQEEYSAMR_111.1	1
HRAS_wt_2	HRAS_wt	KQVVIDGETCLLDILDTAGQEEYSAMR_54.9	1
HRAS_wt_2	HRAS_wt	KQVVIDGETCLLDILDTAGQEEYSAMR_40	1
HRAS_wt_2	HRAS_wt	KQVVIDGETCLLDILDTAGQEEYSAMR_28	3
HRAS_wt_2	HRAS_wt	QVVIDGETCLLDILDTAGQEEYSAMRDQYMR_0	4
HRAS_wt_2	HRAS_wt	QVVIDGETCLLDILDTAGQEEYSAMRDQYMR_1	1
HRAS_wt_2	HRAS_wt	TGEGFLCVFAINNTK_43	1
HRAS_wt_2	HRAS_wt	QGVEDAFYTLVR_43	1
HRAS_wt_2	HRAS_wt	TGEGFLCVFAINNTK_-9	1
HRAS_wt_2	HRAS_wt	QGVEDAFYTLVR_1	3
HRAS_wt_2	HRAS_wt	QVVIDGETCLLDILDTAGQEEYSAMR_22	3
HRAS_wt_2	HRAS_wt	QVVIDGETCLLDILDTAGQEEYSAMR_38	1
HRAS_wt_2	HRAS_wt	QVVIDGETCLLDILDTAGQEEYSAMR_52.9	3
HRAS_wt_2	HRAS_wt	TGEGFLCVFAINNTK_60	1
HRAS_wt_2	HRAS_wt	QVVIDGETCLLDILDTAGQEEYSAMR_28	4
HRAS_wt_2	HRAS_wt	QGVEDAFYTLVR_71	1
HRAS_wt_2	HRAS_wt	LVVVGAGGVGK_2	1
HRAS_wt_2	HRAS_wt	QVVIDGETCLLDILDTAGQEEYSAMR_196	1
HRAS_wt_2	HRAS_wt	QVVIDGETCLLDILDTAGQEEYSAMR_46	1
HRAS_wt_2	HRAS_wt	QVVIDGETCLLDILDTAGQEEYSAMR_37.9	1
HRAS_wt_2	HRAS_wt	QVVIDGETCLLDILDTAGQEEYSAMR_23	1
HRAS_wt_2	HRAS_wt	QGVEDAFYTLVR_0.1	1
HRAS_wt_2	HRAS_wt	QVVIDGETCLLDILDTAGQEEYSAMRDQYMR_-17	1
HRAS_wt_2	HRAS_wt	QVVIDGETCLLDILDTAGQEEYSAMR_1	4
HRAS_wt_2	HRAS_wt	TRQGVEDAFYTLVR_443.1	1
HRAS_wt_2	HRAS_wt	QVVIDGETCLLDILDTAGQEEYSAMR_-17	4
HRAS_wt_2	HRAS_wt	TGEGFLCVFAINNTK_117.1	1
HRAS_wt_2	HRAS_wt	QVVIDGETCLLDILDTAGQEEYSAMR_5	1
HRAS_wt_2	HRAS_wt	QVVIDGETCLLDILDTAGQEEYSAMR_43	1
HRAS_wt_2	HRAS_wt	TGEGFLCVFAINNTK_44	1
HRAS_wt_2	HRAS_wt	QVVIDGETCLLDILDTAGQEEYSAMR_3	1
HRAS_wt_3	HRAS_wt	KLNPPDESGPGCMSCK_0	14
HRAS_wt_3	HRAS_wt	KLNPPDESGPGCMSCK_17	2
HRAS_wt_3	HRAS_wt	KLNPPDESGPGCMSCK_-9	2
HRAS_wt_3	HRAS_wt	LNPPDESGPGCMSCK_1	4
HRAS_wt_3	HRAS_wt	LNPPDESGPGCMSCK_0	7
HRAS_wt_3	HRAS_wt	KLNPPDESGPGCMSCK_138	2
HRAS_wt_3	HRAS_wt	SFEDIHQYR_16	2
HRAS_wt_3	HRAS_wt	LNPPDESGPGCMSCK_28	5
HRAS_wt_3	HRAS_wt	KLNPPDESGPGCMSCK_1	2
HRAS_wt_3	HRAS_wt	KLNPPDESGPGCMSCK_135	2
HRAS_wt_3	HRAS_wt	KLNPPDESGPGCMSCK_43	12
HRAS_wt_3	HRAS_wt	KLNPPDESGPGCMSCK_52.9	2
HRAS_wt_3	HRAS_wt	KLNPPDESGPGCMSCK_180	4
HRAS_wt_3	HRAS_wt	LNPPDESGPGCMSCK_152	5
HRAS_wt_3	HRAS_wt	KLNPPDESGPGCMSCK_304	5
HRAS_wt_3	HRAS_wt	LNPPDESGPGCMSCK_-1	2
HRAS_wt_3	HRAS_wt	KLNPPDESGPGCMSCK_28	2
HRAS_wt_3	HRAS_wt	LVVVGAGGVGK_16	2
HRAS_wt_3	HRAS_wt	KLNPPDESGPGCMSCK_152	2
HRAS_wt_3	HRAS_wt	KLNPPDESGPGCMSCK_136	2
HRAS_wt_3	HRAS_wt	LNPPDESGPGCMSCK_22	2
HRAS_wt_3	HRAS_wt	KLNPPDESGPGCMSCK_196	2
HRAS_wt_3	HRAS_wt	KLNPPDESGPGCMSCK_122	2
HRAS_wt_3	HRAS_wt	SFEDIHQYR_0	7
HRAS_wt_3	HRAS_wt	KLNPPDESGPGCMSCK_153	2
HRAS_wt_3	HRAS_wt	KLNPPDESGPGCMSCK_166	2
HRAS_wt_3	HRAS_wt	LVVVGAGGVGK_0	63
HRAS_wt_3	HRAS_wt	SFEDIHQYR_196	2
HRAS_wt_3	HRAS_wt	YDPTIEDSYR_0	2
HRAS_wt_3	HRAS_wt	KLNPPDESGPGCMSCK_55	2
HRAS_wt_3	HRAS_wt	KLNPPDESGPGCMSCK_77	2
HRAS_wt_3	HRAS_wt	KLNPPDESGPGCMSCK_71	2
HRAS_wt_3	HRAS_wt	VKDSDDVPMVLVGNK_0	23
HRAS_wt_3	HRAS_wt	LNPPDESGPGCMSCK_304	4
HRAS_wt_3	HRAS_wt	LNPPDESGPGCMSCK_44	2
HRAS_wt_3	HRAS_wt	LVVVGAGGVGK_218	2
HRAS_wt_3	HRAS_wt	LNPPDESGPGCMSCK_43	2
HRAS_wt_3	HRAS_wt	VKDSDDVPMVLVGNKCDLAAR_0	7
HRAS_wt_3	HRAS_wt	LVVVGAGGVGK_171.1	2
HRAS_wt_3	HRAS_wt	VKDSDDVPMVLVGNKCDLAAR_52.9	4
HRAS_wt_3	HRAS_wt	SFEDIHQYR_43	2
HRAS_wt_3	HRAS_wt	SDDVPMVLVGNK_0	4
HRAS_wt_3	HRAS_wt	VKDSDDVPMVLVGNK_196	4
HRAS_wt_3	HRAS_wt	SFEDIHQYR_28	2
HRAS_wt_3	HRAS_wt	VKDSDDVPMVLVGNKCDLAAR_1	2
HRAS_wt_3	HRAS_wt	VKDSDDVPMVLVGNKCDLAAR_28	7
HRAS_wt_3	HRAS_wt	VKDSDDVPMVLVGNKCDLAAR_-14	5
HRAS_wt_3	HRAS_wt	DSDDVPMVLVGNK_0	18
HRAS_wt_3	HRAS_wt	VKDSDDVPMVLVGNKCDLAAR_152	7
HRAS_wt_3	HRAS_wt	VKDSDDVPMVLVGNKCDLAAR_-9	2
HRAS_wt_3	HRAS_wt	SFEDIHQYR_56	2
HRAS_wt_3	HRAS_wt	VKDSDDVPMVLVGNK_43	12
HRAS_wt_3	HRAS_wt	VKDSDDVPMVLVGNK_22	2
HRAS_wt_3	HRAS_wt	VKDSDDVPMVLVGNK_6	4
HRAS_wt_3	HRAS_wt	VKDSDDVPMVLVGNKCDLAAR_139	2
HRAS_wt_3	HRAS_wt	VKDSDDVPMVLVGNK_313.1	2
HRAS_wt_3	HRAS_wt	VKDSDDVPMVLVGNK_227	2
HRAS_wt_3	HRAS_wt	VKDSDDVPMVLVGNK_312.1	2
HRAS_wt_3	HRAS_wt	RVKDSDDVPMVLVGNK_346.2	2
HRAS_wt_3	HRAS_wt	SYGIPYIETSAK_0	14
HRAS_wt_3	HRAS_wt	LVVVGAGGVGK_43	39
HRAS_wt_3	HRAS_wt	DSDDVPMVLVGNKCDLAAR_0	4
HRAS_wt_3	HRAS_wt	MTEYKLVVVGAGGVGK_231.1	2
HRAS_wt_3	HRAS_wt	VKDSDDVPMVLVGNK_28	2
HRAS_wt_3	HRAS_wt	RVKDSDDVPMVLVGN_0	4
HRAS_wt_3	HRAS_wt	VKDSDDVPMVLVGNKCDLAAR_43	7
HRAS_wt_3	HRAS_wt	LVVVGAGGVGK_26	2
HRAS_wt_3	HRAS_wt	DSDDVPMVLVGNKCDLAAR_152	2
HRAS_wt_3	HRAS_wt	VKDSDDVPMVLVGNKCDLAAR_138	2
HRAS_wt_3	HRAS_wt	DSDDVPMVLVGNK_43	5
HRAS_wt_3	HRAS_wt	VKDSDDVPMVLVGNKCDLAAR_72	2
HRAS_wt_3	HRAS_wt	DSDDVPMVLVGNK_1	2
HRAS_wt_3	HRAS_wt	DSDDVPMVLVGNK_1.1	2
HRAS_wt_3	HRAS_wt	YGIPYIETSAK_0	2
HRAS_wt_3	HRAS_wt	VKDSDDVPMVLVGNKCDLAAR_153	2
HRAS_wt_3	HRAS_wt	DSDDVPMVLVGNK_22	2
HRAS_wt_3	HRAS_wt	VKDSDDVPMVLVGNKCDLAAR_304	2
HRAS_wt_3	HRAS_wt	VKDSDDVPMVLVGNKCDLAAR_306	2
HRAS_wt_3	HRAS_wt	SYGIPYIETSAK_22	2
HRAS_wt_3	HRAS_wt	DSDDVPMVLVGNK_28	2
HRAS_wt_3	HRAS_wt	SYGIPYIETSAK_28	5
HRAS_wt_3	HRAS_wt	QGVEDAFYTLVR_16	4
HRAS_wt_3	HRAS_wt	LVVVGAGGVGK_0.9	2
HRAS_wt_3	HRAS_wt	VKDSDDVPMVLVGNKCDLAAR_71	2
HRAS_wt_3	HRAS_wt	LVVVGAGGVGK_28	2
HRAS_wt_3	HRAS_wt	VKDSDDVPMVLVGNK_71	2
HRAS_wt_3	HRAS_wt	SYGIPYIETSAK_218	2
HRAS_wt_3	HRAS_wt	TRQGVEDAFYTLVR_0	5
HRAS_wt_3	HRAS_wt	TRQGVEDAFYTLVR_22	2
HRAS_wt_3	HRAS_wt	VEDAFYTLVR_0	2
HRAS_wt_3	HRAS_wt	DSDDVPMVLVGNK_60	2
HRAS_wt_3	HRAS_wt	QGVEDAFYTLVR_0	28
HRAS_wt_3	HRAS_wt	TGEGFLCVFAINNTK_16	7
HRAS_wt_3	HRAS_wt	DSDDVPMVLVGNK_65	2
HRAS_wt_3	HRAS_wt	TRQGVEDAFYTLVR_28	5
HRAS_wt_3	HRAS_wt	SYGIPYIETSAK_43	2
HRAS_wt_3	HRAS_wt	LVVVGAGGVGK_71	2
HRAS_wt_3	HRAS_wt	TRQGVEDAFYTLVR_196	2
HRAS_wt_3	HRAS_wt	SALTIQLIQNHFVDEYDPTIEDSYRK_0	23
HRAS_wt_3	HRAS_wt	SALTIQLIQNHFVDEYDPTIEDSYRK_-14	5
HRAS_wt_3	HRAS_wt	TRQGVEDAFYTLVR_45	2
HRAS_wt_3	HRAS_wt	VEDAFYTLVR_57	2
HRAS_wt_3	HRAS_wt	QGVEDAFYTLVR_72	2
HRAS_wt_3	HRAS_wt	QGVEDAFYTLVR_37.9	2
HRAS_wt_3	HRAS_wt	QGVEDAFYTLVR_43	5
HRAS_wt_3	HRAS_wt	QGVEDAFYTLVR_-17	19
HRAS_wt_3	HRAS_wt	QGVEDAFYTLVR_-2	2
HRAS_wt_3	HRAS_wt	QGVEDAFYTLVR_-18	2
HRAS_wt_3	HRAS_wt	SALTIQLIQNHFVDEYDPTIEDSYRK_312.1	2
HRAS_wt_3	HRAS_wt	QGVEDAFYTLVR_26	2
HRAS_wt_3	HRAS_wt	SALTIQLIQNHFVDEYDPTIEDSYRK_28	5
HRAS_wt_3	HRAS_wt	QGVEDAFYTLVR_28	2
HRAS_wt_3	HRAS_wt	TRQGVEDAFYTLVR_43	2
HRAS_wt_3	HRAS_wt	TGEGFLCVFAINNTK_0	25
HRAS_wt_3	HRAS_wt	TGEGFLCVFAINNTK_22	2
HRAS_wt_3	HRAS_wt	TGEGFLCVFAINNTK_434.2	2
HRAS_wt_3	HRAS_wt	SALTIQLIQNHFVDEYDPTIEDSYR_3	2
HRAS_wt_3	HRAS_wt	SALTIQLIQNHFVDEYDPTIEDSYR_-17	2
HRAS_wt_3	HRAS_wt	TGEGFLCVFAINNTK_1	7
HRAS_wt_3	HRAS_wt	SALTIQLIQNHFVDEYDPTIEDSYR_0	5
HRAS_wt_3	HRAS_wt	SALTIQLIQNHFVDEYDPTIEDSYR_22	4
HRAS_wt_3	HRAS_wt	TGEGFLCVFAINNTK_28	5
HRAS_wt_3	HRAS_wt	TGEGFLCVFAINNTK_-14	2
HRAS_wt_3	HRAS_wt	SALTIQLIQNHFVDEYDPTIEDSYR_28	2
HRAS_wt_3	HRAS_wt	TGEGFLCVFAINNTK_152	2
HRAS_wt_3	HRAS_wt	SALTIQLIQNHFVDEYDPTIEDSYR_1	2
HRAS_wt_3	HRAS_wt	TGEGFLCVFAINNTK_26	2
HRAS_wt_3	HRAS_wt	TGEGFLCVFAINNTK_304	2
HRAS_wt_3	HRAS_wt	TGEGFLCVFAINNTK_196	2
HRAS_wt_3	HRAS_wt	QGVEDAFYTLVR_1	5
HRAS_wt_3	HRAS_wt	KQVVIDGETCLLDILDTAGQEEYSAMR_0	2
HRAS_wt_3	HRAS_wt	QVVIDGETCLLDILDTAGQEEYSAMR_0	4
HRAS_wt_3	HRAS_wt	SALTIQLIQNHFVDEYDPTIEDSYRK_43	2
HRAS_wt_3	HRAS_wt	KQVVIDGETCLLDILDTAGQEEYSAMRDQYMR_0	2
HRAS_wt_3	HRAS_wt	SALTIQLIQNHFVDEYDPTIEDSYRK_2	2
HRAS_wt_3	HRAS_wt	KQVVIDGETCLLDILDTAGQEEYSAMR_2	4
HRAS_wt_3	HRAS_wt	KQVVIDGETCLLDILDTAGQEEYSAMR_28	2
HRAS_wt_3	HRAS_wt	QVVIDGETCLLDILDTAGQEEYSAMRDQYMR_1	2
HRAS_wt_3	HRAS_wt	TGEGFLCVFAINNTK_43	2
HRAS_wt_3	HRAS_wt	TGEGFLCVFAINNTK_60	2
HRAS_wt_3	HRAS_wt	QVVIDGETCLLDILDTAGQEEYSAMR_22	2
HRAS_wt_3	HRAS_wt	QVVIDGETCLLDILDTAGQEEYSAMR_40	2
HRAS_wt_3	HRAS_wt	QVVIDGETCLLDILDTAGQEEYSAMR_23	2
HRAS_wt_3	HRAS_wt	QVVIDGETCLLDILDTAGQEEYSAMR_2	2
HRAS_wt_3	HRAS_wt	QVVIDGETCLLDILDTAGQEEYSAMR_28	4
HRAS_wt_3	HRAS_wt	TGEGFLCVFAINNTK_50	2
HRAS_wt_3	HRAS_wt	QGVEDAFYTLVR_71	2
HRAS_wt_3	HRAS_wt	TGEGFLCVFAINNTK_54.9	2
HRAS_wt_3	HRAS_wt	QGVEDAFYTLVR_0.1	2
HRAS_wt_3	HRAS_wt	SALTIQLIQNHFVDEYDPTIEDSYRK_1	2
HRAS_wt_3	HRAS_wt	QVVIDGETCLLDILDTAGQEEYSAMR_-17	4
HRAS_wt_3	HRAS_wt	QVVIDGETCLLDILDTAGQEEYSAMR_45	2
HRAS_wt_3	HRAS_wt	QVVIDGETCLLDILDTAGQEEYSAMR_43	2
HRAS_wt_3	HRAS_wt	LVVVGAGGVGK_1	2
HRAS_g12d_1	HRAS_g12d	KLNPPDESGPGCMSCK_134	1
HRAS_g12d_1	HRAS_g12d	KLNPPDESGPGCMSCK_0	9
HRAS_g12d_1	HRAS_g12d	KLNPPDESGPGCMSCK_28	2
HRAS_g12d_1	HRAS_g12d	LNPPDESGPGCMSCK_0	7
HRAS_g12d_1	HRAS_g12d	KLNPPDESGPGCMSCK_-7.1	2
HRAS_g12d_1	HRAS_g12d	LNPPDESGPGCMSCK_2	1
HRAS_g12d_1	HRAS_g12d	KLNPPDESGPGCMSCK_-9	2
HRAS_g12d_1	HRAS_g12d	KLNPPDESGPGCMSCK_152	2
HRAS_g12d_1	HRAS_g12d	KLNPPDESGPGCMSCK_138	1
HRAS_g12d_1	HRAS_g12d	KLNPPDESGPGCMSCK_-2.1	1
HRAS_g12d_1	HRAS_g12d	LNPPDESGPGCMSCK_28	3
HRAS_g12d_1	HRAS_g12d	SFEDIHQYR_16	1
HRAS_g12d_1	HRAS_g12d	KLNPPDESGPGCMSCK_43	7
HRAS_g12d_1	HRAS_g12d	KLNPPDESGPGCMSCK_143	1
HRAS_g12d_1	HRAS_g12d	KLNPPDESGPGCMSCK_180	1
HRAS_g12d_1	HRAS_g12d	KLNPPDESGPGCMSCK_304	1
HRAS_g12d_1	HRAS_g12d	KLNPPDESGPGCMSCK_168	1
HRAS_g12d_1	HRAS_g12d	KLNPPDESGPGCMSCK_184	1
HRAS_g12d_1	HRAS_g12d	LNPPDESGPGCMSCK_138	1
HRAS_g12d_1	HRAS_g12d	KLNPPDESGPGCMSCK_55	4
HRAS_g12d_1	HRAS_g12d	KLNPPDESGPGCMSCK_12	1
HRAS_g12d_1	HRAS_g12d	SFEDIHQYR_14	1
HRAS_g12d_1	HRAS_g12d	YDPTIEDSYRK_0	1
HRAS_g12d_1	HRAS_g12d	LNPPDESGPGCMSCK_153	1
HRAS_g12d_1	HRAS_g12d	KLNPPDESGPGCMSCK_58	1
HRAS_g12d_1	HRAS_g12d	SFEDIHQYR_0	8
HRAS_g12d_1	HRAS_g12d	SFEDIHQYR_43	4
HRAS_g12d_1	HRAS_g12d	KLNPPDESGPGCMSCK_44	1
HRAS_g12d_1	HRAS_g12d	RVKDSDDVPMVLVGNK_0	2
HRAS_g12d_1	HRAS_g12d	SFEDIHQYR_44	1
HRAS_g12d_1	HRAS_g12d	LNPPDESGPGCMSCK_43	4
HRAS_g12d_1	HRAS_g12d	LVVVGAGGVGK_0	1
HRAS_g12d_1	HRAS_g12d	LVVVGAGGVGK_58	39
HRAS_g12d_1	HRAS_g12d	SFEDIHQYR_196	1
HRAS_g12d_1	HRAS_g12d	VKDSDDVPMVLVGNKCDLAAR_59	1
HRAS_g12d_1	HRAS_g12d	YDPTIEDSYR_0	1
HRAS_g12d_1	HRAS_g12d	LVVVGAGGVGK_80	1
HRAS_g12d_1	HRAS_g12d	KLNPPDESGPGCMSCK_56	1
HRAS_g12d_1	HRAS_g12d	VKDSDDVPMVLVGNK_0	20
HRAS_g12d_1	HRAS_g12d	VKDSDDVPMVLVGNK_38	1
HRAS_g12d_1	HRAS_g12d	VKDSDDVPMVLVGNK_326.1	1
HRAS_g12d_1	HRAS_g12d	VKDSDDVPMVLVGNK_22	2
HRAS_g12d_1	HRAS_g12d	VKDSDDVPMVLVGNK_312.1	1
HRAS_g12d_1	HRAS_g12d	VKDSDDVPMVLVGNK_314.1	1
HRAS_g12d_1	HRAS_g12d	VKDSDDVPMVLVGNK_217.1	1
HRAS_g12d_1	HRAS_g12d	VKDSDDVPMVLVGNK_1	1
HRAS_g12d_1	HRAS_g12d	SFEDIHQYR_45	1
HRAS_g12d_1	HRAS_g12d	VKDSDDVPMVLVGNK_28	1
HRAS_g12d_1	HRAS_g12d	VKDSDDVPMVLVGNK_32	1
HRAS_g12d_1	HRAS_g12d	RVKDSDDVPMVLVGN_0	4
HRAS_g12d_1	HRAS_g12d	VKDSDDVPMVLVGNK_26	1
HRAS_g12d_1	HRAS_g12d	VKDSDDVPMVLVGNKCDLAAR_0	8
HRAS_g12d_1	HRAS_g12d	VKDSDDVPMVLVGNKCDLAAR_52.9	4
HRAS_g12d_1	HRAS_g12d	VKDSDDVPMVLVGNKCDLAAR_186	1
HRAS_g12d_1	HRAS_g12d	VKDSDDVPMVLVGNKCDLAAR_22	1
HRAS_g12d_1	HRAS_g12d	VKDSDDVPMVLVGNKCDLAAR_1	1
HRAS_g12d_1	HRAS_g12d	SFEDIHQYR_232.1	1
HRAS_g12d_1	HRAS_g12d	VKDSDDVPMVLVGNKCDLAAR_-43	1
HRAS_g12d_1	HRAS_g12d	SDDVPMVLVGNK_0	2
HRAS_g12d_1	HRAS_g12d	VKDSDDVPMVLVGNKCDLAAR_168	1
HRAS_g12d_1	HRAS_g12d	VKDSDDVPMVLVGNK_196	4
HRAS_g12d_1	HRAS_g12d	SFEDIHQYR_28	1
HRAS_g12d_1	HRAS_g12d	VKDSDDVPMVLVGNKCDLAAR_28	4
HRAS_g12d_1	HRAS_g12d	VKDSDDVPMVLVGNKCDLAAR_-14	1
HRAS_g12d_1	HRAS_g12d	DSDDVPMVLVGNK_0	7
HRAS_g12d_1	HRAS_g12d	VKDSDDVPMVLVGNKCDLAAR_184	1
HRAS_g12d_1	HRAS_g12d	DSDDVPMVLVGNK_249.1	1
HRAS_g12d_1	HRAS_g12d	VKDSDDVPMVLVGNKCDLAAR_-25	2
HRAS_g12d_1	HRAS_g12d	VKDSDDVPMVLVGNKCDLAAR_152	4
HRAS_g12d_1	HRAS_g12d	VKDSDDVPMVLVGNKCDLAAR_-9	1
HRAS_g12d_1	HRAS_g12d	VKDSDDVPMVLVGNKCDLAAR_44.9	1
HRAS_g12d_1	HRAS_g12d	VKDSDDVPMVLVGNKCDLAAR_196	1
HRAS_g12d_1	HRAS_g12d	SDDVPMVLVGNKCDLAAR_0	1
HRAS_g12d_1	HRAS_g12d	VKDSDDVPMVLVGN_0	1
HRAS_g12d_1	HRAS_g12d	SFEDIHQYR_56	1
HRAS_g12d_1	HRAS_g12d	VKDSDDVPMVLVGNK_43	13
HRAS_g12d_1	HRAS_g12d	SYGIPYIETSAK_0	15
HRAS_g12d_1	HRAS_g12d	VKDSDDVPMVLVGNKCDLAAR_138	2
HRAS_g12d_1	HRAS_g12d	SFEDIHQYR_71	1
HRAS_g12d_1	HRAS_g12d	VKDSDDVPMVLVGNK_6	1
HRAS_g12d_1	HRAS_g12d	VKDSDDVPMVLVGNK_186	1
HRAS_g12d_1	HRAS_g12d	VKDSDDVPMVLVGNK_206.2	1
HRAS_g12d_1	HRAS_g12d	RVKDSDDVPMVLVGNK_346.2	1
HRAS_g12d_1	HRAS_g12d	VKDSDDVPMVLVGNK_-18	1
HRAS_g12d_1	HRAS_g12d	DSDDVPMVLVGNK_28	1
HRAS_g12d_1	HRAS_g12d	SYGIPYIETSAK_16	3
HRAS_g12d_1	HRAS_g12d	DSDDVPMVLVGNKCDLAAR_0	1
HRAS_g12d_1	HRAS_g12d	DSDDVPMVLVGNK_32	1
HRAS_g12d_1	HRAS_g12d	SYGIPYIETSAK_-14	1
HRAS_g12d_1	HRAS_g12d	VKDSDDVPMVLVGNKCDLAAR_43	4
HRAS_g12d_1	HRAS_g12d	VKDSDDVPMVLVGNK_71	3
HRAS_g12d_1	HRAS_g12d	VKDSDDVPMVLVGNKCDLAAR_304	1
HRAS_g12d_1	HRAS_g12d	DSDDVPMVLVGNK_-17	1
HRAS_g12d_1	HRAS_g12d	DSDDVPMVLVGNKCDLAAR_-14	1
HRAS_g12d_1	HRAS_g12d	DSDDVPMVLVGNKCDLAAR_28	1
HRAS_g12d_1	HRAS_g12d	VKDSDDVPMVLVGNK_44	1
HRAS_g12d_1	HRAS_g12d	DSDDVPMVLVGNKCDLAAR_152	1
HRAS_g12d_1	HRAS_g12d	DSDDVPMVLVGNKCDLAAR_-9	2
HRAS_g12d_1	HRAS_g12d	TRQGVEDAFYTLVR_16	1
HRAS_g12d_1	HRAS_g12d	DSDDVPMVLVGNK_43	3
HRAS_g12d_1	HRAS_g12d	SYGIPYIETSAK_14	1
HRAS_g12d_1	HRAS_g12d	VKDSDDVPMVLVGNKCDLAAR_71	1
HRAS_g12d_1	HRAS_g12d	YGIPYIETSAK_0	1
HRAS_g12d_1	HRAS_g12d	VKDSDDVPMVLVGNKCDLAAR_34	1
HRAS_g12d_1	HRAS_g12d	DSDDVPMVLVGNKCDLAAR_43	2
HRAS_g12d_1	HRAS_g12d	VKDSDDVPMVLVGNK_54	1
HRAS_g12d_1	HRAS_g12d	SYGIPYIETSAK_348.1	1
HRAS_g12d_1	HRAS_g12d	SYGIPYIETSAK_314.1	1
HRAS_g12d_1	HRAS_g12d	SYGIPYIETSAK_44	1
HRAS_g12d_1	HRAS_g12d	SYGIPYIETSAK_58	1
HRAS_g12d_1	HRAS_g12d	DSDDVPMVLVGNK_71	1
HRAS_g12d_1	HRAS_g12d	SYGIPYIETSAKTR_43	1
HRAS_g12d_1	HRAS_g12d	SYGIPYIETSAK_28	2
HRAS_g12d_1	HRAS_g12d	QGVEDAFYTLVR_16	6
HRAS_g12d_1	HRAS_g12d	LVVVGAGGVGK_43	1
HRAS_g12d_1	HRAS_g12d	SYGIPYIETSAK_196	1
HRAS_g12d_1	HRAS_g12d	SYGIPYIETSAK_218	1
HRAS_g12d_1	HRAS_g12d	SALTIQLIQNHFVDEYDPTIEDSYRK_3	2
HRAS_g12d_1	HRAS_g12d	TRQGVEDAFYTLVR_0	4
HRAS_g12d_1	HRAS_g12d	TRQGVEDAFYTLVR_22	1
HRAS_g12d_1	HRAS_g12d	TRQGVEDAFYTLVR_-17	1
HRAS_g12d_1	HRAS_g12d	TRQGVEDAFYTLVR_43	3
HRAS_g12d_1	HRAS_g12d	TRQGVEDAFYTLVR_57	1
HRAS_g12d_1	HRAS_g12d	TGEGFLCVFAINNTK_16	3
HRAS_g12d_1	HRAS_g12d	DSDDVPMVLVGNK_60	1
HRAS_g12d_1	HRAS_g12d	SYGIPYIETSAK_45	1
HRAS_g12d_1	HRAS_g12d	SALTIQLIQNHFVDEYDPTIEDSYRK_34	1
HRAS_g12d_1	HRAS_g12d	TRQGVEDAFYTLVR_28	3
HRAS_g12d_1	HRAS_g12d	SFEDIHQYR_50	1
HRAS_g12d_1	HRAS_g12d	SYGIPYIETSAK_43	2
HRAS_g12d_1	HRAS_g12d	TRQGVEDAFYTLVR_26	1
HRAS_g12d_1	HRAS_g12d	TRQGVEDAFYTLVR_196	1
HRAS_g12d_1	HRAS_g12d	SALTIQLIQNHFVDEYDPTIEDSYRK_104	1
HRAS_g12d_1	HRAS_g12d	SALTIQLIQNHFVDEYDPTIEDSYR_34	1
HRAS_g12d_1	HRAS_g12d	TGEGFLCVFAINNTK_128.1	1
HRAS_g12d_1	HRAS_g12d	KQVVIDGETCLLDILDTAGQEEYSAMR_36	1
HRAS_g12d_1	HRAS_g12d	SALTIQLIQNHFVDEYDPTIEDSYRK_1	7
HRAS_g12d_1	HRAS_g12d	SYGIPYIETSAK_1	2
HRAS_g12d_1	HRAS_g12d	SALTIQLIQNHFVDEYDPTIEDSYRK_16	1
HRAS_g12d_1	HRAS_g12d	SALTIQLIQNHFVDEYDPTIEDSYRK_53.9	1
HRAS_g12d_1	HRAS_g12d	SALTIQLIQNHFVDEYDPTIEDSYRK_-14	6
HRAS_g12d_1	HRAS_g12d	SALTIQLIQNHFVDEYDPTIEDSYRK_0	22
HRAS_g12d_1	HRAS_g12d	SALTIQLIQNHFVDEYDPTIEDSYRK_14	1
HRAS_g12d_1	HRAS_g12d	SYGIPYIETSAK_71	1
HRAS_g12d_1	HRAS_g12d	TRQGVEDAFYTLVR_45	1
HRAS_g12d_1	HRAS_g12d	TGEGFLCVFAINNTK_33.9	1
HRAS_g12d_1	HRAS_g12d	SALTIQLIQNHFVDEYDPTIEDSYRK_29	2
HRAS_g12d_1	HRAS_g12d	QGVEDAFYTLVR_43	4
HRAS_g12d_1	HRAS_g12d	VEDAFYTLVR_57	1
HRAS_g12d_1	HRAS_g12d	QGVEDAFYTLVR_0	22
HRAS_g12d_1	HRAS_g12d	QGVEDAFYTLVR_361.2	1
HRAS_g12d_1	HRAS_g12d	QGVEDAFYTLVR_318.2	1
HRAS_g12d_1	HRAS_g12d	QGVEDAFYTLVR_-18	3
HRAS_g12d_1	HRAS_g12d	SALTIQLIQNHFVDEYDPTIEDSYR_129.1	1
HRAS_g12d_1	HRAS_g12d	SALTIQLIQNHFVDEYDPTIEDSYRK_72	1
HRAS_g12d_1	HRAS_g12d	TRQGVEDAFYTLVR_1	1
HRAS_g12d_1	HRAS_g12d	SALTIQLIQNHFVDEYDPTIEDSYRK_-17	2
HRAS_g12d_1	HRAS_g12d	SALTIQLIQNHFVDEYDPTIEDSYRK_43	6
HRAS_g12d_1	HRAS_g12d	QVVIDGETCLLDILDTAGQEEYSAMR_1	3
HRAS_g12d_1	HRAS_g12d	SALTIQLIQNHFVDEYDPTIEDSYR_156.1	1
HRAS_g12d_1	HRAS_g12d	SALTIQLIQNHFVDEYDPTIEDSYRK_52.9	1
HRAS_g12d_1	HRAS_g12d	SALTIQLIQNHFVDEYDPTIEDSYRK_23	1
HRAS_g12d_1	HRAS_g12d	SALTIQLIQNHFVDEYDPTIEDSYRK_22	1
HRAS_g12d_1	HRAS_g12d	SALTIQLIQNHFVDEYDPTIEDSYRK_312.1	1
HRAS_g12d_1	HRAS_g12d	SALTIQLIQNHFVDEYDPTIEDSYRK_37.9	1
HRAS_g12d_1	HRAS_g12d	SALTIQLIQNHFVDEYDPTIEDSYRK_347.1	1
HRAS_g12d_1	HRAS_g12d	QGVEDAFYTLVR_26	1
HRAS_g12d_1	HRAS_g12d	SALTIQLIQNHFVDEYDPTIEDSYRK_28	4
HRAS_g12d_1	HRAS_g12d	SALTIQLIQNHFVDEYDPTIEDSYR_1	6
HRAS_g12d_1	HRAS_g12d	QGVEDAFYTLVR_28	3
HRAS_g12d_1	HRAS_g12d	TRQGVEDAFYTLVR_55	1
HRAS_g12d_1	HRAS_g12d	KQVVIDGETCLLDILDTAGQEEYSAMR_0	9
HRAS_g12d_1	HRAS_g12d	SALTIQLIQNHFVDEYDPTIEDSYR_-13	2
HRAS_g12d_1	HRAS_g12d	QGVEDAFYTLVR_-17	14
HRAS_g12d_1	HRAS_g12d	SALTIQLIQNHFVDEYDPTIEDSYR_-14	1
HRAS_g12d_1	HRAS_g12d	SALTIQLIQNHFVDEYDPTIEDSYR_0	4
HRAS_g12d_1	HRAS_g12d	SALTIQLIQNHFVDEYDPTIEDSYR_29	1
HRAS_g12d_1	HRAS_g12d	TGEGFLCVFAINNTK_73	1
HRAS_g12d_1	HRAS_g12d	QVVIDGETCLLDILDTAGQEEYSAMR_33.9	1
HRAS_g12d_1	HRAS_g12d	QGVEDAFYTLVR_196	1
HRAS_g12d_1	HRAS_g12d	TGEGFLCVFAINNTK_72	1
HRAS_g12d_1	HRAS_g12d	SALTIQLIQNHFVDEYDPTIEDSYRK_44	1
HRAS_g12d_1	HRAS_g12d	TGEGFLCVFAINNTK_0	23
HRAS_g12d_1	HRAS_g12d	TGEGFLCVFAINNTK_22	1
HRAS_g12d_1	HRAS_g12d	TGEGFLCVFAINNTK_27	1
HRAS_g12d_1	HRAS_g12d	TGEGFLCVFAINNTK_28.5	1
HRAS_g12d_1	HRAS_g12d	TGEGFLCVFAINNTK_-17	1
HRAS_g12d_1	HRAS_g12d	TGEGFLCVFAINNTK_17	1
HRAS_g12d_1	HRAS_g12d	TGEGFLCVFAINNTK_58	1
HRAS_g12d_1	HRAS_g12d	TGEGFLCVFAINNTK_434.2	1
HRAS_g12d_1	HRAS_g12d	SALTIQLIQNHFVDEYDPTIEDSYRK_2	2
HRAS_g12d_1	HRAS_g12d	TGEGFLCVFAINNTKSFEDIHQYR_153	1
HRAS_g12d_1	HRAS_g12d	TGEGFLCVFAINNTKSFEDIHQYR_-14	1
HRAS_g12d_1	HRAS_g12d	TGEGFLCVFAINNTK_200	1
HRAS_g12d_1	HRAS_g12d	SALTIQLIQNHFVDEYDPTIEDSYR_-17	1
HRAS_g12d_1	HRAS_g12d	QVVIDGETCLLDILDTAGQEEYSAMR_17	1
HRAS_g12d_1	HRAS_g12d	TGEGFLCVFAINNTK_168	1
HRAS_g12d_1	HRAS_g12d	QGVEDAFYTLVR_1.1	1
HRAS_g12d_1	HRAS_g12d	SALTIQLIQNHFVDEYDPTIEDSYR_22	2
HRAS_g12d_1	HRAS_g12d	SALTIQLIQNHFVDEYDPTIEDSYR_377.2	1
HRAS_g12d_1	HRAS_g12d	TRQGVEDAFYTLVREIR_0	1
HRAS_g12d_1	HRAS_g12d	QVVIDGETCLLDILDTAGQEEYSAMR_0	10
HRAS_g12d_1	HRAS_g12d	QGVEDAFYTLVR_1	2
HRAS_g12d_1	HRAS_g12d	QVVIDGETCLLDILDTAGQEEYSAMR_-12	1
HRAS_g12d_1	HRAS_g12d	TGEGFLCVFAINNTK_28	6
HRAS_g12d_1	HRAS_g12d	TGEGFLCVFAINNTK_1	4
HRAS_g12d_1	HRAS_g12d	TGEGFLCVFAINNTK_-14	1
HRAS_g12d_1	HRAS_g12d	SALTIQLIQNHFVDEYDPTIEDSYR_171.1	1
HRAS_g12d_1	HRAS_g12d	SALTIQLIQNHFVDEYDPTIEDSYR_28	2
HRAS_g12d_1	HRAS_g12d	TGEGFLCVFAINNTK_152	1
HRAS_g12d_1	HRAS_g12d	TGEGFLCVFAINNTK_38.9	1
HRAS_g12d_1	HRAS_g12d	TGEGFLCVFAINNTK_43	3
HRAS_g12d_1	HRAS_g12d	QGVEDAFYTLVR_125.9	1
HRAS_g12d_1	HRAS_g12d	TGEGFLCVFAINNTK_-18	1
HRAS_g12d_1	HRAS_g12d	QVVIDGETCLLDILDTAGQEEYSAMR_114.1	2
HRAS_g12d_1	HRAS_g12d	TGEGFLCVFAINNTK_26	1
HRAS_g12d_1	HRAS_g12d	TGEGFLCVFAINNTK_138	2
HRAS_g12d_1	HRAS_g12d	TGEGFLCVFAINNTK_34	2
HRAS_g12d_1	HRAS_g12d	TGEGFLCVFAINNTK_304	1
HRAS_g12d_1	HRAS_g12d	TGEGFLCVFAINNTKSFEDIHQYR_-9	1
HRAS_g12d_1	HRAS_g12d	TGEGFLCVFAINNTKSFEDIHQYR_45	1
HRAS_g12d_1	HRAS_g12d	SALTIQLIQNHFVDEYDPTIEDSYR_2	1
HRAS_g12d_1	HRAS_g12d	KQVVIDGETCLLDILDTAGQEEYSAMR_42	1
HRAS_g12d_1	HRAS_g12d	SALTIQLIQNHFVDEYDPTIEDSYRK_45	1
HRAS_g12d_1	HRAS_g12d	TGEGFLCVFAINNTK_196	1
HRAS_g12d_1	HRAS_g12d	QVVIDGETCLLDILDTAGQEEYSAMR_36	1
HRAS_g12d_1	HRAS_g12d	TGEGFLCVFAINNTK_-16	1
HRAS_g12d_1	HRAS_g12d	SALTIQLIQNHFVDEYDPTIEDSYR_44	1
HRAS_g12d_1	HRAS_g12d	KQVVIDGETCLLDILDTAGQEEYSAMR_1	2
HRAS_g12d_1	HRAS_g12d	QGVEDAFYTLVR_40	1
HRAS_g12d_1	HRAS_g12d	KQVVIDGETCLLDILDTAGQEEYSAMRDQYMR_0	3
HRAS_g12d_1	HRAS_g12d	KQVVIDGETCLLDILDTAGQEEYSAMRDQYMR_53.9	1
HRAS_g12d_1	HRAS_g12d	SALTIQLIQNHFVDEYDPTIEDSYRK_65	1
HRAS_g12d_1	HRAS_g12d	KQVVIDGETCLLDILDTAGQEEYSAMRDQYMR_52.9	1
HRAS_g12d_1	HRAS_g12d	KQVVIDGETCLLDILDTAGQEEYSAMRDQYMR_28	1
HRAS_g12d_1	HRAS_g12d	SALTIQLIQNHFVDEYDPTIEDSYRK_55	1
HRAS_g12d_1	HRAS_g12d	KQVVIDGETCLLDILDTAGQEEYSAMR_18	1
HRAS_g12d_1	HRAS_g12d	QVVIDGETCLLDILDTAGQEEYSAMR_111.1	1
HRAS_g12d_1	HRAS_g12d	KQVVIDGETCLLDILDTAGQEEYSAMR_168	1
HRAS_g12d_1	HRAS_g12d	KQVVIDGETCLLDILDTAGQEEYSAMR_72	1
HRAS_g12d_1	HRAS_g12d	KQVVIDGETCLLDILDTAGQEEYSAMR_37.9	1
HRAS_g12d_1	HRAS_g12d	KQVVIDGETCLLDILDTAGQEEYSAMR_311.2	1
HRAS_g12d_1	HRAS_g12d	KQVVIDGETCLLDILDTAGQEEYSAMR_27.1	1
HRAS_g12d_1	HRAS_g12d	KQVVIDGETCLLDILDTAGQEEYSAMR_22	1
HRAS_g12d_1	HRAS_g12d	KQVVIDGETCLLDILDTAGQEEYSAMR_52.9	1
HRAS_g12d_1	HRAS_g12d	KQVVIDGETCLLDILDTAGQEEYSAMR_39	1
HRAS_g12d_1	HRAS_g12d	KQVVIDGETCLLDILDTAGQEEYSAMR_28	1
HRAS_g12d_1	HRAS_g12d	KQVVIDGETCLLDILDTAGQEEYSAMR_154	1
HRAS_g12d_1	HRAS_g12d	QVVIDGETCLLDILDTAGQEEYSAMR_129.1	1
HRAS_g12d_1	HRAS_g12d	QVVIDGETCLLDILDTAGQEEYSAMRDQYMR_0	3
HRAS_g12d_1	HRAS_g12d	QVVIDGETCLLDILDTAGQEEYSAMR_-13	1
HRAS_g12d_1	HRAS_g12d	KQVVIDGETCLLDILDTAGQEEYSAMR_47	1
HRAS_g12d_1	HRAS_g12d	TGEGFLCVFAINNTK_-9	1
HRAS_g12d_1	HRAS_g12d	TGEGFLCVFAINNTK_12.9	1
HRAS_g12d_1	HRAS_g12d	QVVIDGETCLLDILDTAGQEEYSAMR_16.9	1
HRAS_g12d_1	HRAS_g12d	TGEGFLCVFAINNTK_28.9	1
HRAS_g12d_1	HRAS_g12d	QVVIDGETCLLDILDTAGQEEYSAMR_22	1
HRAS_g12d_1	HRAS_g12d	TGEGFLCVFAINNTK_65	1
HRAS_g12d_1	HRAS_g12d	TGEGFLCVFAINNTK_71	1
HRAS_g12d_1	HRAS_g12d	QVVIDGETCLLDILDTAGQEEYSAMR_37.9	1
HRAS_g12d_1	HRAS_g12d	QVVIDGETCLLDILDTAGQEEYSAMR_54.9	1
HRAS_g12d_1	HRAS_g12d	QVVIDGETCLLDILDTAGQEEYSAMR_23	1
HRAS_g12d_1	HRAS_g12d	QGVEDAFYTLVR_71	1
HRAS_g12d_1	HRAS_g12d	TGEGFLCVFAINNTK_50	1
HRAS_g12d_1	HRAS_g12d	QVVIDGETCLLDILDTAGQEEYSAMR_153	1
HRAS_g12d_1	HRAS_g12d	QVVIDGETCLLDILDTAGQEEYSAMR_196	1
HRAS_g12d_1	HRAS_g12d	TGEGFLCVFAINNTK_54	1
HRAS_g12d_1	HRAS_g12d	QVVIDGETCLLDILDTAGQEEYSAMR_45	1
HRAS_g12d_1	HRAS_g12d	KQVVIDGETCLLDILDTAGQEEYSAMR_43	2
HRAS_g12d_1	HRAS_g12d	QGVEDAFYTLVR_0.1	1
HRAS_g12d_1	HRAS_g12d	KQVVIDGETCLLDILDTAGQEEYSAMR_73	1
HRAS_g12d_1	HRAS_g12d	QVVIDGETCLLDILDTAGQEEYSAMR_28	1
HRAS_g12d_1	HRAS_g12d	QVVIDGETCLLDILDTAGQEEYSAMR_-17	2
HRAS_g12d_1	HRAS_g12d	QVVIDGETCLLDILDTAGQEEYSAMR_20.9	1
HRAS_g12d_1	HRAS_g12d	QVVIDGETCLLDILDTAGQEEYSAMR_38.9	1
HRAS_g12d_1	HRAS_g12d	TGEGFLCVFAINNTK_116.1	1
HRAS_g12d_1	HRAS_g12d	KQVVIDGETCLLDILDTAGQEEYSAMR_2	2
HRAS_g12d_1	HRAS_g12d	QVVIDGETCLLDILDTAGQEEYSAMR_43	1
HRAS_g12d_1	HRAS_g12d	QGVEDAFYTLVR_2.1	1
HRAS_g12d_1	HRAS_g12d	QVVIDGETCLLDILDTAGQEEYSAMR_2	1
HRAS_g12d_1	HRAS_g12d	QVVIDGETCLLDILDTAGQEEYSAMR_3	2
HRAS_g12d_1	HRAS_g12d	TGEGFLCVFAINNTK_2	1
HRAS_g12d_2	HRAS_g12d	QAQDLAR_0	1
HRAS_g12d_2	HRAS_g12d	QAQDLAR_-0.3	1
HRAS_g12d_2	HRAS_g12d	KLNPPDESGPGCMSCK_134	1
HRAS_g12d_2	HRAS_g12d	KLNPPDESGPGCMSCK_0	8
HRAS_g12d_2	HRAS_g12d	KLNPPDESGPGCMSCK_28	2
HRAS_g12d_2	HRAS_g12d	KLNPPDESGPGCMSCK_-9	2
HRAS_g12d_2	HRAS_g12d	KLNPPDESGPGCMSCK_17	1
HRAS_g12d_2	HRAS_g12d	LNPPDESGPGCMSCK_0	5
HRAS_g12d_2	HRAS_g12d	KLNPPDESGPGCMSCK_-6.1	1
HRAS_g12d_2	HRAS_g12d	KLNPPDESGPGCMSCK_152	2
HRAS_g12d_2	HRAS_g12d	LNPPDESGPGCMSCK_22	1
HRAS_g12d_2	HRAS_g12d	LNPPDESGPGCMSCK_-14	1
HRAS_g12d_2	HRAS_g12d	KLNPPDESGPGCMSCK_138	3
HRAS_g12d_2	HRAS_g12d	LNPPDESGPGCMSCK_28	3
HRAS_g12d_2	HRAS_g12d	KLNPPDESGPGCMSCK_196	3
HRAS_g12d_2	HRAS_g12d	SFEDIHQYR_16	2
HRAS_g12d_2	HRAS_g12d	KLNPPDESGPGCMSCK_44	2
HRAS_g12d_2	HRAS_g12d	LNPPDESGPGCMSCK_-9	1
HRAS_g12d_2	HRAS_g12d	KLNPPDESGPGCMSCK_153	1
HRAS_g12d_2	HRAS_g12d	KLNPPDESGPGCMSCK_43	6
HRAS_g12d_2	HRAS_g12d	KLNPPDESGPGCMSCK_304	1
HRAS_g12d_2	HRAS_g12d	KLNPPDESGPGCMSCK_184	1
HRAS_g12d_2	HRAS_g12d	KLNPPDESGPGCMSCK_168	1
HRAS_g12d_2	HRAS_g12d	KLNPPDESGPGCMSCK_51.9	1
HRAS_g12d_2	HRAS_g12d	LNPPDESGPGCMSCK_138	1
HRAS_g12d_2	HRAS_g12d	LNPPDESGPGCMSCK_152	2
HRAS_g12d_2	HRAS_g12d	KLNPPDESGPGCMSCK_320	1
HRAS_g12d_2	HRAS_g12d	KLNPPDESGPGCMSCK_12	1
HRAS_g12d_2	HRAS_g12d	YDPTIEDSYRK_0	1
HRAS_g12d_2	HRAS_g12d	LNPPDESGPGCMSCK_153	1
HRAS_g12d_2	HRAS_g12d	KLNPPDESGPGCMSCK_226	1
HRAS_g12d_2	HRAS_g12d	KLNPPDESGPGCMSCK_58	1
HRAS_g12d_2	HRAS_g12d	SFEDIHQYR_0	8
HRAS_g12d_2	HRAS_g12d	SFEDIHQYR_30	1
HRAS_g12d_2	HRAS_g12d	SFEDIHQYR_32	1
HRAS_g12d_2	HRAS_g12d	SFEDIHQYR_33	1
HRAS_g12d_2	HRAS_g12d	SFEDIHQYR_37.9	1
HRAS_g12d_2	HRAS_g12d	SFEDIHQYR_446.3	1
HRAS_g12d_2	HRAS_g12d	SFEDIHQYR_213	1
HRAS_g12d_2	HRAS_g12d	KLNPPDESGPGCMSCK_55	1
HRAS_g12d_2	HRAS_g12d	SFEDIHQYR_297.1	1
HRAS_g12d_2	HRAS_g12d	LNPPDESGPGCMSCK_304	1
HRAS_g12d_2	HRAS_g12d	SFEDIHQYR_43	3
HRAS_g12d_2	HRAS_g12d	SFEDIHQYR_72	1
HRAS_g12d_2	HRAS_g12d	VKDSDDVPMVLVGNK_0	27
HRAS_g12d_2	HRAS_g12d	SFEDIHQYR_1	1
HRAS_g12d_2	HRAS_g12d	LNPPDESGPGCMSCK_43	4
HRAS_g12d_2	HRAS_g12d	RVKDSDDVPMVLVGNK_0	1
HRAS_g12d_2	HRAS_g12d	LVVVGAGGVGK_58	43
HRAS_g12d_2	HRAS_g12d	LVVVGAGGVGK_80	2
HRAS_g12d_2	HRAS_g12d	LVVVGAGGVGK_0	1
HRAS_g12d_2	HRAS_g12d	SFEDIHQYR_196	1
HRAS_g12d_2	HRAS_g12d	YDPTIEDSYR_0	1
HRAS_g12d_2	HRAS_g12d	VKDSDDVPMVLVGNK_52.9	1
HRAS_g12d_2	HRAS_g12d	VKDSDDVPMVLVGNK_38	1
HRAS_g12d_2	HRAS_g12d	VKDSDDVPMVLVGNK_326.1	1
HRAS_g12d_2	HRAS_g12d	VKDSDDVPMVLVGNK_37.9	1
HRAS_g12d_2	HRAS_g12d	VKDSDDVPMVLVGNK_99.9	1
HRAS_g12d_2	HRAS_g12d	VKDSDDVPMVLVGNK_446.3	2
HRAS_g12d_2	HRAS_g12d	VKDSDDVPMVLVGNK_32	1
HRAS_g12d_2	HRAS_g12d	VKDSDDVPMVLVGNK_14	1
HRAS_g12d_2	HRAS_g12d	VKDSDDVPMVLVGNK_214	1
HRAS_g12d_2	HRAS_g12d	VKDSDDVPMVLVGNK_-32	1
HRAS_g12d_2	HRAS_g12d	VKDSDDVPMVLVGNK_-15	1
HRAS_g12d_2	HRAS_g12d	VKDSDDVPMVLVGNK_312.1	1
HRAS_g12d_2	HRAS_g12d	VKDSDDVPMVLVGNK_-47	1
HRAS_g12d_2	HRAS_g12d	VKDSDDVPMVLVGNK_416.3	1
HRAS_g12d_2	HRAS_g12d	VKDSDDVPMVLVGNK_-18	1
HRAS_g12d_2	HRAS_g12d	VKDSDDVPMVLVGNK_28	2
HRAS_g12d_2	HRAS_g12d	VKDSDDVPMVLVGNK_-16	1
HRAS_g12d_2	HRAS_g12d	SYGIPYIETSAK_16	4
HRAS_g12d_2	HRAS_g12d	VKDSDDVPMVLVGNK_26	1
HRAS_g12d_2	HRAS_g12d	VKDSDDVPMVLVGNKCDLAAR_0	4
HRAS_g12d_2	HRAS_g12d	VKDSDDVPMVLVGNKCDLAAR_52.9	2
HRAS_g12d_2	HRAS_g12d	VKDSDDVPMVLVGNKCDLAAR_38	1
HRAS_g12d_2	HRAS_g12d	VKDSDDVPMVLVGNKCDLAAR_1	3
HRAS_g12d_2	HRAS_g12d	VKDSDDVPMVLVGNKCDLAAR_37.9	1
HRAS_g12d_2	HRAS_g12d	VKDSDDVPMVLVGNKCDLAAR_-25	2
HRAS_g12d_2	HRAS_g12d	VKDSDDVPMVLVGNKCDLAAR_168	1
HRAS_g12d_2	HRAS_g12d	SDDVPMVLVGNK_0	2
HRAS_g12d_2	HRAS_g12d	VKDSDDVPMVLVGNK_196	3
HRAS_g12d_2	HRAS_g12d	VKDSDDVPMVLVGNKCDLAAR_200	1
HRAS_g12d_2	HRAS_g12d	SFEDIHQYR_28	1
HRAS_g12d_2	HRAS_g12d	VKDSDDVPMVLVGNKCDLAAR_28	3
HRAS_g12d_2	HRAS_g12d	VKDSDDVPMVLVGNKCDLAAR_-14	2
HRAS_g12d_2	HRAS_g12d	DSDDVPMVLVGNK_0	7
HRAS_g12d_2	HRAS_g12d	SYGIPYIETSAK_14	1
HRAS_g12d_2	HRAS_g12d	DSDDVPMVLVGNK_248.1	1
HRAS_g12d_2	HRAS_g12d	VKDSDDVPMVLVGNKCDLAAR_152	2
HRAS_g12d_2	HRAS_g12d	VKDSDDVPMVLVGNKCDLAAR_-9	2
HRAS_g12d_2	HRAS_g12d	VKDSDDVPMVLVGNKCDLAAR_43.9	1
HRAS_g12d_2	HRAS_g12d	VKDSDDVPMVLVGNKCDLAAR_12.9	2
HRAS_g12d_2	HRAS_g12d	VKDSDDVPMVLVGNKCDLAAR_196	1
HRAS_g12d_2	HRAS_g12d	VKDSDDVPMVLVGN_0	1
HRAS_g12d_2	HRAS_g12d	SDDVPMVLVGNKCDLAAR_0	1
HRAS_g12d_2	HRAS_g12d	SFEDIHQYR_56	1
HRAS_g12d_2	HRAS_g12d	VKDSDDVPMVLVGNK_43	8
HRAS_g12d_2	HRAS_g12d	VKDSDDVPMVLVGNKCDLAAR_138	2
HRAS_g12d_2	HRAS_g12d	SYGIPYIETSAK_0	23
HRAS_g12d_2	HRAS_g12d	VKDSDDVPMVLVGNK_6	1
HRAS_g12d_2	HRAS_g12d	VKDSDDVPMVLVGNKCDLAAR_-59	1
HRAS_g12d_2	HRAS_g12d	DSDDVPMVLVGNK_28	1
HRAS_g12d_2	HRAS_g12d	DSDDVPMVLVGNKCDLAAR_0	2
HRAS_g12d_2	HRAS_g12d	DSDDVPMVLVGNK_32	1
HRAS_g12d_2	HRAS_g12d	VKDSDDVPMVLVGNKCDLAAR_153	2
HRAS_g12d_2	HRAS_g12d	DSDDVPMVLVGNKCDLAAR_52.9	1
HRAS_g12d_2	HRAS_g12d	DSDDVPMVLVGNKCDLAAR_22	1
HRAS_g12d_2	HRAS_g12d	VKDSDDVPMVLVGNKCDLAAR_180	2
HRAS_g12d_2	HRAS_g12d	VKDSDDVPMVLVGNKCDLAAR_43	3
HRAS_g12d_2	HRAS_g12d	VKDSDDVPMVLVGNKCDLAAR_6.9	1
HRAS_g12d_2	HRAS_g12d	RVKDSDDVPMVLVGN_0	2
HRAS_g12d_2	HRAS_g12d	VKDSDDVPMVLVGNKCDLAAR_304	1
HRAS_g12d_2	HRAS_g12d	VKDSDDVPMVLVGNK_0.9	1
HRAS_g12d_2	HRAS_g12d	DSDDVPMVLVGNKCDLAAR_-14	1
HRAS_g12d_2	HRAS_g12d	DSDDVPMVLVGNKCDLAAR_28	1
HRAS_g12d_2	HRAS_g12d	TRQGVEDAFYTLVR_16	1
HRAS_g12d_2	HRAS_g12d	SYGIPYIETSAK_32	1
HRAS_g12d_2	HRAS_g12d	DSDDVPMVLVGNKCDLAAR_152	1
HRAS_g12d_2	HRAS_g12d	VKDSDDVPMVLVGNKCDLAAR_42	1
HRAS_g12d_2	HRAS_g12d	DSDDVPMVLVGNKCDLAAR_-9	2
HRAS_g12d_2	HRAS_g12d	SYGIPYIETSAK_72	1
HRAS_g12d_2	HRAS_g12d	VKDSDDVPMVLVGNK_197	1
HRAS_g12d_2	HRAS_g12d	DSDDVPMVLVGNK_44	1
HRAS_g12d_2	HRAS_g12d	DSDDVPMVLVGNK_43	2
HRAS_g12d_2	HRAS_g12d	DSDDVPMVLVGNK_65	1
HRAS_g12d_2	HRAS_g12d	DSDDVPMVLVGNK_60	1
HRAS_g12d_2	HRAS_g12d	VKDSDDVPMVLVGNKCDLAAR_71	1
HRAS_g12d_2	HRAS_g12d	YGIPYIETSAK_0	1
HRAS_g12d_2	HRAS_g12d	VKDSDDVPMVLVGNKCDLAAR_34	1
HRAS_g12d_2	HRAS_g12d	DSDDVPMVLVGNKCDLAAR_43	2
HRAS_g12d_2	HRAS_g12d	DSDDVPMVLVGNK_22	1
HRAS_g12d_2	HRAS_g12d	SYGIPYIETSAK_315.1	1
HRAS_g12d_2	HRAS_g12d	SYGIPYIETSAK_22	3
HRAS_g12d_2	HRAS_g12d	SYGIPYIETSAK_446.3	1
HRAS_g12d_2	HRAS_g12d	VKDSDDVPMVLVGNK_54	1
HRAS_g12d_2	HRAS_g12d	SYGIPYIETSAK_58	1
HRAS_g12d_2	HRAS_g12d	SYGIPYIETSAK_43	3
HRAS_g12d_2	HRAS_g12d	DSDDVPMVLVGNK_71	1
HRAS_g12d_2	HRAS_g12d	VKDSDDVPMVLVGNK_325	1
HRAS_g12d_2	HRAS_g12d	SYGIPYIETSAKTR_43	1
HRAS_g12d_2	HRAS_g12d	SYGIPYIETSAK_28	4
HRAS_g12d_2	HRAS_g12d	QGVEDAFYTLVR_0	22
HRAS_g12d_2	HRAS_g12d	QGVEDAFYTLVR_16	3
HRAS_g12d_2	HRAS_g12d	LVVVGAGGVGK_43	1
HRAS_g12d_2	HRAS_g12d	VKDSDDVPMVLVGNK_71	1
HRAS_g12d_2	HRAS_g12d	SYGIPYIETSAK_196	1
HRAS_g12d_2	HRAS_g12d	TRQGVEDAFYTLVR_72	1
HRAS_g12d_2	HRAS_g12d	TRQGVEDAFYTLVR_0	8
HRAS_g12d_2	HRAS_g12d	TRQGVEDAFYTLVR_-17	1
HRAS_g12d_2	HRAS_g12d	SYGIPYIETSAK_1	1
HRAS_g12d_2	HRAS_g12d	TRQGVEDAFYTLVR_-18	1
HRAS_g12d_2	HRAS_g12d	VEDAFYTLVR_0	1
HRAS_g12d_2	HRAS_g12d	TRQGVEDAFYTLVR_43	3
HRAS_g12d_2	HRAS_g12d	SALTIQLIQNHFVDEYDPTIEDSYRK_34	1
HRAS_g12d_2	HRAS_g12d	TGEGFLCVFAINNTK_16	6
HRAS_g12d_2	HRAS_g12d	SALTIQLIQNHFVDEYDPTIEDSYRK_1	7
HRAS_g12d_2	HRAS_g12d	SYGIPYIETSAK_45	1
HRAS_g12d_2	HRAS_g12d	TGEGFLCVFAINNTK_1	5
HRAS_g12d_2	HRAS_g12d	TRQGVEDAFYTLVR_12	1
HRAS_g12d_2	HRAS_g12d	TRQGVEDAFYTLVR_28	2
HRAS_g12d_2	HRAS_g12d	TRQGVEDAFYTLVR_26	1
HRAS_g12d_2	HRAS_g12d	TRQGVEDAFYTLVR_196	2
HRAS_g12d_2	HRAS_g12d	SALTIQLIQNHFVDEYDPTIEDSYRK_104	1
HRAS_g12d_2	HRAS_g12d	SALTIQLIQNHFVDEYDPTIEDSYR_34	2
HRAS_g12d_2	HRAS_g12d	TGEGFLCVFAINNTK_156.1	1
HRAS_g12d_2	HRAS_g12d	DSDDVPMVLVGNK_325.2	1
HRAS_g12d_2	HRAS_g12d	TRQGVEDAFYTLVR_197	1
HRAS_g12d_2	HRAS_g12d	KQVVIDGETCLLDILDTAGQEEYSAMR_34	1
HRAS_g12d_2	HRAS_g12d	SALTIQLIQNHFVDEYDPTIEDSYRK_16	3
HRAS_g12d_2	HRAS_g12d	TRQGVEDAFYTLVR_45	1
HRAS_g12d_2	HRAS_g12d	TGEGFLCVFAINNTK_33.9	1
HRAS_g12d_2	HRAS_g12d	SALTIQLIQNHFVDEYDPTIEDSYRK_29	1
HRAS_g12d_2	HRAS_g12d	QGVEDAFYTLVR_43	6
HRAS_g12d_2	HRAS_g12d	QGVEDAFYTLVR_72	1
HRAS_g12d_2	HRAS_g12d	SALTIQLIQNHFVDEYDPTIEDSYRK_132	1
HRAS_g12d_2	HRAS_g12d	QGVEDAFYTLVR_37.9	1
HRAS_g12d_2	HRAS_g12d	QGVEDAFYTLVR_52.9	1
HRAS_g12d_2	HRAS_g12d	QGVEDAFYTLVR_361.2	1
HRAS_g12d_2	HRAS_g12d	QGVEDAFYTLVR_-18	3
HRAS_g12d_2	HRAS_g12d	SALTIQLIQNHFVDEYDPTIEDSYRK_-14	1
HRAS_g12d_2	HRAS_g12d	QGVEDAFYTLVR_22	1
HRAS_g12d_2	HRAS_g12d	SALTIQLIQNHFVDEYDPTIEDSYR_129.1	1
HRAS_g12d_2	HRAS_g12d	SALTIQLIQNHFVDEYDPTIEDSYR_131.1	1
HRAS_g12d_2	HRAS_g12d	SALTIQLIQNHFVDEYDPTIEDSYRK_0	18
HRAS_g12d_2	HRAS_g12d	QGVEDAFYTLVR_-17	10
HRAS_g12d_2	HRAS_g12d	SALTIQLIQNHFVDEYDPTIEDSYRK_72	1
HRAS_g12d_2	HRAS_g12d	SALTIQLIQNHFVDEYDPTIEDSYRK_-17	2
HRAS_g12d_2	HRAS_g12d	TRQGVEDAFYTLVR_0.1	1
HRAS_g12d_2	HRAS_g12d	QVVIDGETCLLDILDTAGQEEYSAMR_1	5
HRAS_g12d_2	HRAS_g12d	SALTIQLIQNHFVDEYDPTIEDSYRK_22	1
HRAS_g12d_2	HRAS_g12d	SALTIQLIQNHFVDEYDPTIEDSYRK_23	1
HRAS_g12d_2	HRAS_g12d	QGVEDAFYTLVR_26	1
HRAS_g12d_2	HRAS_g12d	SALTIQLIQNHFVDEYDPTIEDSYRK_28	2
HRAS_g12d_2	HRAS_g12d	SALTIQLIQNHFVDEYDPTIEDSYR_1	2
HRAS_g12d_2	HRAS_g12d	TGEGFLCVFAINNTK_184	1
HRAS_g12d_2	HRAS_g12d	KQVVIDGETCLLDILDTAGQEEYSAMR_0	9
HRAS_g12d_2	HRAS_g12d	QGVEDAFYTLVR_28	4
HRAS_g12d_2	HRAS_g12d	SALTIQLIQNHFVDEYDPTIEDSYRK_-1	1
HRAS_g12d_2	HRAS_g12d	VKDSDDVPMVLVGNK_1	1
HRAS_g12d_2	HRAS_g12d	KQVVIDGETCLLDILDTAGQEEYSAMR_1	4
HRAS_g12d_2	HRAS_g12d	KQVVIDGETCLLDILDTAGQEEYSAMR_4	1
HRAS_g12d_2	HRAS_g12d	TGEGFLCVFAINNTK_72	3
HRAS_g12d_2	HRAS_g12d	QVVIDGETCLLDILDTAGQEEYSAMR_33.9	1
HRAS_g12d_2	HRAS_g12d	SALTIQLIQNHFVDEYDPTIEDSYRK_196	1
HRAS_g12d_2	HRAS_g12d	TGEGFLCVFAINNTK_105	1
HRAS_g12d_2	HRAS_g12d	QGVEDAFYTLVR_218	1
HRAS_g12d_2	HRAS_g12d	SALTIQLIQNHFVDEYDPTIEDSYR_-14	1
HRAS_g12d_2	HRAS_g12d	TGEGFLCVFAINNTK_128.1	1
HRAS_g12d_2	HRAS_g12d	TGEGFLCVFAINNTK_0	23
HRAS_g12d_2	HRAS_g12d	TGEGFLCVFAINNTK_22	1
HRAS_g12d_2	HRAS_g12d	TGEGFLCVFAINNTK_44	2
HRAS_g12d_2	HRAS_g12d	TGEGFLCVFAINNTK_-17	1
HRAS_g12d_2	HRAS_g12d	TGEGFLCVFAINNTK_434.2	1
HRAS_g12d_2	HRAS_g12d	TGEGFLCVFAINNTKSFEDIHQYR_-14	1
HRAS_g12d_2	HRAS_g12d	SALTIQLIQNHFVDEYDPTIEDSYR_0	9
HRAS_g12d_2	HRAS_g12d	TGEGFLCVFAINNTKSFEDIHQYR_155	1
HRAS_g12d_2	HRAS_g12d	TGEGFLCVFAINNTK_200	1
HRAS_g12d_2	HRAS_g12d	QGVEDAFYTLVR_155.9	1
HRAS_g12d_2	HRAS_g12d	SALTIQLIQNHFVDEYDPTIEDSYR_-17	2
HRAS_g12d_2	HRAS_g12d	TGEGFLCVFAINNTK_168	1
HRAS_g12d_2	HRAS_g12d	SALTIQLIQNHFVDEYDPTIEDSYR_6	1
HRAS_g12d_2	HRAS_g12d	SALTIQLIQNHFVDEYDPTIEDSYRK_43	2
HRAS_g12d_2	HRAS_g12d	TGEGFLCVFAINNTK_17	1
HRAS_g12d_2	HRAS_g12d	TGEGFLCVFAINNTK_58	1
HRAS_g12d_2	HRAS_g12d	SALTIQLIQNHFVDEYDPTIEDSYR_22	2
HRAS_g12d_2	HRAS_g12d	QVVIDGETCLLDILDTAGQEEYSAMR_0	8
HRAS_g12d_2	HRAS_g12d	TRQGVEDAFYTLVREIR_0	1
HRAS_g12d_2	HRAS_g12d	TGEGFLCVFAINNTK_32	1
HRAS_g12d_2	HRAS_g12d	QVVIDGETCLLDILDTAGQEEYSAMR_-12	1
HRAS_g12d_2	HRAS_g12d	TGEGFLCVFAINNTK_28	5
HRAS_g12d_2	HRAS_g12d	TGEGFLCVFAINNTK_-73	1
HRAS_g12d_2	HRAS_g12d	TGEGFLCVFAINNTKSFEDIHQYR_7	1
HRAS_g12d_2	HRAS_g12d	TGEGFLCVFAINNTK_-14	1
HRAS_g12d_2	HRAS_g12d	TGEGFLCVFAINNTK_8	1
HRAS_g12d_2	HRAS_g12d	SALTIQLIQNHFVDEYDPTIEDSYR_171.1	1
HRAS_g12d_2	HRAS_g12d	SALTIQLIQNHFVDEYDPTIEDSYR_28	1
HRAS_g12d_2	HRAS_g12d	TGEGFLCVFAINNTK_152	1
HRAS_g12d_2	HRAS_g12d	SALTIQLIQNHFVDEYDPTIEDSYR_2	2
HRAS_g12d_2	HRAS_g12d	QGVEDAFYTLVR_125.9	1
HRAS_g12d_2	HRAS_g12d	QGVEDAFYTLVR_1	1
HRAS_g12d_2	HRAS_g12d	TGEGFLCVFAINNTK_26	1
HRAS_g12d_2	HRAS_g12d	TGEGFLCVFAINNTK_139	1
HRAS_g12d_2	HRAS_g12d	TGEGFLCVFAINNTK_138	1
HRAS_g12d_2	HRAS_g12d	TGEGFLCVFAINNTK_34	1
HRAS_g12d_2	HRAS_g12d	TGEGFLCVFAINNTK_304	1
HRAS_g12d_2	HRAS_g12d	TGEGFLCVFAINNTKSFEDIHQYR_-9	1
HRAS_g12d_2	HRAS_g12d	QVVIDGETCLLDILDTAGQEEYSAMR_144.1	1
HRAS_g12d_2	HRAS_g12d	KQVVIDGETCLLDILDTAGQEEYSAMR_68.9	1
HRAS_g12d_2	HRAS_g12d	TGEGFLCVFAINNTKSFEDIHQYR_44	1
HRAS_g12d_2	HRAS_g12d	TGEGFLCVFAINNTK_180	1
HRAS_g12d_2	HRAS_g12d	TGEGFLCVFAINNTK_29	1
HRAS_g12d_2	HRAS_g12d	KQVVIDGETCLLDILDTAGQEEYSAMRDQYMR_0	3
HRAS_g12d_2	HRAS_g12d	TGEGFLCVFAINNTK_196	1
HRAS_g12d_2	HRAS_g12d	TGEGFLCVFAINNTK_153	1
HRAS_g12d_2	HRAS_g12d	TGEGFLCVFAINNTK_218	1
HRAS_g12d_2	HRAS_g12d	SALTIQLIQNHFVDEYDPTIEDSYRK_26	1
HRAS_g12d_2	HRAS_g12d	SALTIQLIQNHFVDEYDPTIEDSYR_3	1
HRAS_g12d_2	HRAS_g12d	TGEGFLCVFAINNTK_102	1
HRAS_g12d_2	HRAS_g12d	TRQGVEDAFYTLVR_1	1
HRAS_g12d_2	HRAS_g12d	KQVVIDGETCLLDILDTAGQEEYSAMRDQYMR_28	1
HRAS_g12d_2	HRAS_g12d	QGVEDAFYTLVR_-1	1
HRAS_g12d_2	HRAS_g12d	QVVIDGETCLLDILDTAGQEEYSAMR_110.1	1
HRAS_g12d_2	HRAS_g12d	KQVVIDGETCLLDILDTAGQEEYSAMR_68	1
HRAS_g12d_2	HRAS_g12d	KQVVIDGETCLLDILDTAGQEEYSAMR_168	1
HRAS_g12d_2	HRAS_g12d	KQVVIDGETCLLDILDTAGQEEYSAMR_37.9	1
HRAS_g12d_2	HRAS_g12d	KQVVIDGETCLLDILDTAGQEEYSAMR_52.9	1
HRAS_g12d_2	HRAS_g12d	KQVVIDGETCLLDILDTAGQEEYSAMR_24	1
HRAS_g12d_2	HRAS_g12d	KQVVIDGETCLLDILDTAGQEEYSAMR_22	1
HRAS_g12d_2	HRAS_g12d	KQVVIDGETCLLDILDTAGQEEYSAMR_53.9	1
HRAS_g12d_2	HRAS_g12d	KQVVIDGETCLLDILDTAGQEEYSAMRDQYMR_152	1
HRAS_g12d_2	HRAS_g12d	KQVVIDGETCLLDILDTAGQEEYSAMR_28	1
HRAS_g12d_2	HRAS_g12d	KQVVIDGETCLLDILDTAGQEEYSAMRDQYMR_-7	1
HRAS_g12d_2	HRAS_g12d	KQVVIDGETCLLDILDTAGQEEYSAMR_154	1
HRAS_g12d_2	HRAS_g12d	QVVIDGETCLLDILDTAGQEEYSAMRDQYMR_0	2
HRAS_g12d_2	HRAS_g12d	QVVIDGETCLLDILDTAGQEEYSAMR_-13	1
HRAS_g12d_2	HRAS_g12d	TGEGFLCVFAINNTK_43	3
HRAS_g12d_2	HRAS_g12d	QVVIDGETCLLDILDTAGQEEYSAMR_38	2
HRAS_g12d_2	HRAS_g12d	KQVVIDGETCLLDILDTAGQEEYSAMR_-9	1
HRAS_g12d_2	HRAS_g12d	TGEGFLCVFAINNTK_-9	1
HRAS_g12d_2	HRAS_g12d	QVVIDGETCLLDILDTAGQEEYSAMR_-18	1
HRAS_g12d_2	HRAS_g12d	QVVIDGETCLLDILDTAGQEEYSAMRDQYMR_28	1
HRAS_g12d_2	HRAS_g12d	TGEGFLCVFAINNTK_12.9	1
HRAS_g12d_2	HRAS_g12d	TGEGFLCVFAINNTK_28.9	1
HRAS_g12d_2	HRAS_g12d	VEDAFYTLVR_273.1	1
HRAS_g12d_2	HRAS_g12d	SALTIQLIQNHFVDEYDPTIEDSYR_43	1
HRAS_g12d_2	HRAS_g12d	TGEGFLCVFAINNTK_65	1
HRAS_g12d_2	HRAS_g12d	QVVIDGETCLLDILDTAGQEEYSAMR_28	2
HRAS_g12d_2	HRAS_g12d	QVVIDGETCLLDILDTAGQEEYSAMR_22	2
HRAS_g12d_2	HRAS_g12d	QVVIDGETCLLDILDTAGQEEYSAMR_56.9	1
HRAS_g12d_2	HRAS_g12d	QVVIDGETCLLDILDTAGQEEYSAMR_52.9	1
HRAS_g12d_2	HRAS_g12d	QGVEDAFYTLVR_71	1
HRAS_g12d_2	HRAS_g12d	TGEGFLCVFAINNTK_50	1
HRAS_g12d_2	HRAS_g12d	QVVIDGETCLLDILDTAGQEEYSAMR_155	1
HRAS_g12d_2	HRAS_g12d	VEDAFYTLVR_213.1	1
HRAS_g12d_2	HRAS_g12d	QVVIDGETCLLDILDTAGQEEYSAMR_196	1
HRAS_g12d_2	HRAS_g12d	QVVIDGETCLLDILDTAGQEEYSAMR_45	1
HRAS_g12d_2	HRAS_g12d	QVVIDGETCLLDILDTAGQEEYSAMRDQYMR_-16	1
HRAS_g12d_2	HRAS_g12d	TGEGFLCVFAINNTK_6.9	1
HRAS_g12d_2	HRAS_g12d	QGVEDAFYTLVR_0.1	1
HRAS_g12d_2	HRAS_g12d	TGEGFLCVFAINNTK_110	1
HRAS_g12d_2	HRAS_g12d	KQVVIDGETCLLDILDTAGQEEYSAMR_43	1
HRAS_g12d_2	HRAS_g12d	TGEGFLCVFAINNTK_40	1
HRAS_g12d_2	HRAS_g12d	QVVIDGETCLLDILDTAGQEEYSAMR_-17	2
HRAS_g12d_2	HRAS_g12d	TGEGFLCVFAINNTK_325	1
HRAS_g12d_2	HRAS_g12d	QVVIDGETCLLDILDTAGQEEYSAMR_20.9	1
HRAS_g12d_2	HRAS_g12d	TGEGFLCVFAINNTK_117.1	1
HRAS_g12d_2	HRAS_g12d	QVVIDGETCLLDILDTAGQEEYSAMR_43	1
HRAS_g12d_2	HRAS_g12d	QGVEDAFYTLVR_204.2	1
HRAS_g12d_2	HRAS_g12d	TGEGFLCVFAINNTK_45	1
HRAS_g12d_2	HRAS_g12d	QVVIDGETCLLDILDTAGQEEYSAMR_2	1
HRAS_g12d_2	HRAS_g12d	SALTIQLIQNHFVDEYDPTIEDSYRK_2	2
HRAS_g12d_2	HRAS_g12d	KQVVIDGETCLLDILDTAGQEEYSAMR_3	1
HRAS_g12d_2	HRAS_g12d	QGVEDAFYTLVR_2	1
HRAS_g12d_3	HRAS_g12d	KLNPPDESGPGCMSCK_134	3
HRAS_g12d_3	HRAS_g12d	KLNPPDESGPGCMSCK_0	13
HRAS_g12d_3	HRAS_g12d	KLNPPDESGPGCMSCK_52.9	1
HRAS_g12d_3	HRAS_g12d	KLNPPDESGPGCMSCK_17	1
HRAS_g12d_3	HRAS_g12d	LNPPDESGPGCMSCK_0	8
HRAS_g12d_3	HRAS_g12d	KLNPPDESGPGCMSCK_7	1
HRAS_g12d_3	HRAS_g12d	KLNPPDESGPGCMSCK_-7.1	1
HRAS_g12d_3	HRAS_g12d	KLNPPDESGPGCMSCK_152	4
HRAS_g12d_3	HRAS_g12d	KLNPPDESGPGCMSCK_-2.1	1
HRAS_g12d_3	HRAS_g12d	SFEDIHQYR_16	1
HRAS_g12d_3	HRAS_g12d	KLNPPDESGPGCMSCK_213	1
HRAS_g12d_3	HRAS_g12d	KLNPPDESGPGCMSCK_196	5
HRAS_g12d_3	HRAS_g12d	LNPPDESGPGCMSCK_28	4
HRAS_g12d_3	HRAS_g12d	KLNPPDESGPGCMSCK_180	3
HRAS_g12d_3	HRAS_g12d	KLNPPDESGPGCMSCK_153	3
HRAS_g12d_3	HRAS_g12d	KLNPPDESGPGCMSCK_43	9
HRAS_g12d_3	HRAS_g12d	KLNPPDESGPGCMSCK_22	1
HRAS_g12d_3	HRAS_g12d	KLNPPDESGPGCMSCK_58	4
HRAS_g12d_3	HRAS_g12d	KLNPPDESGPGCMSCK_168	1
HRAS_g12d_3	HRAS_g12d	LNPPDESGPGCMSCK_156.1	1
HRAS_g12d_3	HRAS_g12d	KLNPPDESGPGCMSCK_-9	3
HRAS_g12d_3	HRAS_g12d	KLNPPDESGPGCMSCK_44	1
HRAS_g12d_3	HRAS_g12d	SFEDIHQYR_14	1
HRAS_g12d_3	HRAS_g12d	KLNPPDESGPGCMSCK_12	1
HRAS_g12d_3	HRAS_g12d	LNPPDESGPGCMSCK_22	1
HRAS_g12d_3	HRAS_g12d	KLNPPDESGPGCMSCK_29	1
HRAS_g12d_3	HRAS_g12d	KLNPPDESGPGCMSCK_227	1
HRAS_g12d_3	HRAS_g12d	KLNPPDESGPGCMSCK_138	1
HRAS_g12d_3	HRAS_g12d	SFEDIHQYR_0	5
HRAS_g12d_3	HRAS_g12d	SFEDIHQYR_22	1
HRAS_g12d_3	HRAS_g12d	KLNPPDESGPGCMSCK_55	4
HRAS_g12d_3	HRAS_g12d	KLNPPDESGPGCMSCK_42	1
HRAS_g12d_3	HRAS_g12d	RVKDSDDVPMVLVGNK_0	4
HRAS_g12d_3	HRAS_g12d	KLNPPDESGPGCMSCK_304	3
HRAS_g12d_3	HRAS_g12d	LNPPDESGPGCMSCK_152	1
HRAS_g12d_3	HRAS_g12d	SFEDIHQYR_1	1
HRAS_g12d_3	HRAS_g12d	LNPPDESGPGCMSCK_43	4
HRAS_g12d_3	HRAS_g12d	LVVVGAGGVGK_58	45
HRAS_g12d_3	HRAS_g12d	SFEDIHQYREQIK_0	1
HRAS_g12d_3	HRAS_g12d	LVVVGAGGVGK_1	1
HRAS_g12d_3	HRAS_g12d	SFEDIHQYR_196	3
HRAS_g12d_3	HRAS_g12d	YDPTIEDSYR_0	1
HRAS_g12d_3	HRAS_g12d	KLNPPDESGPGCMSCK_56	1
HRAS_g12d_3	HRAS_g12d	KLNPPDESGPGCMSCK_71	1
HRAS_g12d_3	HRAS_g12d	SYGIPYIETSAK_-12	1
HRAS_g12d_3	HRAS_g12d	VKDSDDVPMVLVGNKCDLAAR_0	14
HRAS_g12d_3	HRAS_g12d	VKDSDDVPMVLVGNK_0	25
HRAS_g12d_3	HRAS_g12d	VKDSDDVPMVLVGNK_2	1
HRAS_g12d_3	HRAS_g12d	VKDSDDVPMVLVGNK_1	1
HRAS_g12d_3	HRAS_g12d	SYGIPYIETSAK_16	4
HRAS_g12d_3	HRAS_g12d	VKDSDDVPMVLVGNK_-17	1
HRAS_g12d_3	HRAS_g12d	VKDSDDVPMVLVGNKCDLAAR_52.9	4
HRAS_g12d_3	HRAS_g12d	SFEDIHQYR_43	4
HRAS_g12d_3	HRAS_g12d	VKDSDDVPMVLVGNKCDLAAR_99.9	1
HRAS_g12d_3	HRAS_g12d	VKDSDDVPMVLVGNKCDLAAR_446.3	1
HRAS_g12d_3	HRAS_g12d	VKDSDDVPMVLVGNKCDLAAR_37.9	1
HRAS_g12d_3	HRAS_g12d	VKDSDDVPMVLVGNKCDLAAR_1	1
HRAS_g12d_3	HRAS_g12d	VKDSDDVPMVLVGNKCDLAAR_22	1
HRAS_g12d_3	HRAS_g12d	VKDSDDVPMVLVGNKCDLAAR_61.9	1
HRAS_g12d_3	HRAS_g12d	VKDSDDVPMVLVGNKCDLAAR_-15	1
HRAS_g12d_3	HRAS_g12d	VKDSDDVPMVLVGNKCDLAAR_41	1
HRAS_g12d_3	HRAS_g12d	SDDVPMVLVGNK_0	3
HRAS_g12d_3	HRAS_g12d	SFEDIHQYR_125.9	1
HRAS_g12d_3	HRAS_g12d	VKDSDDVPMVLVGNK_196	4
HRAS_g12d_3	HRAS_g12d	SFEDIHQYR_28	1
HRAS_g12d_3	HRAS_g12d	VKDSDDVPMVLVGNKCDLAAR_28	6
HRAS_g12d_3	HRAS_g12d	VKDSDDVPMVLVGNKCDLAAR_-14	5
HRAS_g12d_3	HRAS_g12d	DSDDVPMVLVGNK_0	11
HRAS_g12d_3	HRAS_g12d	DSDDVPMVLVGNK_22	1
HRAS_g12d_3	HRAS_g12d	VKDSDDVPMVLVGNKCDLAAR_-25	1
HRAS_g12d_3	HRAS_g12d	VKDSDDVPMVLVGNKCDLAAR_152	5
HRAS_g12d_3	HRAS_g12d	VKDSDDVPMVLVGNKCDLAAR_-9	3
HRAS_g12d_3	HRAS_g12d	VKDSDDVPMVLVGNKCDLAAR_12.9	1
HRAS_g12d_3	HRAS_g12d	VKDSDDVPMVLVGNKCDLAAR_196	4
HRAS_g12d_3	HRAS_g12d	VKDSDDVPMVLVGN_0	1
HRAS_g12d_3	HRAS_g12d	SDDVPMVLVGNKCDLAAR_0	3
HRAS_g12d_3	HRAS_g12d	SFEDIHQYR_56	1
HRAS_g12d_3	HRAS_g12d	VKDSDDVPMVLVGNK_43	19
HRAS_g12d_3	HRAS_g12d	SYGIPYIETSAK_0	24
HRAS_g12d_3	HRAS_g12d	VKDSDDVPMVLVGNK_22	3
HRAS_g12d_3	HRAS_g12d	VKDSDDVPMVLVGNK_6	1
HRAS_g12d_3	HRAS_g12d	VKDSDDVPMVLVGNK_312.1	1
HRAS_g12d_3	HRAS_g12d	VKDSDDVPMVLVGNKCDLAAR_139	1
HRAS_g12d_3	HRAS_g12d	RVKDSDDVPMVLVGNK_346.2	1
HRAS_g12d_3	HRAS_g12d	DSDDVPMVLVGNK_28	3
HRAS_g12d_3	HRAS_g12d	DSDDVPMVLVGNKCDLAAR_0	3
HRAS_g12d_3	HRAS_g12d	DSDDVPMVLVGNK_32	1
HRAS_g12d_3	HRAS_g12d	DSDDVPMVLVGNKCDLAAR_52.9	1
HRAS_g12d_3	HRAS_g12d	VKDSDDVPMVLVGNKCDLAAR_180	1
HRAS_g12d_3	HRAS_g12d	VKDSDDVPMVLVGNKCDLAAR_43	9
HRAS_g12d_3	HRAS_g12d	VKDSDDVPMVLVGNKCDLAAR_158.1	1
HRAS_g12d_3	HRAS_g12d	VKDSDDVPMVLVGNKCDLAAR_6.9	1
HRAS_g12d_3	HRAS_g12d	VKDSDDVPMVLVGNKCDLAAR_315.1	1
HRAS_g12d_3	HRAS_g12d	VKDSDDVPMVLVGNK_28	1
HRAS_g12d_3	HRAS_g12d	VKDSDDVPMVLVGNKCDLAAR_169	1
HRAS_g12d_3	HRAS_g12d	RVKDSDDVPMVLVGN_0	3
HRAS_g12d_3	HRAS_g12d	VKDSDDVPMVLVGNKCDLAAR_304	3
HRAS_g12d_3	HRAS_g12d	DSDDVPMVLVGNK_-17	1
HRAS_g12d_3	HRAS_g12d	DSDDVPMVLVGNKCDLAAR_-14	1
HRAS_g12d_3	HRAS_g12d	DSDDVPMVLVGNKCDLAAR_28	1
HRAS_g12d_3	HRAS_g12d	TRQGVEDAFYTLVR_16	3
HRAS_g12d_3	HRAS_g12d	VKDSDDVPMVLVGNKCDLAAR_95.9	1
HRAS_g12d_3	HRAS_g12d	DSDDVPMVLVGNKCDLAAR_152	1
HRAS_g12d_3	HRAS_g12d	DSDDVPMVLVGNKCDLAAR_-9	1
HRAS_g12d_3	HRAS_g12d	VKDSDDVPMVLVGNKCDLAAR_-18	1
HRAS_g12d_3	HRAS_g12d	VKDSDDVPMVLVGNKCDLAAR_138	3
HRAS_g12d_3	HRAS_g12d	DSDDVPMVLVGNK_43	3
HRAS_g12d_3	HRAS_g12d	DSDDVPMVLVGNK_60	1
HRAS_g12d_3	HRAS_g12d	VKDSDDVPMVLVGNKCDLAAR_71	1
HRAS_g12d_3	HRAS_g12d	YGIPYIETSAK_0	1
HRAS_g12d_3	HRAS_g12d	DSDDVPMVLVGNKCDLAAR_43	5
HRAS_g12d_3	HRAS_g12d	VKDSDDVPMVLVGNKCDLAAR_153	1
HRAS_g12d_3	HRAS_g12d	TRQGVEDAFYTLVR_0	23
HRAS_g12d_3	HRAS_g12d	SYGIPYIETSAK_315.1	1
HRAS_g12d_3	HRAS_g12d	SYGIPYIETSAK_58	1
HRAS_g12d_3	HRAS_g12d	VKDSDDVPMVLVGNKCDLAAR_79.9	1
HRAS_g12d_3	HRAS_g12d	DSDDVPMVLVGNK_1	1
HRAS_g12d_3	HRAS_g12d	QGVEDAFYTLVR_0	25
HRAS_g12d_3	HRAS_g12d	VKDSDDVPMVLVGNKCDLAAR_44	1
HRAS_g12d_3	HRAS_g12d	LVVVGAGGVGK_43	1
HRAS_g12d_3	HRAS_g12d	VKDSDDVPMVLVGNK_44	3
HRAS_g12d_3	HRAS_g12d	SYGIPYIETSAK_28	1
HRAS_g12d_3	HRAS_g12d	VKDSDDVPMVLVGNKCDLAAR_72	1
HRAS_g12d_3	HRAS_g12d	QGVEDAFYTLVR_16	5
HRAS_g12d_3	HRAS_g12d	VKDSDDVPMVLVGNK_72	1
HRAS_g12d_3	HRAS_g12d	TRQGVEDAFYTLVR_1	5
HRAS_g12d_3	HRAS_g12d	SYGIPYIETSAK_196	1
HRAS_g12d_3	HRAS_g12d	TRQGVEDAFYTLVR_72	1
HRAS_g12d_3	HRAS_g12d	TRQGVEDAFYTLVR_22	1
HRAS_g12d_3	HRAS_g12d	TRQGVEDAFYTLVR_-18	1
HRAS_g12d_3	HRAS_g12d	TRQGVEDAFYTLVR_-17	1
HRAS_g12d_3	HRAS_g12d	VEDAFYTLVR_0	1
HRAS_g12d_3	HRAS_g12d	QGVEDAFYTLVR_-17	13
HRAS_g12d_3	HRAS_g12d	QGVEDAFYTLVR_43	5
HRAS_g12d_3	HRAS_g12d	TGEGFLCVFAINNTK_16	10
HRAS_g12d_3	HRAS_g12d	SYGIPYIETSAK_45	1
HRAS_g12d_3	HRAS_g12d	TRQGVEDAFYTLVR_28	4
HRAS_g12d_3	HRAS_g12d	QGVEDAFYTLVR_-18	4
HRAS_g12d_3	HRAS_g12d	SYGIPYIETSAK_43	1
HRAS_g12d_3	HRAS_g12d	TRQGVEDAFYTLVR_26	1
HRAS_g12d_3	HRAS_g12d	TGEGFLCVFAINNTK_156.1	1
HRAS_g12d_3	HRAS_g12d	TGEGFLCVFAINNTK_128.1	1
HRAS_g12d_3	HRAS_g12d	TRQGVEDAFYTLVR_196	1
HRAS_g12d_3	HRAS_g12d	SALTIQLIQNHFVDEYDPTIEDSYRK_1	1
HRAS_g12d_3	HRAS_g12d	TRQGVEDAFYTLVR_45	1
HRAS_g12d_3	HRAS_g12d	TRQGVEDAFYTLVR_197	1
HRAS_g12d_3	HRAS_g12d	VEDAFYTLVR_57	1
HRAS_g12d_3	HRAS_g12d	QGVEDAFYTLVR_72	1
HRAS_g12d_3	HRAS_g12d	QGVEDAFYTLVR_22	1
HRAS_g12d_3	HRAS_g12d	SALTIQLIQNHFVDEYDPTIEDSYRK_0	10
HRAS_g12d_3	HRAS_g12d	SALTIQLIQNHFVDEYDPTIEDSYRK_22	1
HRAS_g12d_3	HRAS_g12d	TGEGFLCVFAINNTK_17	3
HRAS_g12d_3	HRAS_g12d	QGVEDAFYTLVR_28	3
HRAS_g12d_3	HRAS_g12d	SALTIQLIQNHFVDEYDPTIEDSYR_1	3
HRAS_g12d_3	HRAS_g12d	TRQGVEDAFYTLVR_43	4
HRAS_g12d_3	HRAS_g12d	TGEGFLCVFAINNTK_72	1
HRAS_g12d_3	HRAS_g12d	TGEGFLCVFAINNTK_0	24
HRAS_g12d_3	HRAS_g12d	TGEGFLCVFAINNTK_44.9	3
HRAS_g12d_3	HRAS_g12d	SYGIPYIETSAK_88	1
HRAS_g12d_3	HRAS_g12d	QGVEDAFYTLVR_196	3
HRAS_g12d_3	HRAS_g12d	GEGFLCVFAINNTK_0	1
HRAS_g12d_3	HRAS_g12d	TGEGFLCVFAINNTK_22	1
HRAS_g12d_3	HRAS_g12d	TGEGFLCVFAINNTK_-17	1
HRAS_g12d_3	HRAS_g12d	TGEGFLCVFAINNTK_434.2	1
HRAS_g12d_3	HRAS_g12d	TGEGFLCVFAINNTKSFEDIHQYR_-11	1
HRAS_g12d_3	HRAS_g12d	QGVEDAFYTLVR_155.9	1
HRAS_g12d_3	HRAS_g12d	TGEGFLCVFAINNTK_28	6
HRAS_g12d_3	HRAS_g12d	SALTIQLIQNHFVDEYDPTIEDSYR_-16	1
HRAS_g12d_3	HRAS_g12d	TGEGFLCVFAINNTK_168	1
HRAS_g12d_3	HRAS_g12d	TRQGVEDAFYTLVR_444.9	1
HRAS_g12d_3	HRAS_g12d	SALTIQLIQNHFVDEYDPTIEDSYR_0	4
HRAS_g12d_3	HRAS_g12d	QVVIDGETCLLDILDTAGQEEYSAMR_0	5
HRAS_g12d_3	HRAS_g12d	TGEGFLCVFAINNTK_-14	1
HRAS_g12d_3	HRAS_g12d	TGEGFLCVFAINNTK_8	1
HRAS_g12d_3	HRAS_g12d	TGEGFLCVFAINNTK_1	5
HRAS_g12d_3	HRAS_g12d	TGEGFLCVFAINNTK_153	1
HRAS_g12d_3	HRAS_g12d	SALTIQLIQNHFVDEYDPTIEDSYR_28	1
HRAS_g12d_3	HRAS_g12d	QGVEDAFYTLVR_125.9	1
HRAS_g12d_3	HRAS_g12d	TGEGFLCVFAINNTK_26	3
HRAS_g12d_3	HRAS_g12d	TGEGFLCVFAINNTK_34	1
HRAS_g12d_3	HRAS_g12d	TGEGFLCVFAINNTK_304	1
HRAS_g12d_3	HRAS_g12d	TGEGFLCVFAINNTKSFEDIHQYR_-9	1
HRAS_g12d_3	HRAS_g12d	TGEGFLCVFAINNTK_196	1
HRAS_g12d_3	HRAS_g12d	KQVVIDGETCLLDILDTAGQEEYSAMR_0	4
HRAS_g12d_3	HRAS_g12d	KQVVIDGETCLLDILDTAGQEEYSAMRDQYMR_0	1
HRAS_g12d_3	HRAS_g12d	SALTIQLIQNHFVDEYDPTIEDSYRK_43	3
HRAS_g12d_3	HRAS_g12d	SALTIQLIQNHFVDEYDPTIEDSYRK_28	1
HRAS_g12d_3	HRAS_g12d	KQVVIDGETCLLDILDTAGQEEYSAMRDQYMR_28	1
HRAS_g12d_3	HRAS_g12d	TGEGFLCVFAINNTK_21	1
HRAS_g12d_3	HRAS_g12d	KQVVIDGETCLLDILDTAGQEEYSAMR_52.9	1
HRAS_g12d_3	HRAS_g12d	KQVVIDGETCLLDILDTAGQEEYSAMR_38	1
HRAS_g12d_3	HRAS_g12d	KQVVIDGETCLLDILDTAGQEEYSAMR_28	1
HRAS_g12d_3	HRAS_g12d	KQVVIDGETCLLDILDTAGQEEYSAMR_153	1
HRAS_g12d_3	HRAS_g12d	QVVIDGETCLLDILDTAGQEEYSAMRDQYMR_3	1
HRAS_g12d_3	HRAS_g12d	TGEGFLCVFAINNTK_59	1
HRAS_g12d_3	HRAS_g12d	TGEGFLCVFAINNTK_43	1
HRAS_g12d_3	HRAS_g12d	TGEGFLCVFAINNTK_-9	1
HRAS_g12d_3	HRAS_g12d	TGEGFLCVFAINNTK_12.9	1
HRAS_g12d_3	HRAS_g12d	SALTIQLIQNHFVDEYDPTIEDSYR_43	1
HRAS_g12d_3	HRAS_g12d	TGEGFLCVFAINNTK_28.9	1
HRAS_g12d_3	HRAS_g12d	QVVIDGETCLLDILDTAGQEEYSAMR_1	1
HRAS_g12d_3	HRAS_g12d	QVVIDGETCLLDILDTAGQEEYSAMR_22	1
HRAS_g12d_3	HRAS_g12d	QVVIDGETCLLDILDTAGQEEYSAMR_38	1
HRAS_g12d_3	HRAS_g12d	QVVIDGETCLLDILDTAGQEEYSAMR_52.9	1
HRAS_g12d_3	HRAS_g12d	TGEGFLCVFAINNTK_130	1
HRAS_g12d_3	HRAS_g12d	QGVEDAFYTLVR_71	1
HRAS_g12d_3	HRAS_g12d	QVVIDGETCLLDILDTAGQEEYSAMR_28	1
HRAS_g12d_3	HRAS_g12d	QGVEDAFYTLVR_-85.1	1
HRAS_g12d_3	HRAS_g12d	TGEGFLCVFAINNTK_54	1
HRAS_g12d_3	HRAS_g12d	QVVIDGETCLLDILDTAGQEEYSAMR_45	1
HRAS_g12d_3	HRAS_g12d	KQVVIDGETCLLDILDTAGQEEYSAMR_43	1
HRAS_g12d_3	HRAS_g12d	QGVEDAFYTLVR_0.1	1
HRAS_g12d_3	HRAS_g12d	TRQGVEDAFYTLVR_324	1
HRAS_g12d_3	HRAS_g12d	TGEGFLCVFAINNTK_40	1
HRAS_g12d_3	HRAS_g12d	QVVIDGETCLLDILDTAGQEEYSAMRDQYMR_-17	1
HRAS_g12d_3	HRAS_g12d	TGEGFLCVFAINNTK_324	1
HRAS_g12d_3	HRAS_g12d	QVVIDGETCLLDILDTAGQEEYSAMR_-17	4
HRAS_g12d_3	HRAS_g12d	QVVIDGETCLLDILDTAGQEEYSAMR_20.9	1
HRAS_g12d_3	HRAS_g12d	TGEGFLCVFAINNTK_116.1	1
HRAS_g12d_3	HRAS_g12d	QVVIDGETCLLDILDTAGQEEYSAMR_30	1
HRAS_g12d_3	HRAS_g12d	QVVIDGETCLLDILDTAGQEEYSAMR_43	1
HRAS_g12d_3	HRAS_g12d	LVVVGAGGVGK_58.1	1
