HRAS_wt_1	HRAS_wt	KLNPPDESGPGCMSCK_0	2
HRAS_wt_1	HRAS_wt	KLNPPDESGPGCMSCK_28	1
HRAS_wt_1	HRAS_wt	LNPPDESGPGCMSCK_0	2
HRAS_wt_1	HRAS_wt	KLNPPDESGPGCMSCK_152	1
HRAS_wt_1	HRAS_wt	KLNPPDESGPGCMSCK_196	1
HRAS_wt_1	HRAS_wt	LNPPDESGPGCMSCK_28	1
HRAS_wt_1	HRAS_wt	KLNPPDESGPGCMSCK_43	2
HRAS_wt_1	HRAS_wt	SFEDIHQYR_0	1
HRAS_wt_1	HRAS_wt	LNPPDESGPGCMSCK_43	1
HRAS_wt_1	HRAS_wt	LVVVGAGGVGK_0	7
HRAS_wt_1	HRAS_wt	VKDSDDVPMVLVGNK_0	3
HRAS_wt_1	HRAS_wt	VKDSDDVPMVLVGNK_28	1
HRAS_wt_1	HRAS_wt	VKDSDDVPMVLVGNKCDLAAR_0	1
HRAS_wt_1	HRAS_wt	VKDSDDVPMVLVGNKCDLAAR_52.9	1
HRAS_wt_1	HRAS_wt	SDDVPMVLVGNK_0	1
HRAS_wt_1	HRAS_wt	VKDSDDVPMVLVGNK_196	1
HRAS_wt_1	HRAS_wt	LVVVGAGGVGK_0.9	1
HRAS_wt_1	HRAS_wt	VKDSDDVPMVLVGNKCDLAAR_28	1
HRAS_wt_1	HRAS_wt	VKDSDDVPMVLVGNKCDLAAR_-14	1
HRAS_wt_1	HRAS_wt	DSDDVPMVLVGNK_0	2
HRAS_wt_1	HRAS_wt	VKDSDDVPMVLVGNKCDLAAR_152	1
HRAS_wt_1	HRAS_wt	VKDSDDVPMVLVGNK_43	1
HRAS_wt_1	HRAS_wt	DSDDVPMVLVGNK_28	1
HRAS_wt_1	HRAS_wt	LVVVGAGGVGK_-0.1	1
HRAS_wt_1	HRAS_wt	VKDSDDVPMVLVGNKCDLAAR_43	1
HRAS_wt_1	HRAS_wt	DSDDVPMVLVGNK_196	1
HRAS_wt_1	HRAS_wt	DSDDVPMVLVGNK_43	1
HRAS_wt_1	HRAS_wt	VKDSDDVPMVLVGNKCDLAAR_71	1
HRAS_wt_1	HRAS_wt	SYGIPYIETSAK_0	1
HRAS_wt_1	HRAS_wt	SYGIPYIETSAK_28	1
HRAS_wt_1	HRAS_wt	QGVEDAFYTLVR_16	1
HRAS_wt_1	HRAS_wt	LVVVGAGGVGK_43	6
HRAS_wt_1	HRAS_wt	TRQGVEDAFYTLVR_0	1
HRAS_wt_1	HRAS_wt	QGVEDAFYTLVR_0	3
HRAS_wt_1	HRAS_wt	TGEGFLCVFAINNTK_16	1
HRAS_wt_1	HRAS_wt	TRQGVEDAFYTLVR_28	1
HRAS_wt_1	HRAS_wt	SYGIPYIETSAK_43	1
HRAS_wt_1	HRAS_wt	TRQGVEDAFYTLVR_196	1
HRAS_wt_1	HRAS_wt	SALTIQLIQNHFVDEYDPTIEDSYRK_1	2
HRAS_wt_1	HRAS_wt	SALTIQLIQNHFVDEYDPTIEDSYRK_-14	1
HRAS_wt_1	HRAS_wt	SALTIQLIQNHFVDEYDPTIEDSYRK_29	1
HRAS_wt_1	HRAS_wt	QGVEDAFYTLVR_43	1
HRAS_wt_1	HRAS_wt	SALTIQLIQNHFVDEYDPTIEDSYRK_0	6
HRAS_wt_1	HRAS_wt	QGVEDAFYTLVR_-18	1
HRAS_wt_1	HRAS_wt	SALTIQLIQNHFVDEYDPTIEDSYRK_-17	1
HRAS_wt_1	HRAS_wt	SALTIQLIQNHFVDEYDPTIEDSYRK_22	1
HRAS_wt_1	HRAS_wt	SALTIQLIQNHFVDEYDPTIEDSYRK_28	1
HRAS_wt_1	HRAS_wt	SALTIQLIQNHFVDEYDPTIEDSYR_1	1
HRAS_wt_1	HRAS_wt	KQVVIDGETCLLDILDTAGQEEYSAMR_1	1
HRAS_wt_1	HRAS_wt	QGVEDAFYTLVR_28	1
HRAS_wt_1	HRAS_wt	QGVEDAFYTLVR_1	1
HRAS_wt_1	HRAS_wt	TRQGVEDAFYTLVR_43	1
HRAS_wt_1	HRAS_wt	TGEGFLCVFAINNTK_0	5
HRAS_wt_1	HRAS_wt	SALTIQLIQNHFVDEYDPTIEDSYRK_43	1
HRAS_wt_1	HRAS_wt	SALTIQLIQNHFVDEYDPTIEDSYR_22	1
HRAS_wt_1	HRAS_wt	SALTIQLIQNHFVDEYDPTIEDSYR_0	1
HRAS_wt_1	HRAS_wt	SALTIQLIQNHFVDEYDPTIEDSYR_37.9	1
HRAS_wt_1	HRAS_wt	QVVIDGETCLLDILDTAGQEEYSAMR_0	3
HRAS_wt_1	HRAS_wt	TGEGFLCVFAINNTK_28	1
HRAS_wt_1	HRAS_wt	TGEGFLCVFAINNTK_1	1
HRAS_wt_1	HRAS_wt	SALTIQLIQNHFVDEYDPTIEDSYR_28	1
HRAS_wt_1	HRAS_wt	QVVIDGETCLLDILDTAGQEEYSAMR_144.1	1
HRAS_wt_1	HRAS_wt	TGEGFLCVFAINNTK_138	1
HRAS_wt_1	HRAS_wt	KQVVIDGETCLLDILDTAGQEEYSAMR_0	1
HRAS_wt_1	HRAS_wt	QGVEDAFYTLVR_-17	1
HRAS_wt_1	HRAS_wt	KQVVIDGETCLLDILDTAGQEEYSAMR_22	1
HRAS_wt_1	HRAS_wt	KQVVIDGETCLLDILDTAGQEEYSAMR_52.9	1
HRAS_wt_1	HRAS_wt	KQVVIDGETCLLDILDTAGQEEYSAMR_28	1
HRAS_wt_1	HRAS_wt	QVVIDGETCLLDILDTAGQEEYSAMRDQYMR_0	1
HRAS_wt_1	HRAS_wt	QVVIDGETCLLDILDTAGQEEYSAMR_22	1
HRAS_wt_1	HRAS_wt	KQVVIDGETCLLDILDTAGQEEYSAMR_43	1
HRAS_wt_1	HRAS_wt	QVVIDGETCLLDILDTAGQEEYSAMR_43	1
HRAS_wt_1	HRAS_wt	SALTIQLIQNHFVDEYDPTIEDSYRK_2	1
HRAS_wt_2	HRAS_wt	KLNPPDESGPGCMSCK_0	2
HRAS_wt_2	HRAS_wt	KLNPPDESGPGCMSCK_1	1
HRAS_wt_2	HRAS_wt	LNPPDESGPGCMSCK_0	2
HRAS_wt_2	HRAS_wt	LNPPDESGPGCMSCK_1	1
HRAS_wt_2	HRAS_wt	KLNPPDESGPGCMSCK_43	2
HRAS_wt_2	HRAS_wt	LNPPDESGPGCMSCK_28	1
HRAS_wt_2	HRAS_wt	LVVVGAGGVGK_128.1	1
HRAS_wt_2	HRAS_wt	KLNPPDESGPGCMSCK_152	1
HRAS_wt_2	HRAS_wt	KLNPPDESGPGCMSCK_196	1
HRAS_wt_2	HRAS_wt	SFEDIHQYR_0	1
HRAS_wt_2	HRAS_wt	LVVVGAGGVGK_-0.1	1
HRAS_wt_2	HRAS_wt	LVVVGAGGVGK_0	9
HRAS_wt_2	HRAS_wt	VKDSDDVPMVLVGNK_0	3
HRAS_wt_2	HRAS_wt	VKDSDDVPMVLVGNK_22	1
HRAS_wt_2	HRAS_wt	LNPPDESGPGCMSCK_43	1
HRAS_wt_2	HRAS_wt	VKDSDDVPMVLVGNKCDLAAR_0	1
HRAS_wt_2	HRAS_wt	VKDSDDVPMVLVGNKCDLAAR_52.9	1
HRAS_wt_2	HRAS_wt	SDDVPMVLVGNK_0	1
HRAS_wt_2	HRAS_wt	VKDSDDVPMVLVGNK_196	1
HRAS_wt_2	HRAS_wt	LVVVGAGGVGK_0.9	1
HRAS_wt_2	HRAS_wt	VKDSDDVPMVLVGNKCDLAAR_28	1
HRAS_wt_2	HRAS_wt	VKDSDDVPMVLVGNKCDLAAR_-14	1
HRAS_wt_2	HRAS_wt	DSDDVPMVLVGNK_0	2
HRAS_wt_2	HRAS_wt	DSDDVPMVLVGNK_22	1
HRAS_wt_2	HRAS_wt	VKDSDDVPMVLVGNKCDLAAR_-25	1
HRAS_wt_2	HRAS_wt	VKDSDDVPMVLVGNKCDLAAR_152	1
HRAS_wt_2	HRAS_wt	VKDSDDVPMVLVGNK_43	2
HRAS_wt_2	HRAS_wt	SYGIPYIETSAK_0	2
HRAS_wt_2	HRAS_wt	DSDDVPMVLVGNK_28	1
HRAS_wt_2	HRAS_wt	DSDDVPMVLVGNKCDLAAR_0	1
HRAS_wt_2	HRAS_wt	SYGIPYIETSAK_16	1
HRAS_wt_2	HRAS_wt	RVKDSDDVPMVLVGN_0	1
HRAS_wt_2	HRAS_wt	VKDSDDVPMVLVGNKCDLAAR_43	1
HRAS_wt_2	HRAS_wt	DSDDVPMVLVGNK_43	1
HRAS_wt_2	HRAS_wt	SYGIPYIETSAK_28	1
HRAS_wt_2	HRAS_wt	QGVEDAFYTLVR_0	5
HRAS_wt_2	HRAS_wt	QGVEDAFYTLVR_16	1
HRAS_wt_2	HRAS_wt	LVVVGAGGVGK_43	7
HRAS_wt_2	HRAS_wt	TRQGVEDAFYTLVR_0	1
HRAS_wt_2	HRAS_wt	TGEGFLCVFAINNTK_16	1
HRAS_wt_2	HRAS_wt	TRQGVEDAFYTLVR_28	1
HRAS_wt_2	HRAS_wt	SALTIQLIQNHFVDEYDPTIEDSYRK_1	2
HRAS_wt_2	HRAS_wt	QGVEDAFYTLVR_-17	1
HRAS_wt_2	HRAS_wt	SALTIQLIQNHFVDEYDPTIEDSYRK_-14	1
HRAS_wt_2	HRAS_wt	SALTIQLIQNHFVDEYDPTIEDSYRK_29	1
HRAS_wt_2	HRAS_wt	LVVVGAGGVGK_1	1
HRAS_wt_2	HRAS_wt	SALTIQLIQNHFVDEYDPTIEDSYRK_0	7
HRAS_wt_2	HRAS_wt	SALTIQLIQNHFVDEYDPTIEDSYRK_43	1
HRAS_wt_2	HRAS_wt	SALTIQLIQNHFVDEYDPTIEDSYRK_52.9	1
HRAS_wt_2	HRAS_wt	SALTIQLIQNHFVDEYDPTIEDSYRK_37.9	1
HRAS_wt_2	HRAS_wt	SALTIQLIQNHFVDEYDPTIEDSYRK_22	1
HRAS_wt_2	HRAS_wt	SALTIQLIQNHFVDEYDPTIEDSYRK_28	1
HRAS_wt_2	HRAS_wt	SALTIQLIQNHFVDEYDPTIEDSYR_1	1
HRAS_wt_2	HRAS_wt	QGVEDAFYTLVR_28	1
HRAS_wt_2	HRAS_wt	TRQGVEDAFYTLVR_43	1
HRAS_wt_2	HRAS_wt	TGEGFLCVFAINNTK_0	5
HRAS_wt_2	HRAS_wt	SALTIQLIQNHFVDEYDPTIEDSYR_0	1
HRAS_wt_2	HRAS_wt	KQVVIDGETCLLDILDTAGQEEYSAMR_0	1
HRAS_wt_2	HRAS_wt	SALTIQLIQNHFVDEYDPTIEDSYR_22	1
HRAS_wt_2	HRAS_wt	QVVIDGETCLLDILDTAGQEEYSAMR_0	2
HRAS_wt_2	HRAS_wt	TGEGFLCVFAINNTK_28	1
HRAS_wt_2	HRAS_wt	SALTIQLIQNHFVDEYDPTIEDSYR_28	1
HRAS_wt_2	HRAS_wt	TGEGFLCVFAINNTK_1	1
HRAS_wt_2	HRAS_wt	KQVVIDGETCLLDILDTAGQEEYSAMRDQYMR_0	1
HRAS_wt_2	HRAS_wt	KQVVIDGETCLLDILDTAGQEEYSAMR_28	1
HRAS_wt_2	HRAS_wt	QVVIDGETCLLDILDTAGQEEYSAMRDQYMR_0	1
HRAS_wt_2	HRAS_wt	QGVEDAFYTLVR_1	1
HRAS_wt_2	HRAS_wt	QVVIDGETCLLDILDTAGQEEYSAMR_22	1
HRAS_wt_2	HRAS_wt	QVVIDGETCLLDILDTAGQEEYSAMR_52.9	1
HRAS_wt_2	HRAS_wt	QVVIDGETCLLDILDTAGQEEYSAMR_28	1
HRAS_wt_2	HRAS_wt	QVVIDGETCLLDILDTAGQEEYSAMR_1	1
HRAS_wt_2	HRAS_wt	QVVIDGETCLLDILDTAGQEEYSAMR_-17	1
HRAS_wt_3	HRAS_wt	KLNPPDESGPGCMSCK_0	3
HRAS_wt_3	HRAS_wt	LNPPDESGPGCMSCK_1	1
HRAS_wt_3	HRAS_wt	LNPPDESGPGCMSCK_0	1
HRAS_wt_3	HRAS_wt	LNPPDESGPGCMSCK_28	1
HRAS_wt_3	HRAS_wt	KLNPPDESGPGCMSCK_43	2
HRAS_wt_3	HRAS_wt	KLNPPDESGPGCMSCK_180	1
HRAS_wt_3	HRAS_wt	LNPPDESGPGCMSCK_152	1
HRAS_wt_3	HRAS_wt	KLNPPDESGPGCMSCK_304	1
HRAS_wt_3	HRAS_wt	SFEDIHQYR_0	1
HRAS_wt_3	HRAS_wt	LVVVGAGGVGK_0	12
HRAS_wt_3	HRAS_wt	VKDSDDVPMVLVGNK_0	4
HRAS_wt_3	HRAS_wt	LNPPDESGPGCMSCK_304	1
HRAS_wt_3	HRAS_wt	VKDSDDVPMVLVGNKCDLAAR_0	1
HRAS_wt_3	HRAS_wt	VKDSDDVPMVLVGNKCDLAAR_52.9	1
HRAS_wt_3	HRAS_wt	SDDVPMVLVGNK_0	1
HRAS_wt_3	HRAS_wt	VKDSDDVPMVLVGNK_196	1
HRAS_wt_3	HRAS_wt	VKDSDDVPMVLVGNKCDLAAR_28	1
HRAS_wt_3	HRAS_wt	VKDSDDVPMVLVGNKCDLAAR_-14	1
HRAS_wt_3	HRAS_wt	DSDDVPMVLVGNK_0	3
HRAS_wt_3	HRAS_wt	VKDSDDVPMVLVGNKCDLAAR_152	1
HRAS_wt_3	HRAS_wt	VKDSDDVPMVLVGNK_43	2
HRAS_wt_3	HRAS_wt	VKDSDDVPMVLVGNK_6	1
HRAS_wt_3	HRAS_wt	SYGIPYIETSAK_0	3
HRAS_wt_3	HRAS_wt	LVVVGAGGVGK_43	7
HRAS_wt_3	HRAS_wt	DSDDVPMVLVGNKCDLAAR_0	1
HRAS_wt_3	HRAS_wt	RVKDSDDVPMVLVGN_0	1
HRAS_wt_3	HRAS_wt	VKDSDDVPMVLVGNKCDLAAR_43	1
HRAS_wt_3	HRAS_wt	DSDDVPMVLVGNK_43	1
HRAS_wt_3	HRAS_wt	SYGIPYIETSAK_28	1
HRAS_wt_3	HRAS_wt	QGVEDAFYTLVR_16	1
HRAS_wt_3	HRAS_wt	TRQGVEDAFYTLVR_0	1
HRAS_wt_3	HRAS_wt	QGVEDAFYTLVR_0	5
HRAS_wt_3	HRAS_wt	TGEGFLCVFAINNTK_16	1
HRAS_wt_3	HRAS_wt	TRQGVEDAFYTLVR_28	1
HRAS_wt_3	HRAS_wt	SALTIQLIQNHFVDEYDPTIEDSYRK_0	4
HRAS_wt_3	HRAS_wt	SALTIQLIQNHFVDEYDPTIEDSYRK_-14	1
HRAS_wt_3	HRAS_wt	QGVEDAFYTLVR_43	1
HRAS_wt_3	HRAS_wt	QGVEDAFYTLVR_-17	4
HRAS_wt_3	HRAS_wt	SALTIQLIQNHFVDEYDPTIEDSYRK_28	1
HRAS_wt_3	HRAS_wt	TGEGFLCVFAINNTK_0	5
HRAS_wt_3	HRAS_wt	TGEGFLCVFAINNTK_1	1
HRAS_wt_3	HRAS_wt	SALTIQLIQNHFVDEYDPTIEDSYR_0	1
HRAS_wt_3	HRAS_wt	SALTIQLIQNHFVDEYDPTIEDSYR_22	1
HRAS_wt_3	HRAS_wt	TGEGFLCVFAINNTK_28	1
HRAS_wt_3	HRAS_wt	QGVEDAFYTLVR_1	1
HRAS_wt_3	HRAS_wt	QVVIDGETCLLDILDTAGQEEYSAMR_0	1
HRAS_wt_3	HRAS_wt	KQVVIDGETCLLDILDTAGQEEYSAMR_2	1
HRAS_wt_3	HRAS_wt	QVVIDGETCLLDILDTAGQEEYSAMR_28	1
HRAS_wt_3	HRAS_wt	QVVIDGETCLLDILDTAGQEEYSAMR_-17	1
HRAS_g12d_1	HRAS_g12d	KLNPPDESGPGCMSCK_0	2
HRAS_g12d_1	HRAS_g12d	LNPPDESGPGCMSCK_0	1
HRAS_g12d_1	HRAS_g12d	LNPPDESGPGCMSCK_28	1
HRAS_g12d_1	HRAS_g12d	KLNPPDESGPGCMSCK_43	1
HRAS_g12d_1	HRAS_g12d	KLNPPDESGPGCMSCK_55	1
HRAS_g12d_1	HRAS_g12d	SFEDIHQYR_0	1
HRAS_g12d_1	HRAS_g12d	SFEDIHQYR_43	1
HRAS_g12d_1	HRAS_g12d	LNPPDESGPGCMSCK_43	1
HRAS_g12d_1	HRAS_g12d	LVVVGAGGVGK_58	7
HRAS_g12d_1	HRAS_g12d	VKDSDDVPMVLVGNK_0	4
HRAS_g12d_1	HRAS_g12d	RVKDSDDVPMVLVGN_0	1
HRAS_g12d_1	HRAS_g12d	VKDSDDVPMVLVGNKCDLAAR_0	1
HRAS_g12d_1	HRAS_g12d	VKDSDDVPMVLVGNKCDLAAR_52.9	1
HRAS_g12d_1	HRAS_g12d	VKDSDDVPMVLVGNK_196	1
HRAS_g12d_1	HRAS_g12d	VKDSDDVPMVLVGNKCDLAAR_28	1
HRAS_g12d_1	HRAS_g12d	DSDDVPMVLVGNK_0	1
HRAS_g12d_1	HRAS_g12d	VKDSDDVPMVLVGNKCDLAAR_152	1
HRAS_g12d_1	HRAS_g12d	VKDSDDVPMVLVGNK_43	2
HRAS_g12d_1	HRAS_g12d	SYGIPYIETSAK_0	3
HRAS_g12d_1	HRAS_g12d	SYGIPYIETSAK_16	1
HRAS_g12d_1	HRAS_g12d	VKDSDDVPMVLVGNKCDLAAR_43	1
HRAS_g12d_1	HRAS_g12d	VKDSDDVPMVLVGNK_71	1
HRAS_g12d_1	HRAS_g12d	DSDDVPMVLVGNK_43	1
HRAS_g12d_1	HRAS_g12d	QGVEDAFYTLVR_16	1
HRAS_g12d_1	HRAS_g12d	TRQGVEDAFYTLVR_0	1
HRAS_g12d_1	HRAS_g12d	TRQGVEDAFYTLVR_43	1
HRAS_g12d_1	HRAS_g12d	TGEGFLCVFAINNTK_16	1
HRAS_g12d_1	HRAS_g12d	TRQGVEDAFYTLVR_28	1
HRAS_g12d_1	HRAS_g12d	SALTIQLIQNHFVDEYDPTIEDSYRK_1	1
HRAS_g12d_1	HRAS_g12d	SALTIQLIQNHFVDEYDPTIEDSYRK_-14	1
HRAS_g12d_1	HRAS_g12d	SALTIQLIQNHFVDEYDPTIEDSYRK_0	4
HRAS_g12d_1	HRAS_g12d	QGVEDAFYTLVR_43	1
HRAS_g12d_1	HRAS_g12d	QGVEDAFYTLVR_0	4
HRAS_g12d_1	HRAS_g12d	QGVEDAFYTLVR_-18	1
HRAS_g12d_1	HRAS_g12d	SALTIQLIQNHFVDEYDPTIEDSYRK_43	1
HRAS_g12d_1	HRAS_g12d	QVVIDGETCLLDILDTAGQEEYSAMR_1	1
HRAS_g12d_1	HRAS_g12d	SALTIQLIQNHFVDEYDPTIEDSYRK_28	1
HRAS_g12d_1	HRAS_g12d	SALTIQLIQNHFVDEYDPTIEDSYR_1	1
HRAS_g12d_1	HRAS_g12d	QGVEDAFYTLVR_28	1
HRAS_g12d_1	HRAS_g12d	KQVVIDGETCLLDILDTAGQEEYSAMR_0	2
HRAS_g12d_1	HRAS_g12d	QGVEDAFYTLVR_-17	3
HRAS_g12d_1	HRAS_g12d	SALTIQLIQNHFVDEYDPTIEDSYR_0	1
HRAS_g12d_1	HRAS_g12d	TGEGFLCVFAINNTK_0	4
HRAS_g12d_1	HRAS_g12d	QVVIDGETCLLDILDTAGQEEYSAMR_0	2
HRAS_g12d_1	HRAS_g12d	TGEGFLCVFAINNTK_28	1
HRAS_g12d_1	HRAS_g12d	TGEGFLCVFAINNTK_1	1
HRAS_g12d_1	HRAS_g12d	TGEGFLCVFAINNTK_43	1
HRAS_g12d_1	HRAS_g12d	KQVVIDGETCLLDILDTAGQEEYSAMRDQYMR_0	1
HRAS_g12d_1	HRAS_g12d	QVVIDGETCLLDILDTAGQEEYSAMRDQYMR_0	1
HRAS_g12d_2	HRAS_g12d	KLNPPDESGPGCMSCK_0	1
HRAS_g12d_2	HRAS_g12d	LNPPDESGPGCMSCK_0	1
HRAS_g12d_2	HRAS_g12d	KLNPPDESGPGCMSCK_138	1
HRAS_g12d_2	HRAS_g12d	LNPPDESGPGCMSCK_28	1
HRAS_g12d_2	HRAS_g12d	KLNPPDESGPGCMSCK_196	1
HRAS_g12d_2	HRAS_g12d	KLNPPDESGPGCMSCK_43	1
HRAS_g12d_2	HRAS_g12d	SFEDIHQYR_0	1
HRAS_g12d_2	HRAS_g12d	SFEDIHQYR_43	1
HRAS_g12d_2	HRAS_g12d	VKDSDDVPMVLVGNK_0	5
HRAS_g12d_2	HRAS_g12d	LNPPDESGPGCMSCK_43	1
HRAS_g12d_2	HRAS_g12d	LVVVGAGGVGK_58	8
HRAS_g12d_2	HRAS_g12d	SYGIPYIETSAK_16	1
HRAS_g12d_2	HRAS_g12d	VKDSDDVPMVLVGNKCDLAAR_0	1
HRAS_g12d_2	HRAS_g12d	VKDSDDVPMVLVGNKCDLAAR_1	1
HRAS_g12d_2	HRAS_g12d	VKDSDDVPMVLVGNK_196	1
HRAS_g12d_2	HRAS_g12d	VKDSDDVPMVLVGNKCDLAAR_28	1
HRAS_g12d_2	HRAS_g12d	DSDDVPMVLVGNK_0	1
HRAS_g12d_2	HRAS_g12d	VKDSDDVPMVLVGNK_43	1
HRAS_g12d_2	HRAS_g12d	SYGIPYIETSAK_0	4
HRAS_g12d_2	HRAS_g12d	VKDSDDVPMVLVGNKCDLAAR_43	1
HRAS_g12d_2	HRAS_g12d	SYGIPYIETSAK_22	1
HRAS_g12d_2	HRAS_g12d	SYGIPYIETSAK_43	1
HRAS_g12d_2	HRAS_g12d	SYGIPYIETSAK_28	1
HRAS_g12d_2	HRAS_g12d	QGVEDAFYTLVR_0	4
HRAS_g12d_2	HRAS_g12d	QGVEDAFYTLVR_16	1
HRAS_g12d_2	HRAS_g12d	TRQGVEDAFYTLVR_0	1
HRAS_g12d_2	HRAS_g12d	TRQGVEDAFYTLVR_43	1
HRAS_g12d_2	HRAS_g12d	TGEGFLCVFAINNTK_16	1
HRAS_g12d_2	HRAS_g12d	SALTIQLIQNHFVDEYDPTIEDSYRK_1	1
HRAS_g12d_2	HRAS_g12d	TGEGFLCVFAINNTK_1	1
HRAS_g12d_2	HRAS_g12d	SALTIQLIQNHFVDEYDPTIEDSYRK_16	1
HRAS_g12d_2	HRAS_g12d	QGVEDAFYTLVR_43	1
HRAS_g12d_2	HRAS_g12d	QGVEDAFYTLVR_-18	1
HRAS_g12d_2	HRAS_g12d	SALTIQLIQNHFVDEYDPTIEDSYRK_0	3
HRAS_g12d_2	HRAS_g12d	QGVEDAFYTLVR_-17	2
HRAS_g12d_2	HRAS_g12d	QVVIDGETCLLDILDTAGQEEYSAMR_1	1
HRAS_g12d_2	HRAS_g12d	KQVVIDGETCLLDILDTAGQEEYSAMR_0	2
HRAS_g12d_2	HRAS_g12d	QGVEDAFYTLVR_28	1
HRAS_g12d_2	HRAS_g12d	KQVVIDGETCLLDILDTAGQEEYSAMR_1	1
HRAS_g12d_2	HRAS_g12d	TGEGFLCVFAINNTK_72	1
HRAS_g12d_2	HRAS_g12d	TGEGFLCVFAINNTK_0	4
HRAS_g12d_2	HRAS_g12d	SALTIQLIQNHFVDEYDPTIEDSYR_0	2
HRAS_g12d_2	HRAS_g12d	QVVIDGETCLLDILDTAGQEEYSAMR_0	1
HRAS_g12d_2	HRAS_g12d	TGEGFLCVFAINNTK_28	1
HRAS_g12d_2	HRAS_g12d	KQVVIDGETCLLDILDTAGQEEYSAMRDQYMR_0	1
HRAS_g12d_2	HRAS_g12d	TGEGFLCVFAINNTK_43	1
HRAS_g12d_3	HRAS_g12d	KLNPPDESGPGCMSCK_0	2
HRAS_g12d_3	HRAS_g12d	LNPPDESGPGCMSCK_0	1
HRAS_g12d_3	HRAS_g12d	KLNPPDESGPGCMSCK_152	1
HRAS_g12d_3	HRAS_g12d	KLNPPDESGPGCMSCK_196	1
HRAS_g12d_3	HRAS_g12d	LNPPDESGPGCMSCK_28	1
HRAS_g12d_3	HRAS_g12d	KLNPPDESGPGCMSCK_43	2
HRAS_g12d_3	HRAS_g12d	KLNPPDESGPGCMSCK_58	1
HRAS_g12d_3	HRAS_g12d	SFEDIHQYR_0	1
HRAS_g12d_3	HRAS_g12d	KLNPPDESGPGCMSCK_55	1
HRAS_g12d_3	HRAS_g12d	RVKDSDDVPMVLVGNK_0	1
HRAS_g12d_3	HRAS_g12d	LNPPDESGPGCMSCK_43	1
HRAS_g12d_3	HRAS_g12d	LVVVGAGGVGK_58	8
HRAS_g12d_3	HRAS_g12d	VKDSDDVPMVLVGNKCDLAAR_0	3
HRAS_g12d_3	HRAS_g12d	VKDSDDVPMVLVGNK_0	5
HRAS_g12d_3	HRAS_g12d	SYGIPYIETSAK_16	1
HRAS_g12d_3	HRAS_g12d	VKDSDDVPMVLVGNKCDLAAR_52.9	1
HRAS_g12d_3	HRAS_g12d	SFEDIHQYR_43	1
HRAS_g12d_3	HRAS_g12d	VKDSDDVPMVLVGNK_196	1
HRAS_g12d_3	HRAS_g12d	VKDSDDVPMVLVGNKCDLAAR_28	1
HRAS_g12d_3	HRAS_g12d	VKDSDDVPMVLVGNKCDLAAR_-14	1
HRAS_g12d_3	HRAS_g12d	DSDDVPMVLVGNK_0	2
HRAS_g12d_3	HRAS_g12d	VKDSDDVPMVLVGNKCDLAAR_152	1
HRAS_g12d_3	HRAS_g12d	VKDSDDVPMVLVGNKCDLAAR_196	1
HRAS_g12d_3	HRAS_g12d	VKDSDDVPMVLVGNK_43	3
HRAS_g12d_3	HRAS_g12d	SYGIPYIETSAK_0	4
HRAS_g12d_3	HRAS_g12d	VKDSDDVPMVLVGNKCDLAAR_43	2
HRAS_g12d_3	HRAS_g12d	DSDDVPMVLVGNKCDLAAR_43	1
HRAS_g12d_3	HRAS_g12d	TRQGVEDAFYTLVR_0	4
HRAS_g12d_3	HRAS_g12d	QGVEDAFYTLVR_0	5
HRAS_g12d_3	HRAS_g12d	QGVEDAFYTLVR_16	1
HRAS_g12d_3	HRAS_g12d	TRQGVEDAFYTLVR_1	1
HRAS_g12d_3	HRAS_g12d	QGVEDAFYTLVR_-17	2
HRAS_g12d_3	HRAS_g12d	QGVEDAFYTLVR_43	1
HRAS_g12d_3	HRAS_g12d	TGEGFLCVFAINNTK_16	2
HRAS_g12d_3	HRAS_g12d	TRQGVEDAFYTLVR_28	1
HRAS_g12d_3	HRAS_g12d	QGVEDAFYTLVR_-18	1
HRAS_g12d_3	HRAS_g12d	SALTIQLIQNHFVDEYDPTIEDSYRK_0	2
HRAS_g12d_3	HRAS_g12d	TRQGVEDAFYTLVR_43	1
HRAS_g12d_3	HRAS_g12d	TGEGFLCVFAINNTK_0	4
HRAS_g12d_3	HRAS_g12d	TGEGFLCVFAINNTK_28	1
HRAS_g12d_3	HRAS_g12d	SALTIQLIQNHFVDEYDPTIEDSYR_0	1
HRAS_g12d_3	HRAS_g12d	QVVIDGETCLLDILDTAGQEEYSAMR_0	1
HRAS_g12d_3	HRAS_g12d	TGEGFLCVFAINNTK_1	1
HRAS_g12d_3	HRAS_g12d	KQVVIDGETCLLDILDTAGQEEYSAMR_0	1
HRAS_g12d_3	HRAS_g12d	QVVIDGETCLLDILDTAGQEEYSAMR_-17	1
