C12i1	C12i	SFEDIHHYR_0	9
C12i1	C12i	SFEDIHHYREQIKR_0	2
C12i1	C12i	LVVVGAGGVGK_103	3
C12i1	C12i	VKDSEDVPMVLVGNK_0	30
C12i1	C12i	VKDSEDVPMVLVGNK_1	4
C12i1	C12i	VKDSEDVPMVLVGNK_37.9	4
C12i1	C12i	VKDSEDVPMVLVGNK_-0.2	3
C12i1	C12i	VKDSEDVPMVLVGNKCDLPSR_0	3
C12i1	C12i	DSEDVPMVLVGNK_0	3
C12i1	C12i	TRQGVDDAFYTLVR_0	7
C12i1	C12i	SYGIPFIETSAK_0	9
C12i1	C12i	SYGIPFIETSAK_-4	1
C12i1	C12i	SYGIPFIETSAK_2	1
C12i1	C12i	SYGIPFIETSAK_-2	1
C12i1	C12i	QGVDDAFYTLVR_0	4
C12i1	C12i	QGVDDAFYTLVR_37.9	3
C12i1	C12i	SALTIQLIQNHFVDEYDPTIEDSYRK_0	11
C12i1	C12i	SALTIQLIQNHFVDEYDPTIEDSYRK_37.9	10
C12i1	C12i	SALTIQLIQNHFVDEYDPTIEDSYRK_38	3
C12i1	C12i	TGEGFLCVFAINNTK_17	1
C12i1	C12i	TGEGFLCVFAINNTK_15	2
C12i1	C12i	TGEGFLCVFAINNTK_0	5
C12i1	C12i	SALTIQLIQNHFVDEYDPTIEDSYR_0	8
C12i1	C12i	SALTIQLIQNHFVDEYDPTIEDSYR_22	2
C12i1	C12i	SALTIQLIQNHFVDEYDPTIEDSYR_37.9	5
C12i1	C12i	SALTIQLIQNHFVDEYDPTIEDSYR_23	1
C12i1	C12i	SALTIQLIQNHFVDEYDPTIEDSYR_-9.1	1
C12i1	C12i	SALTIQLIQNHFVDEYDPTIEDSYRK_1	1
C12i1	C12i	TGEGFLCVFAINNTK_167	4
C12i1	C12i	TGEGFLCVFAINNTK_-57	4
C12i1	C12i	TGEGFLCVFAINNTK_138	9
C12i1	C12i	QGVDDAFYTLVR_-17	6
C12i1	C12i	TGEGFLCVFAINNTK_93	8
C12i1	C12i	TGEGFLCVFAINNTK_109	4
C12i1	C12i	KQVVIDGETCLLDILDTAGQEEYSAMR_0	14
C12i1	C12i	TGEGFLCVFAINNTK_-9	6
C12i1	C12i	TGEGFLCVFAINNTK_-25	4
C12i1	C12i	KQVVIDGETCLLDILDTAGQEEYSAMR_2	1
C12i1	C12i	KQVVIDGETCLLDILDTAGQEEYSAMR_38	1
C12i1	C12i	KQVVIDGETCLLDILDTAGQEEYSAMR_37.9	1
C12i1	C12i	QVVIDGETCLLDILDTAGQEEYSAMR_0	9
C12i1	C12i	QVVIDGETCLLDILDTAGQEEYSAMR_-17	8
C12i1	C12i	VKDSEDVPMVLVGNK_2	1
C12i1	C12i	TRQGVDDAFYTLVR_1	1
C12i1	C12i	SYGIPFIETSAK_-1	1
C12i1	C12i	SALTIQLIQNHFVDEYDPTIEDSYRK_3	1
C12i1	C12i	SALTIQLIQNHFVDEYDPTIEDSYR_38	1
C12i1	C12i	QGVDDAFYTLVR_5	1
C12i1	C12i	KQVVIDGETCLLDILDTAGQEEYSAMR_-1	1
C12i1	C12i	TGEGFLCVFAINNTK_28.9	1
C12i1	C12i	QVVIDGETCLLDILDTAGQEEYSAMR_2	1
C12i2	C12i	TVDTKQAQDLAR_0	5
C12i2	C12i	SFEDIHHYR_0	10
C12i2	C12i	SFEDIHHYREQIKR_0	2
C12i2	C12i	LVVVGAGGVGK_103	1
C12i2	C12i	VKDSEDVPMVLVGNK_0	37
C12i2	C12i	VKDSEDVPMVLVGNK_1	4
C12i2	C12i	VKDSEDVPMVLVGNK_38	1
C12i2	C12i	VKDSEDVPMVLVGNK_37.9	2
C12i2	C12i	LVVVGAGGVGK_196	1
C12i2	C12i	VKDSEDVPMVLVGNKCDLPSR_0	7
C12i2	C12i	DSEDVPMVLVGNK_0	9
C12i2	C12i	TRQGVDDAFYTLVR_0	10
C12i2	C12i	SYGIPFIETSAK_0	13
C12i2	C12i	SYGIPFIETSAK_-4	2
C12i2	C12i	QGVDDAFYTLVR_0	5
C12i2	C12i	QGVDDAFYTLVR_37.9	6
C12i2	C12i	QGVDDAFYTLVR_22	1
C12i2	C12i	SALTIQLIQNHFVDEYDPTIEDSYRK_0	9
C12i2	C12i	SALTIQLIQNHFVDEYDPTIEDSYRK_37.9	6
C12i2	C12i	SALTIQLIQNHFVDEYDPTIEDSYRK_38	2
C12i2	C12i	TGEGFLCVFAINNTK_15	2
C12i2	C12i	TGEGFLCVFAINNTK_0	5
C12i2	C12i	TGEGFLCVFAINNTK_38	1
C12i2	C12i	SALTIQLIQNHFVDEYDPTIEDSYR_0	5
C12i2	C12i	SALTIQLIQNHFVDEYDPTIEDSYR_22	4
C12i2	C12i	SALTIQLIQNHFVDEYDPTIEDSYR_37.9	5
C12i2	C12i	SALTIQLIQNHFVDEYDPTIEDSYR_38	3
C12i2	C12i	TGEGFLCVFAINNTK_167	2
C12i2	C12i	TGEGFLCVFAINNTK_-57	4
C12i2	C12i	TGEGFLCVFAINNTK_138	8
C12i2	C12i	QGVDDAFYTLVR_-17	4
C12i2	C12i	QGVDDAFYTLVR_5	1
C12i2	C12i	TGEGFLCVFAINNTK_93	7
C12i2	C12i	TGEGFLCVFAINNTK_109	7
C12i2	C12i	TGEGFLCVFAINNTK_77	5
C12i2	C12i	KQVVIDGETCLLDILDTAGQEEYSAMR_0	10
C12i2	C12i	TGEGFLCVFAINNTK_-9	18
C12i2	C12i	TGEGFLCVFAINNTK_-25	6
C12i2	C12i	KQVVIDGETCLLDILDTAGQEEYSAMR_2	1
C12i2	C12i	QVVIDGETCLLDILDTAGQEEYSAMR_1	2
C12i2	C12i	QVVIDGETCLLDILDTAGQEEYSAMR_0	4
C12i2	C12i	VKDSEDVPMVLVGNK_-1	1
C12i2	C12i	VKDSEDVPMVLVGNK_21.9	1
C12i2	C12i	TRQGVDDAFYTLVR_38	1
C12i2	C12i	TRQGVDDAFYTLVR_1	1
C12i2	C12i	SYGIPFIETSAK_2	1
C12i2	C12i	TGEGFLCVFAINNTK_37.9	2
C12i2	C12i	TGEGFLCVFAINNTK_22	1
C12i2	C12i	SALTIQLIQNHFVDEYDPTIEDSYR_38.9	1
C12i2	C12i	TGEGFLCVFAINNTK_28.9	3
C12i2	C12i	QVVIDGETCLLDILDTAGQEEYSAMR_-17	2
C12i3	C12i	SFEDIHHYR_0	8
C12i3	C12i	SFEDIHHYREQIKR_0	3
C12i3	C12i	LVVVGAGGVGK_103	2
C12i3	C12i	VKDSEDVPMVLVGNK_0	34
C12i3	C12i	VKDSEDVPMVLVGNK_1	7
C12i3	C12i	VKDSEDVPMVLVGNK_37.9	3
C12i3	C12i	VKDSEDVPMVLVGNK_-0.2	2
C12i3	C12i	VKDSEDVPMVLVGNKCDLPSR_0	7
C12i3	C12i	DSEDVPMVLVGNK_0	9
C12i3	C12i	TRQGVDDAFYTLVR_0	10
C12i3	C12i	TRQGVDDAFYTLVR_1	2
C12i3	C12i	SYGIPFIETSAK_0	7
C12i3	C12i	SYGIPFIETSAK_3	1
C12i3	C12i	SYGIPFIETSAK_2	2
C12i3	C12i	QGVDDAFYTLVR_0	5
C12i3	C12i	QGVDDAFYTLVR_37.9	4
C12i3	C12i	SALTIQLIQNHFVDEYDPTIEDSYRK_0	10
C12i3	C12i	SALTIQLIQNHFVDEYDPTIEDSYRK_38	4
C12i3	C12i	SALTIQLIQNHFVDEYDPTIEDSYRK_37.9	4
C12i3	C12i	TGEGFLCVFAINNTK_0	4
C12i3	C12i	SALTIQLIQNHFVDEYDPTIEDSYR_0	6
C12i3	C12i	SALTIQLIQNHFVDEYDPTIEDSYR_37.9	5
C12i3	C12i	TGEGFLCVFAINNTK_167	5
C12i3	C12i	TGEGFLCVFAINNTK_-57	3
C12i3	C12i	TGEGFLCVFAINNTK_138	6
C12i3	C12i	QGVDDAFYTLVR_-17	4
C12i3	C12i	QGVDDAFYTLVR_6.9	1
C12i3	C12i	TGEGFLCVFAINNTK_93	7
C12i3	C12i	TGEGFLCVFAINNTK_109	6
C12i3	C12i	TGEGFLCVFAINNTK_77	4
C12i3	C12i	KQVVIDGETCLLDILDTAGQEEYSAMR_0	7
C12i3	C12i	TGEGFLCVFAINNTK_-9	6
C12i3	C12i	TGEGFLCVFAINNTK_12.9	1
C12i3	C12i	TGEGFLCVFAINNTK_-25	3
C12i3	C12i	QVVIDGETCLLDILDTAGQEEYSAMR_1	2
C12i3	C12i	QVVIDGETCLLDILDTAGQEEYSAMR_0	2
C12i3	C12i	QVVIDGETCLLDILDTAGQEEYSAMR_-17	3
C12i3	C12i	TVDTKQAQDLAR_0	1
C12i3	C12i	VKDSEDVPMVLVGNK_22	1
C12i3	C12i	TGEGFLCVFAINNTK_15	1
C12i3	C12i	TGEGFLCVFAINNTK_22	2
C12i3	C12i	SALTIQLIQNHFVDEYDPTIEDSYR_22	1
C12i3	C12i	QGVDDAFYTLVR_5	1
WTi1	WTi	QAQDLAR_0	3
WTi1	WTi	TVDTKQAQDLAR_0	5
WTi1	WTi	SFEDIHHYR_0	104
WTi1	WTi	SFEDIHHYR_-87	12
WTi1	WTi	SFEDIHHYR_37.9	3
WTi1	WTi	LVVVGAGGVGK_128.1	3
WTi1	WTi	SFEDIHHYREQIKR_0	32
WTi1	WTi	SFEDIHHYREQIKR_37.9	2
WTi1	WTi	SFEDIHHYREQIKR_38	1
WTi1	WTi	YDPTIEDSYRK_0	6
WTi1	WTi	SFEDIHHYREQIK_0	6
WTi1	WTi	RVKDSEDVPMVLVGNK_0	20
WTi1	WTi	LVVVGAGGVGK_-0.1	4
WTi1	WTi	LVVVGAGGVGK_0	32
WTi1	WTi	LVVVGAGGVGK_-18	4
WTi1	WTi	LVVVGAGGVGK_24	1
WTi1	WTi	SFEDIHHYR_43	3
WTi1	WTi	VKDSEDVPMVLVGNK_0	118
WTi1	WTi	VKDSEDVPMVLVGNK_1	21
WTi1	WTi	VKDSEDVPMVLVGNK_53.9	7
WTi1	WTi	VKDSEDVPMVLVGNK_38	4
WTi1	WTi	VKDSEDVPMVLVGNK_22	23
WTi1	WTi	VKDSEDVPMVLVGNK_23	3
WTi1	WTi	VKDSEDVPMVLVGNK_24	11
WTi1	WTi	YDPTIEDSYR_0	4
WTi1	WTi	VKDSEDVPMVLVGNK_2	3
WTi1	WTi	VKDSEDVPMVLVGNK_156.1	3
WTi1	WTi	DSEDVPMVLVGNKCDLPSRTVDTK_227.2	9
WTi1	WTi	VKDSEDVPMVLVGNKCDLPSR_0	48
WTi1	WTi	SFEDIHHYR_183	4
WTi1	WTi	VKDSEDVPMVLVGNKCDLPSR_156.1	3
WTi1	WTi	MTEYKLVVVGAGGVGK_103	6
WTi1	WTi	VKDSEDVPMVLVGNK_37.9	17
WTi1	WTi	VKDSEDVPMVLVGNK_21.9	2
WTi1	WTi	VKDSEDVPMVLVGNK_-17	11
WTi1	WTi	VKDSEDVPMVLVGNK_-35	9
WTi1	WTi	VKDSEDVPMVLVGNK_-18	4
WTi1	WTi	DSEDVPMVLVGNK_0	31
WTi1	WTi	VKDSEDVPMVLVGNK_-99.1	3
WTi1	WTi	YDPTIEDSYRK_490.2	10
WTi1	WTi	VKDSEDVPMVLVGNK_75.9	1
WTi1	WTi	VKDSEDVPMVLVGNKCDLPSR_-25	27
WTi1	WTi	VKDSEDVPMVLVGNK_-0.2	2
WTi1	WTi	VKDSEDVPMVLVGNKCDLPSR_12.9	5
WTi1	WTi	VKDSEDVPMVLVGNKCDLPSR_-9	24
WTi1	WTi	VKDSEDVPMVLVGNKCDLPSR_28.9	5
WTi1	WTi	VKDSEDVPMVLVGNKCDLPSR_-57	15
WTi1	WTi	VKDSEDVPMVLVGNKCDLPSR_37.9	15
WTi1	WTi	VKDSEDVPMVLVGNKCDLPSR_23	4
WTi1	WTi	VKDSEDVPMVLVGNKCDLPSR_22	7
WTi1	WTi	VKDSEDVPMVLVGNKCDLPSR_3	11
WTi1	WTi	VKDSEDVPMVLVGNKCDLPSR_24	3
WTi1	WTi	VKDSEDVPMVLVGNKCDLPSR_38	2
WTi1	WTi	VKDSEDVPMVLVGNKCDLPSR_4	2
WTi1	WTi	VKDSEDVPMVLVGNKCDLPSR_1	4
WTi1	WTi	VKDSEDVPMVLVGNKCDLPSR_15	12
WTi1	WTi	VKDSEDVPMVLVGNKCDLPSR_21.9	2
WTi1	WTi	VKDSEDVPMVLVGNKCDLPSR_248.1	1
WTi1	WTi	VKDSEDVPMVLVGNKCDLPSR_248	4
WTi1	WTi	DSEDVPMVLVGNKCDLPSR_0	25
WTi1	WTi	VKDSEDVPMVLVGNKCDLPSR_79	3
WTi1	WTi	VKDSEDVPMVLVGNKCDLPSR_487.3	1
WTi1	WTi	MTEYKLVVVGAGGVGK_45	3
WTi1	WTi	MTEYKLVVVGAGGVGK_87	10
WTi1	WTi	TEYKLVVVGAGGVGK_219.1	1
WTi1	WTi	DSEDVPMVLVGNK_227.2	5
WTi1	WTi	TEYKLVVVGAGGVGK_218.9	1
WTi1	WTi	VKDSEDVPMVLVGNK_43	9
WTi1	WTi	VKDSEDVPMVLVGNKCDLPSR_95	3
WTi1	WTi	VKDSEDVPMVLVGNKCDLPSR_138	5
WTi1	WTi	DSEDVPMVLVGNK_-115	3
WTi1	WTi	VKDSEDVPMVLVGNKCDLPSR_-3.1	5
WTi1	WTi	VKDSEDVPMVLVGNKCDLPSR_-2.1	1
WTi1	WTi	VKDSEDVPMVLVGNKCDLPSR_-8	3
WTi1	WTi	YDPTIEDSYR_490.2	4
WTi1	WTi	VKDSEDVPMVLVGNKCDLPSR_93	9
WTi1	WTi	VKDSEDVPMVLVGNKCDLPSR_94	2
WTi1	WTi	VKDSEDVPMVLVGNKCDLPSR_92	1
WTi1	WTi	VKDSEDVPMVLVGNKCDLPSR_6.9	2
WTi1	WTi	SYGIPFIETSAKTR_0	26
WTi1	WTi	DSEDVPMVLVGNK_6	2
WTi1	WTi	DSEDVPMVLVGNK_22	17
WTi1	WTi	DSEDVPMVLVGNKCDLPSR_1	2
WTi1	WTi	DSEDVPMVLVGNK_37.9	7
WTi1	WTi	DSEDVPMVLVGNK_23	1
WTi1	WTi	TRQGVDDAFYTLVR_0	28
WTi1	WTi	TRQGVDDAFYTLVR_38	1
WTi1	WTi	TRQGVDDAFYTLVR_1	8
WTi1	WTi	VKDSEDVPMVLVGNKCDLPSR_109	4
WTi1	WTi	TRQGVDDAFYTLVR_37.9	7
WTi1	WTi	TRQGVDDAFYTLVR_24	2
WTi1	WTi	TRQGVDDAFYTLVR_-18	13
WTi1	WTi	TRQGVDDAFYTLVR_2	3
WTi1	WTi	TRQGVDDAFYTLVR_22	4
WTi1	WTi	LVVVGAGGVGK_43	3
WTi1	WTi	VKDSEDVPMVLVGNKCDLPSR_76.9	1
WTi1	WTi	VKDSEDVPMVLVGNKCDLPSR_77	2
WTi1	WTi	DSEDVPMVLVGNKCDLPSR_-25	5
WTi1	WTi	DSEDVPMVLVGNKCDLPSR_-9	3
WTi1	WTi	SALTIQLIQNHFVDEYDPTIEDSYRK_0	294
WTi1	WTi	SYGIPFIETSAK_0	64
WTi1	WTi	TGEGFLCVFAINNTK_218.1	3
WTi1	WTi	TGEGFLCVFAINNTK_408.2	3
WTi1	WTi	SYGIPFIETSAK_37.9	1
WTi1	WTi	SYGIPFIETSAK_2	11
WTi1	WTi	TGEGFLCVFAINNTK_-27	3
WTi1	WTi	SYGIPFIETSAK_22	5
WTi1	WTi	TGEGFLCVFAINNTK_-27.1	1
WTi1	WTi	SYGIPFIETSAK_24	2
WTi1	WTi	SYGIPFIETSAK_-18	1
WTi1	WTi	SYGIPFIETSAK_-17	1
WTi1	WTi	SYGIPFIETSAK_53.9	2
WTi1	WTi	TGEGFLCVFAINNTKSFEDIHHYREQIK_156.1	6
WTi1	WTi	SYGIPFIETSAK_-4	9
WTi1	WTi	TGEGFLCVFAINNTK_0	144
WTi1	WTi	QGVDDAFYTLVR_0	39
WTi1	WTi	QGVDDAFYTLVR_37.9	13
WTi1	WTi	QGVDDAFYTLVR_-17	33
WTi1	WTi	QGVDDAFYTLVR_-18	7
WTi1	WTi	QGVDDAFYTLVR_22	4
WTi1	WTi	QGVDDAFYTLVR_53.9	4
WTi1	WTi	QGVDDAFYTLVR_5	19
WTi1	WTi	QGVDDAFYTLVR_4	1
WTi1	WTi	TGEGFLCVFAINNTK_149.1	4
WTi1	WTi	TGEGFLCVFAINNTKSFEDIHHYR_0	5
WTi1	WTi	TGEGFLCVFAINNTKSFEDIHHYR_-1	1
WTi1	WTi	SALTIQLIQNHFVDEYDPTIEDSYRK_1	32
WTi1	WTi	SALTIQLIQNHFVDEYDPTIEDSYRK_38.9	8
WTi1	WTi	QGVDDAFYTLVR_1	2
WTi1	WTi	SALTIQLIQNHFVDEYDPTIEDSYR_128.1	10
WTi1	WTi	TGEGFLCVFAINNTK_301.1	4
WTi1	WTi	SALTIQLIQNHFVDEYDPTIEDSYRK_-17	16
WTi1	WTi	SALTIQLIQNHFVDEYDPTIEDSYRK_20.9	4
WTi1	WTi	SALTIQLIQNHFVDEYDPTIEDSYRK_-18	16
WTi1	WTi	SALTIQLIQNHFVDEYDPTIEDSYRK_22	32
WTi1	WTi	SALTIQLIQNHFVDEYDPTIEDSYRK_37.9	34
WTi1	WTi	SALTIQLIQNHFVDEYDPTIEDSYRK_23	17
WTi1	WTi	SALTIQLIQNHFVDEYDPTIEDSYRK_24	7
WTi1	WTi	LVVVGAGGVGKSALTIQLIQNHFVDEYDPTIEDSYRK_23	1
WTi1	WTi	SALTIQLIQNHFVDEYDPTIEDSYRK_60.9	2
WTi1	WTi	YDPTIEDSYRK_244.1	5
WTi1	WTi	SALTIQLIQNHFVDEYDPTIEDSYRK_38	7
WTi1	WTi	SALTIQLIQNHFVDEYDPTIEDSYRK_2	5
WTi1	WTi	SALTIQLIQNHFVDEYDPTIEDSYRK_75.9	2
WTi1	WTi	SALTIQLIQNHFVDEYDPTIEDSYRK_59.9	3
WTi1	WTi	SALTIQLIQNHFVDEYDPTIEDSYRK_53.9	3
WTi1	WTi	SALTIQLIQNHFVDEYDPTIEDSYRK_3	7
WTi1	WTi	SALTIQLIQNHFVDEYDPTIEDSYRK_22.9	2
WTi1	WTi	YDPTIEDSYRK_129	2
WTi1	WTi	LVVVGAGGVGKSALTIQLIQNHFVDEYDPTIEDSYRK_92.8	2
WTi1	WTi	SALTIQLIQNHFVDEYDPTIEDSYRK_-35	2
WTi1	WTi	SALTIQLIQNHFVDEYDPTIEDSYRK_16	19
WTi1	WTi	SALTIQLIQNHFVDEYDPTIEDSYRK_4	4
WTi1	WTi	SALTIQLIQNHFVDEYDPTIEDSYRK_36.9	1
WTi1	WTi	SALTIQLIQNHFVDEYDPTIEDSYRK_32	1
WTi1	WTi	SALTIQLIQNHFVDEYDPTIEDSYRK_15	1
WTi1	WTi	SALTIQLIQNHFVDEYDPTIEDSYRK_80	7
WTi1	WTi	TGEGFLCVFAINNTK_16	15
WTi1	WTi	SALTIQLIQNHFVDEYDPTIEDSYR_1	29
WTi1	WTi	SALTIQLIQNHFVDEYDPTIEDSYR_38.9	5
WTi1	WTi	TGEGFLCVFAINNTK_109	35
WTi1	WTi	TGEGFLCVFAINNTK_15	6
WTi1	WTi	TGEGFLCVFAINNTK_-57	25
WTi1	WTi	TGEGFLCVFAINNTK_22	12
WTi1	WTi	TGEGFLCVFAINNTK_38	2
WTi1	WTi	TGEGFLCVFAINNTK_24	5
WTi1	WTi	TGEGFLCVFAINNTK_37.9	4
WTi1	WTi	TGEGFLCVFAINNTK_62	3
WTi1	WTi	TGEGFLCVFAINNTK_-17	4
WTi1	WTi	TGEGFLCVFAINNTK_53.9	5
WTi1	WTi	TGEGFLCVFAINNTK_-16	2
WTi1	WTi	TGEGFLCVFAINNTK_-101	2
WTi1	WTi	TGEGFLCVFAINNTK_-18	4
WTi1	WTi	TGEGFLCVFAINNTK_-20.1	3
WTi1	WTi	TGEGFLCVFAINNTK_55.9	1
WTi1	WTi	SALTIQLIQNHFVDEYDPTIEDSYRK_183	8
WTi1	WTi	TGEGFLCVFAINNTK_-1	3
WTi1	WTi	TGEGFLCVFAINNTK_248.1	3
WTi1	WTi	TGEGFLCVFAINNTK_248	7
WTi1	WTi	SYGIPFIETSAK_43	6
WTi1	WTi	TGEGFLCVFAINNTK_125	5
WTi1	WTi	SALTIQLIQNHFVDEYDPTIEDSYR_-17	2
WTi1	WTi	SALTIQLIQNHFVDEYDPTIEDSYR_0	138
WTi1	WTi	SALTIQLIQNHFVDEYDPTIEDSYR_37.9	39
WTi1	WTi	SALTIQLIQNHFVDEYDPTIEDSYR_22	33
WTi1	WTi	SALTIQLIQNHFVDEYDPTIEDSYR_38	13
WTi1	WTi	SALTIQLIQNHFVDEYDPTIEDSYR_23	19
WTi1	WTi	TGEGFLCVFAINNTK_79	10
WTi1	WTi	SALTIQLIQNHFVDEYDPTIEDSYR_24	14
WTi1	WTi	SALTIQLIQNHFVDEYDPTIEDSYR_59.9	1
WTi1	WTi	TGEGFLCVFAINNTK_25	4
WTi1	WTi	SALTIQLIQNHFVDEYDPTIEDSYR_3	10
WTi1	WTi	SALTIQLIQNHFVDEYDPTIEDSYR_53.9	12
WTi1	WTi	SALTIQLIQNHFVDEYDPTIEDSYR_60.9	6
WTi1	WTi	SALTIQLIQNHFVDEYDPTIEDSYR_75.9	5
WTi1	WTi	SALTIQLIQNHFVDEYDPTIEDSYR_91.9	1
WTi1	WTi	SALTIQLIQNHFVDEYDPTIEDSYR_61.9	2
WTi1	WTi	TGEGFLCVFAINNTK_184	6
WTi1	WTi	SALTIQLIQNHFVDEYDPTIEDSYR_52.9	2
WTi1	WTi	TGEGFLCVFAINNTK_93	23
WTi1	WTi	SALTIQLIQNHFVDEYDPTIEDSYR_-8.1	1
WTi1	WTi	SALTIQLIQNHFVDEYDPTIEDSYR_-9.1	5
WTi1	WTi	TGEGFLCVFAINNTK_128	5
WTi1	WTi	SALTIQLIQNHFVDEYDPTIEDSYR_-9.2	6
WTi1	WTi	TGEGFLCVFAINNTK_-14	4
WTi1	WTi	TGEGFLCVFAINNTK_1	5
WTi1	WTi	TGEGFLCVFAINNTK_80	3
WTi1	WTi	TGEGFLCVFAINNTK_152	7
WTi1	WTi	TGEGFLCVFAINNTK_167	16
WTi1	WTi	SYGIPFIETSAKTRQGVDDAFYTLVR_0	6
WTi1	WTi	TGEGFLCVFAINNTK_168	12
WTi1	WTi	TGEGFLCVFAINNTK_32	7
WTi1	WTi	TGEGFLCVFAINNTK_177	18
WTi1	WTi	TGEGFLCVFAINNTK_172	1
WTi1	WTi	TGEGFLCVFAINNTK_94	6
WTi1	WTi	TGEGFLCVFAINNTK_153	1
WTi1	WTi	TGEGFLCVFAINNTK_47	1
WTi1	WTi	TGEGFLCVFAINNTK_77	19
WTi1	WTi	TGEGFLCVFAINNTK_138	12
WTi1	WTi	TGEGFLCVFAINNTK_161.9	4
WTi1	WTi	TGEGFLCVFAINNTK_-35	4
WTi1	WTi	TGEGFLCVFAINNTK_38.9	1
WTi1	WTi	TGEGFLCVFAINNTK_4	2
WTi1	WTi	TGEGFLCVFAINNTK_17	18
WTi1	WTi	TGEGFLCVFAINNTK_140	1
WTi1	WTi	TGEGFLCVFAINNTK_-4.9	2
WTi1	WTi	TGEGFLCVFAINNTK_304	1
WTi1	WTi	QGVDDAFYTLVR_43	4
WTi1	WTi	TGEGFLCVFAINNTK_13	2
WTi1	WTi	TGEGFLCVFAINNTK_-2	5
WTi1	WTi	TGEGFLCVFAINNTK_290	7
WTi1	WTi	QGVDDAFYTLVR_6.9	1
WTi1	WTi	QGVDDAFYTLVREIR_0	5
WTi1	WTi	TGEGFLCVFAINNTK_96	5
WTi1	WTi	QGVDDAFYTLVREIR_1	1
WTi1	WTi	TGEGFLCVFAINNTK_127	3
WTi1	WTi	SALTIQLIQNHFVDEYDPTIEDSYRK_-0.9	1
WTi1	WTi	TGEGFLCVFAINNTK_61	2
WTi1	WTi	TGEGFLCVFAINNTK_170	1
WTi1	WTi	TGEGFLCVFAINNTK_151	8
WTi1	WTi	QGVDDAFYTLVR_4.9	1
WTi1	WTi	TGEGFLCVFAINNTK_116.9	2
WTi1	WTi	TGEGFLCVFAINNTK_179	7
WTi1	WTi	SALTIQLIQNHFVDEYDPTIEDSYRK_43	5
WTi1	WTi	TGEGFLCVFAINNTK_131	2
WTi1	WTi	TGEGFLCVFAINNTK_112	3
WTi1	WTi	TGEGFLCVFAINNTK_165	5
WTi1	WTi	TGEGFLCVFAINNTK_228.9	2
WTi1	WTi	KQVVIDGETCLLDILDTAGQEEYSAMRDQYMR_0	38
WTi1	WTi	KQVVIDGETCLLDILDTAGQEEYSAMRDQYMR_1	9
WTi1	WTi	SALTIQLIQNHFVDEYDPTIEDSYR_2	1
WTi1	WTi	TGEGFLCVFAINNTK_-9	10
WTi1	WTi	TGEGFLCVFAINNTK_45	4
WTi1	WTi	TGEGFLCVFAINNTK_100.9	4
WTi1	WTi	TGEGFLCVFAINNTK_7	3
WTi1	WTi	KQVVIDGETCLLDILDTAGQEEYSAMR_15	7
WTi1	WTi	TGEGFLCVFAINNTK_262	1
WTi1	WTi	TGEGFLCVFAINNTK_245	1
WTi1	WTi	KQVVIDGETCLLDILDTAGQEEYSAMR_0	71
WTi1	WTi	KQVVIDGETCLLDILDTAGQEEYSAMR_53.9	9
WTi1	WTi	KQVVIDGETCLLDILDTAGQEEYSAMR_4	6
WTi1	WTi	KQVVIDGETCLLDILDTAGQEEYSAMR_21.9	3
WTi1	WTi	KQVVIDGETCLLDILDTAGQEEYSAMR_23	16
WTi1	WTi	KQVVIDGETCLLDILDTAGQEEYSAMR_-1	3
WTi1	WTi	KQVVIDGETCLLDILDTAGQEEYSAMR_22	20
WTi1	WTi	SALTIQLIQNHFVDEYDPTIEDSYRK_-1	9
WTi1	WTi	KQVVIDGETCLLDILDTAGQEEYSAMR_1	17
WTi1	WTi	TGEGFLCVFAINNTK_141	7
WTi1	WTi	TGEGFLCVFAINNTK_159	3
WTi1	WTi	TGEGFLCVFAINNTK_229	4
WTi1	WTi	SALTIQLIQNHFVDEYDPTIEDSYR_-1	4
WTi1	WTi	TGEGFLCVFAINNTK_28.9	53
WTi1	WTi	TGEGFLCVFAINNTK_12.9	46
WTi1	WTi	TGEGFLCVFAINNTK_13.9	4
WTi1	WTi	QVVIDGETCLLDILDTAGQEEYSAMRDQYMR_316.2	1
WTi1	WTi	TGEGFLCVFAINNTK_-25	15
WTi1	WTi	TGEGFLCVFAINNTK_43	4
WTi1	WTi	TGEGFLCVFAINNTK_193	1
WTi1	WTi	TGEGFLCVFAINNTK_-3.1	16
WTi1	WTi	TGEGFLCVFAINNTK_193.1	1
WTi1	WTi	QVVIDGETCLLDILDTAGQEEYSAMR_144.1	3
WTi1	WTi	TGEGFLCVFAINNTK_-0.1	3
WTi1	WTi	TGEGFLCVFAINNTK_15.9	1
WTi1	WTi	TGEGFLCVFAINNTK_-3	3
WTi1	WTi	TGEGFLCVFAINNTK_-24	1
WTi1	WTi	TGEGFLCVFAINNTK_143	9
WTi1	WTi	QVVIDGETCLLDILDTAGQEEYSAMR_17	1
WTi1	WTi	TGEGFLCVFAINNTK_164.9	5
WTi1	WTi	TGEGFLCVFAINNTK_180.9	3
WTi1	WTi	KQVVIDGETCLLDILDTAGQEEYSAMR_138	8
WTi1	WTi	SALTIQLIQNHFVDEYDPTIEDSYR_43	1
WTi1	WTi	TGEGFLCVFAINNTK_221	3
WTi1	WTi	TGEGFLCVFAINNTK_221.1	1
WTi1	WTi	TGEGFLCVFAINNTK_-7	1
WTi1	WTi	QVVIDGETCLLDILDTAGQEEYSAMRDQYMR_0	51
WTi1	WTi	QVVIDGETCLLDILDTAGQEEYSAMRDQYMR_22	7
WTi1	WTi	QVVIDGETCLLDILDTAGQEEYSAMRDQYMR_38.9	2
WTi1	WTi	QVVIDGETCLLDILDTAGQEEYSAMR_71.1	13
WTi1	WTi	QVVIDGETCLLDILDTAGQEEYSAMRDQYMR_-1	3
WTi1	WTi	KQVVIDGETCLLDILDTAGQEEYSAMR_37.9	16
WTi1	WTi	KQVVIDGETCLLDILDTAGQEEYSAMR_2	10
WTi1	WTi	KQVVIDGETCLLDILDTAGQEEYSAMR_75.9	3
WTi1	WTi	KQVVIDGETCLLDILDTAGQEEYSAMR_38.9	2
WTi1	WTi	KQVVIDGETCLLDILDTAGQEEYSAMR_23.9	3
WTi1	WTi	QVVIDGETCLLDILDTAGQEEYSAMRDQYMR_21	1
WTi1	WTi	KQVVIDGETCLLDILDTAGQEEYSAMR_60.9	1
WTi1	WTi	KQVVIDGETCLLDILDTAGQEEYSAMR_76.9	1
WTi1	WTi	KQVVIDGETCLLDILDTAGQEEYSAMR_24	8
WTi1	WTi	TGEGFLCVFAINNTK_60.9	1
WTi1	WTi	QVVIDGETCLLDILDTAGQEEYSAMR_114.1	4
WTi1	WTi	TGEGFLCVFAINNTK_6.9	4
WTi1	WTi	QVVIDGETCLLDILDTAGQEEYSAMRDQYMR_1	5
WTi1	WTi	TGEGFLCVFAINNTK_44.9	4
WTi1	WTi	QVVIDGETCLLDILDTAGQEEYSAMR_128.1	5
WTi1	WTi	KQVVIDGETCLLDILDTAGQEEYSAMRDQYMR_38	1
WTi1	WTi	QVVIDGETCLLDILDTAGQEEYSAMR_103.1	2
WTi1	WTi	QVVIDGETCLLDILDTAGQEEYSAMR_15	4
WTi1	WTi	KQVVIDGETCLLDILDTAGQEEYSAMRDQYMR_37.9	4
WTi1	WTi	QVVIDGETCLLDILDTAGQEEYSAMR_0	29
WTi1	WTi	QVVIDGETCLLDILDTAGQEEYSAMR_53.9	4
WTi1	WTi	KQVVIDGETCLLDILDTAGQEEYSAMR_167	3
WTi1	WTi	QVVIDGETCLLDILDTAGQEEYSAMR_1	20
WTi1	WTi	QVVIDGETCLLDILDTAGQEEYSAMR_54	1
WTi1	WTi	QVVIDGETCLLDILDTAGQEEYSAMR_22	20
WTi1	WTi	QVVIDGETCLLDILDTAGQEEYSAMR_23	6
WTi1	WTi	QVVIDGETCLLDILDTAGQEEYSAMR_75.9	4
WTi1	WTi	SALTIQLIQNHFVDEYDPTIEDSYR_-1.1	2
WTi1	WTi	QVVIDGETCLLDILDTAGQEEYSAMR_4	7
WTi1	WTi	KQVVIDGETCLLDILDTAGQEEYSAMR_93	2
WTi1	WTi	QVVIDGETCLLDILDTAGQEEYSAMR_138	3
WTi1	WTi	KQVVIDGETCLLDILDTAGQEEYSAMR_109	2
WTi1	WTi	QVVIDGETCLLDILDTAGQEEYSAMR_-25	8
WTi1	WTi	QVVIDGETCLLDILDTAGQEEYSAMRDQYMR_37.9	7
WTi1	WTi	QVVIDGETCLLDILDTAGQEEYSAMRDQYMR_-17	13
WTi1	WTi	QVVIDGETCLLDILDTAGQEEYSAMRDQYMR_23	2
WTi1	WTi	QVVIDGETCLLDILDTAGQEEYSAMR_37.9	8
WTi1	WTi	QVVIDGETCLLDILDTAGQEEYSAMR_24	3
WTi1	WTi	QVVIDGETCLLDILDTAGQEEYSAMR_38	8
WTi1	WTi	QVVIDGETCLLDILDTAGQEEYSAMR_-17	34
WTi1	WTi	QVVIDGETCLLDILDTAGQEEYSAMR_-57	5
WTi1	WTi	QVVIDGETCLLDILDTAGQEEYSAMR_-19.1	1
WTi1	WTi	QVVIDGETCLLDILDTAGQEEYSAMR_109	1
WTi1	WTi	QVVIDGETCLLDILDTAGQEEYSAMR_-24	1
WTi1	WTi	QVVIDGETCLLDILDTAGQEEYSAMR_20.9	7
WTi1	WTi	QVVIDGETCLLDILDTAGQEEYSAMR_-2	1
WTi1	WTi	QVVIDGETCLLDILDTAGQEEYSAMR_21.9	1
WTi1	WTi	QVVIDGETCLLDILDTAGQEEYSAMR_-16	5
WTi1	WTi	QVVIDGETCLLDILDTAGQEEYSAMR_-35	1
WTi1	WTi	QVVIDGETCLLDILDTAGQEEYSAMR_-74	5
WTi1	WTi	QVVIDGETCLLDILDTAGQEEYSAMR_43	1
WTi1	WTi	QVVIDGETCLLDILDTAGQEEYSAMR_-72	1
WTi1	WTi	QVVIDGETCLLDILDTAGQEEYSAMR_-74.1	1
WTi1	WTi	SFEDIHHYR_-0.1	2
WTi1	WTi	TVDTKQAQDLAR_37.9	1
WTi1	WTi	SFEDIHHYR_0.1	1
WTi1	WTi	SFEDIHHYR_-18	1
WTi1	WTi	SFEDIHHYR_53.9	1
WTi1	WTi	SFEDIHHYREQIKR_-87	1
WTi1	WTi	LVVVGAGGVGK_340.2	2
WTi1	WTi	MTEYKLVVVGAGGVGK_61	1
WTi1	WTi	VKDSEDVPMVLVGNK_52.9	2
WTi1	WTi	VKDSEDVPMVLVGNKCDLPSR_-25.1	1
WTi1	WTi	VKDSEDVPMVLVGNKCDLPSR_-1	1
WTi1	WTi	VKDSEDVPMVLVGNKCDLPSR_6	2
WTi1	WTi	VKDSEDVPMVLVGNKCDLPSR_284.1	1
WTi1	WTi	VKDSEDVPMVLVGNKCDLPSR_8	1
WTi1	WTi	VKDSEDVPMVLVGNKCDLPSR_22.9	1
WTi1	WTi	VKDSEDVPMVLVGNKCDLPSR_37	1
WTi1	WTi	DSEDVPMVLVGNK_38	1
WTi1	WTi	TRQGVDDAFYTLVR_53.9	1
WTi1	WTi	TRQGVDDAFYTLVR_0.1	1
WTi1	WTi	TGEGFLCVFAINNTK_408.1	3
WTi1	WTi	TGEGFLCVFAINNTK_409.1	1
WTi1	WTi	SYGIPFIETSAK_382.1	3
WTi1	WTi	SYGIPFIETSAK_57	1
WTi1	WTi	QGVDDAFYTLVR_24	1
WTi1	WTi	QGVDDAFYTLVR_-35	2
WTi1	WTi	QGVDDAFYTLVR_-36	1
WTi1	WTi	QGVDDAFYTLVR_3	1
WTi1	WTi	SALTIQLIQNHFVDEYDPTIEDSYRK_17	1
WTi1	WTi	SALTIQLIQNHFVDEYDPTIEDSYR_166	1
WTi1	WTi	TRQGVDDAFYTLVREIR_0	1
WTi1	WTi	SALTIQLIQNHFVDEYDPTIEDSYRK_21.9	1
WTi1	WTi	SALTIQLIQNHFVDEYDPTIEDSYRK_114.5	1
WTi1	WTi	SYGIPFIETSAK_1	1
WTi1	WTi	SALTIQLIQNHFVDEYDPTIEDSYRK_117.9	1
WTi1	WTi	TGEGFLCVFAINNTK_55	1
WTi1	WTi	TGEGFLCVFAINNTK_286	2
WTi1	WTi	SALTIQLIQNHFVDEYDPTIEDSYR_-18	2
WTi1	WTi	TGEGFLCVFAINNTK_199	2
WTi1	WTi	TGEGFLCVFAINNTK_207	1
WTi1	WTi	TGEGFLCVFAINNTK_95	2
WTi1	WTi	TGEGFLCVFAINNTK_160	1
WTi1	WTi	TGEGFLCVFAINNTK_319	2
WTi1	WTi	KQVVIDGETCLLDILDTAGQEEYSAMR_41	1
WTi1	WTi	QGVDDAFYTLVR_7	1
WTi1	WTi	QRVEDAFYTLVR_-108.1	1
WTi1	WTi	TGEGFLCVFAINNTK_244.9	2
WTi1	WTi	TGEGFLCVFAINNTK_33	1
WTi1	WTi	TGEGFLCVFAINNTK_132.9	1
WTi1	WTi	TGEGFLCVFAINNTK_226.9	1
WTi1	WTi	TGEGFLCVFAINNTK_92.9	1
WTi1	WTi	KQVVIDGETCLLDILDTAGQEEYSAMR_24.1	1
WTi1	WTi	KQVVIDGETCLLDILDTAGQEEYSAMRDQYMR_-1	2
WTi1	WTi	TGEGFLCVFAINNTK_230	1
WTi1	WTi	TGEGFLCVFAINNTK_-8	1
WTi1	WTi	TGEGFLCVFAINNTK_-2.1	1
WTi1	WTi	TGEGFLCVFAINNTK_144	1
WTi1	WTi	KQVVIDGETCLLDILDTAGQEEYSAMR_61.9	2
WTi1	WTi	KQVVIDGETCLLDILDTAGQEEYSAMR_38	2
WTi1	WTi	QVVIDGETCLLDILDTAGQEEYSAMR_86.1	1
WTi1	WTi	TGEGFLCVFAINNTK_22.9	1
WTi1	WTi	TGEGFLCVFAINNTK_7.9	1
WTi1	WTi	KQVVIDGETCLLDILDTAGQEEYSAMR_79	1
WTi1	WTi	KQVVIDGETCLLDILDTAGQEEYSAMR_12.9	1
WTi1	WTi	QVVIDGETCLLDILDTAGQEEYSAMR_38.9	1
WTi1	WTi	KQVVIDGETCLLDILDTAGQEEYSAMR_92.9	1
WTi1	WTi	QVVIDGETCLLDILDTAGQEEYSAMRDQYMR_-57	1
WTi1	WTi	QVVIDGETCLLDILDTAGQEEYSAMR_93	1
WTi1	WTi	QVVIDGETCLLDILDTAGQEEYSAMR_-15	1
WTi1	WTi	QVVIDGETCLLDILDTAGQEEYSAMR_77	1
WTi1	WTi	QVVIDGETCLLDILDTAGQEEYSAMR_-26.1	1
WTi1	WTi	QVVIDGETCLLDILDTAGQEEYSAMR_-1	1
WTi1	WTi	QVVIDGETCLLDILDTAGQEEYSAMR_-17.1	1
WTi2	WTi	QAQDLAR_0	4
WTi2	WTi	TVDTKQAQDLAR_0	4
WTi2	WTi	TVDTKQAQDLAR_37.9	1
WTi2	WTi	SFEDIHHYR_0	720
WTi2	WTi	SFEDIHHYR_-87	11
WTi2	WTi	SFEDIHHYR_37.9	3
WTi2	WTi	SFEDIHHYR_-18	3
WTi2	WTi	SFEDIHHYR_1	4
WTi2	WTi	LVVVGAGGVGK_128.1	1
WTi2	WTi	SFEDIHHYREQIKR_0	225
WTi2	WTi	SFEDIHHYREQIKR_38	1
WTi2	WTi	SFEDIHHYREQIKR_37.9	1
WTi2	WTi	YDPTIEDSYRK_0	4
WTi2	WTi	SFEDIHHYREQIKR_1	5
WTi2	WTi	SFEDIHHYREQIK_0	6
WTi2	WTi	RVKDSEDVPMVLVGNK_0	13
WTi2	WTi	LVVVGAGGVGK_0	289
WTi2	WTi	LVVVGAGGVGK_-18	5
WTi2	WTi	LVVVGAGGVGK_53.9	2
WTi2	WTi	LVVVGAGGVGK_24	1
WTi2	WTi	LVVVGAGGVGK_340.2	3
WTi2	WTi	SFEDIHHYR_43	4
WTi2	WTi	VKDSEDVPMVLVGNK_0	647
WTi2	WTi	VKDSEDVPMVLVGNK_1	51
WTi2	WTi	VKDSEDVPMVLVGNK_2	5
WTi2	WTi	VKDSEDVPMVLVGNK_22	38
WTi2	WTi	VKDSEDVPMVLVGNK_23	5
WTi2	WTi	VKDSEDVPMVLVGNK_38	11
WTi2	WTi	VKDSEDVPMVLVGNK_53.9	6
WTi2	WTi	VKDSEDVPMVLVGNK_24	11
WTi2	WTi	YDPTIEDSYR_0	3
WTi2	WTi	VKDSEDVPMVLVGNK_156.1	1
WTi2	WTi	LVVVGAGGVGK_1	5
WTi2	WTi	VKDSEDVPMVLVGNKCDLPSR_0	55
WTi2	WTi	SFEDIHHYR_183	1
WTi2	WTi	VKDSEDVPMVLVGNKCDLPSR_156.1	2
WTi2	WTi	MTEYKLVVVGAGGVGK_61	2
WTi2	WTi	MTEYKLVVVGAGGVGK_103	5
WTi2	WTi	VKDSEDVPMVLVGNK_37.9	33
WTi2	WTi	VKDSEDVPMVLVGNK_-17	9
WTi2	WTi	VKDSEDVPMVLVGNK_-35	10
WTi2	WTi	VKDSEDVPMVLVGNK_21.9	6
WTi2	WTi	DSEDVPMVLVGNK_0	29
WTi2	WTi	VKDSEDVPMVLVGNK_52.9	4
WTi2	WTi	VKDSEDVPMVLVGNK_-18	2
WTi2	WTi	YDPTIEDSYRK_490.2	6
WTi2	WTi	VKDSEDVPMVLVGNK_-99.1	1
WTi2	WTi	VKDSEDVPMVLVGNK_-0.2	4
WTi2	WTi	VKDSEDVPMVLVGNK_0.1	2
WTi2	WTi	DSEDVPMVLVGNKCDLPSRTVDTK_227.2	4
WTi2	WTi	VKDSEDVPMVLVGNKCDLPSR_-25	28
WTi2	WTi	VKDSEDVPMVLVGNKCDLPSR_-9	24
WTi2	WTi	VKDSEDVPMVLVGNKCDLPSR_28.9	6
WTi2	WTi	VKDSEDVPMVLVGNKCDLPSR_-57	14
WTi2	WTi	VKDSEDVPMVLVGNKCDLPSR_12.9	5
WTi2	WTi	VKDSEDVPMVLVGNKCDLPSR_38	3
WTi2	WTi	VKDSEDVPMVLVGNKCDLPSR_37.9	8
WTi2	WTi	VKDSEDVPMVLVGNKCDLPSR_22	11
WTi2	WTi	VKDSEDVPMVLVGNKCDLPSR_3	4
WTi2	WTi	VKDSEDVPMVLVGNKCDLPSR_7	3
WTi2	WTi	VKDSEDVPMVLVGNKCDLPSR_6	3
WTi2	WTi	VKDSEDVPMVLVGNKCDLPSR_53.9	1
WTi2	WTi	VKDSEDVPMVLVGNKCDLPSR_54.9	1
WTi2	WTi	VKDSEDVPMVLVGNKCDLPSR_1	4
WTi2	WTi	VKDSEDVPMVLVGNKCDLPSR_248	4
WTi2	WTi	VKDSEDVPMVLVGNKCDLPSR_15	5
WTi2	WTi	VKDSEDVPMVLVGNKCDLPSR_284.1	2
WTi2	WTi	VKDSEDVPMVLVGNKCDLPSR_79	4
WTi2	WTi	MTEYKLVVVGAGGVGK_87	12
WTi2	WTi	VKDSEDVPMVLVGNKCDLPSR_487.3	1
WTi2	WTi	VKDSEDVPMVLVGNK_0.8	2
WTi2	WTi	TEYKLVVVGAGGVGK_219.1	1
WTi2	WTi	DSEDVPMVLVGNK_227.2	8
WTi2	WTi	VKDSEDVPMVLVGNK_43	5
WTi2	WTi	VKDSEDVPMVLVGNKCDLPSR_95	4
WTi2	WTi	VKDSEDVPMVLVGNKCDLPSR_167	2
WTi2	WTi	VKDSEDVPMVLVGNKCDLPSR_138	6
WTi2	WTi	VKDSEDVPMVLVGNKCDLPSR_-25.1	1
WTi2	WTi	VKDSEDVPMVLVGNK_1.1	1
WTi2	WTi	VKDSEDVPMVLVGNKCDLPSR_-8	2
WTi2	WTi	VKDSEDVPMVLVGNKCDLPSR_-7	2
WTi2	WTi	YDPTIEDSYR_490.2	2
WTi2	WTi	VKDSEDVPMVLVGNKCDLPSR_93	11
WTi2	WTi	VKDSEDVPMVLVGNKCDLPSR_6.9	5
WTi2	WTi	SYGIPFIETSAKTR_0	13
WTi2	WTi	DSEDVPMVLVGNKCDLPSR_0	16
WTi2	WTi	DSEDVPMVLVGNK_6	4
WTi2	WTi	DSEDVPMVLVGNK_37.9	3
WTi2	WTi	DSEDVPMVLVGNK_21.9	3
WTi2	WTi	DSEDVPMVLVGNK_22	13
WTi2	WTi	DSEDVPMVLVGNKCDLPSR_1	3
WTi2	WTi	DSEDVPMVLVGNK_4	1
WTi2	WTi	DSEDVPMVLVGNK_23	1
WTi2	WTi	TRQGVDDAFYTLVR_0	132
WTi2	WTi	VKDSEDVPMVLVGNKCDLPSR_109	5
WTi2	WTi	TRQGVDDAFYTLVR_22	2
WTi2	WTi	TRQGVDDAFYTLVR_1	15
WTi2	WTi	TRQGVDDAFYTLVR_37.9	4
WTi2	WTi	TRQGVDDAFYTLVR_38	1
WTi2	WTi	TRQGVDDAFYTLVR_24	4
WTi2	WTi	TRQGVDDAFYTLVR_-18	10
WTi2	WTi	VKDSEDVPMVLVGNKCDLPSR_111	2
WTi2	WTi	TRQGVDDAFYTLVR_2	3
WTi2	WTi	VKDSEDVPMVLVGNK_45	1
WTi2	WTi	LVVVGAGGVGK_43	4
WTi2	WTi	VKDSEDVPMVLVGNKCDLPSR_77	3
WTi2	WTi	DSEDVPMVLVGNKCDLPSR_-25	5
WTi2	WTi	DSEDVPMVLVGNKCDLPSR_-9	6
WTi2	WTi	SALTIQLIQNHFVDEYDPTIEDSYRK_0	317
WTi2	WTi	SYGIPFIETSAK_0	245
WTi2	WTi	TGEGFLCVFAINNTK_218.1	1
WTi2	WTi	TGEGFLCVFAINNTK_408.1	4
WTi2	WTi	TGEGFLCVFAINNTK_409.2	1
WTi2	WTi	SYGIPFIETSAK_2	15
WTi2	WTi	TGEGFLCVFAINNTK_-27	4
WTi2	WTi	SYGIPFIETSAK_22	5
WTi2	WTi	SYGIPFIETSAK_-18	3
WTi2	WTi	SYGIPFIETSAK_24	1
WTi2	WTi	SYGIPFIETSAK_-4	11
WTi2	WTi	SYGIPFIETSAK_3	1
WTi2	WTi	TGEGFLCVFAINNTKSFEDIHHYREQIK_156.1	3
WTi2	WTi	QGVDDAFYTLVR_0	105
WTi2	WTi	QGVDDAFYTLVR_37.9	14
WTi2	WTi	QGVDDAFYTLVR_-17	41
WTi2	WTi	QGVDDAFYTLVR_-18	11
WTi2	WTi	QGVDDAFYTLVR_53.9	4
WTi2	WTi	QGVDDAFYTLVR_22	3
WTi2	WTi	QGVDDAFYTLVR_5	18
WTi2	WTi	QGVDDAFYTLVR_4.9	1
WTi2	WTi	QGVDDAFYTLVR_4	2
WTi2	WTi	QGVDDAFYTLVR_-35	1
WTi2	WTi	TGEGFLCVFAINNTKSFEDIHHYR_0	1
WTi2	WTi	SALTIQLIQNHFVDEYDPTIEDSYRK_1	46
WTi2	WTi	SALTIQLIQNHFVDEYDPTIEDSYRK_38.9	6
WTi2	WTi	QGVDDAFYTLVR_1	3
WTi2	WTi	QGVDDAFYTLVR_3	1
WTi2	WTi	SALTIQLIQNHFVDEYDPTIEDSYR_128.1	6
WTi2	WTi	TGEGFLCVFAINNTK_301.1	2
WTi2	WTi	SALTIQLIQNHFVDEYDPTIEDSYRK_-17	9
WTi2	WTi	SALTIQLIQNHFVDEYDPTIEDSYRK_20.9	1
WTi2	WTi	SALTIQLIQNHFVDEYDPTIEDSYRK_-18	8
WTi2	WTi	SALTIQLIQNHFVDEYDPTIEDSYRK_37.9	24
WTi2	WTi	SALTIQLIQNHFVDEYDPTIEDSYRK_22	25
WTi2	WTi	SALTIQLIQNHFVDEYDPTIEDSYRK_23	13
WTi2	WTi	SALTIQLIQNHFVDEYDPTIEDSYRK_38	11
WTi2	WTi	SALTIQLIQNHFVDEYDPTIEDSYRK_3	4
WTi2	WTi	SALTIQLIQNHFVDEYDPTIEDSYRK_59.9	2
WTi2	WTi	YDPTIEDSYRK_244.1	4
WTi2	WTi	SALTIQLIQNHFVDEYDPTIEDSYRK_24	3
WTi2	WTi	SALTIQLIQNHFVDEYDPTIEDSYRK_2	3
WTi2	WTi	SALTIQLIQNHFVDEYDPTIEDSYRK_91.9	1
WTi2	WTi	SALTIQLIQNHFVDEYDPTIEDSYRK_39.9	1
WTi2	WTi	YDPTIEDSYRK_129	1
WTi2	WTi	SALTIQLIQNHFVDEYDPTIEDSYRK_61.9	2
WTi2	WTi	SALTIQLIQNHFVDEYDPTIEDSYRK_53.9	6
WTi2	WTi	SALTIQLIQNHFVDEYDPTIEDSYRK_16	10
WTi2	WTi	SALTIQLIQNHFVDEYDPTIEDSYRK_4	2
WTi2	WTi	SALTIQLIQNHFVDEYDPTIEDSYRK_52.9	1
WTi2	WTi	SALTIQLIQNHFVDEYDPTIEDSYRK_80	8
WTi2	WTi	SALTIQLIQNHFVDEYDPTIEDSYR_208.1	1
WTi2	WTi	TGEGFLCVFAINNTK_16	11
WTi2	WTi	SALTIQLIQNHFVDEYDPTIEDSYR_1	22
WTi2	WTi	TGEGFLCVFAINNTK_109	51
WTi2	WTi	TGEGFLCVFAINNTK_15	7
WTi2	WTi	TGEGFLCVFAINNTK_43	6
WTi2	WTi	TGEGFLCVFAINNTK_-57	29
WTi2	WTi	TGEGFLCVFAINNTK_0	130
WTi2	WTi	TGEGFLCVFAINNTK_22	7
WTi2	WTi	TGEGFLCVFAINNTK_62	3
WTi2	WTi	TGEGFLCVFAINNTK_24	6
WTi2	WTi	TGEGFLCVFAINNTK_38	1
WTi2	WTi	TGEGFLCVFAINNTK_37.9	5
WTi2	WTi	TGEGFLCVFAINNTK_1	8
WTi2	WTi	TGEGFLCVFAINNTK_-18	2
WTi2	WTi	TGEGFLCVFAINNTK_53.9	3
WTi2	WTi	TGEGFLCVFAINNTK_-101	1
WTi2	WTi	TGEGFLCVFAINNTK_55	1
WTi2	WTi	TGEGFLCVFAINNTK_-1	3
WTi2	WTi	TGEGFLCVFAINNTK_248	16
WTi2	WTi	SYGIPFIETSAK_43	4
WTi2	WTi	TGEGFLCVFAINNTK_248.1	2
WTi2	WTi	SALTIQLIQNHFVDEYDPTIEDSYR_-17	3
WTi2	WTi	TGEGFLCVFAINNTK_125	7
WTi2	WTi	TGEGFLCVFAINNTK_79	12
WTi2	WTi	SALTIQLIQNHFVDEYDPTIEDSYR_0	138
WTi2	WTi	SALTIQLIQNHFVDEYDPTIEDSYR_37.9	27
WTi2	WTi	SALTIQLIQNHFVDEYDPTIEDSYR_38	7
WTi2	WTi	SALTIQLIQNHFVDEYDPTIEDSYR_22	20
WTi2	WTi	SALTIQLIQNHFVDEYDPTIEDSYR_23	23
WTi2	WTi	TGEGFLCVFAINNTK_128	1
WTi2	WTi	SALTIQLIQNHFVDEYDPTIEDSYR_75.9	3
WTi2	WTi	SALTIQLIQNHFVDEYDPTIEDSYR_53.9	8
WTi2	WTi	SALTIQLIQNHFVDEYDPTIEDSYR_24	7
WTi2	WTi	SALTIQLIQNHFVDEYDPTIEDSYR_3	11
WTi2	WTi	SALTIQLIQNHFVDEYDPTIEDSYRK_-66.2	1
WTi2	WTi	SALTIQLIQNHFVDEYDPTIEDSYR_59.9	6
WTi2	WTi	SALTIQLIQNHFVDEYDPTIEDSYR_61.9	2
WTi2	WTi	TGEGFLCVFAINNTK_25	3
WTi2	WTi	SALTIQLIQNHFVDEYDPTIEDSYR_38.9	2
WTi2	WTi	SALTIQLIQNHFVDEYDPTIEDSYR_54.9	1
WTi2	WTi	TGEGFLCVFAINNTK_108.9	2
WTi2	WTi	TGEGFLCVFAINNTK_184	5
WTi2	WTi	TGEGFLCVFAINNTK_93	30
WTi2	WTi	TGEGFLCVFAINNTK_7	6
WTi2	WTi	SALTIQLIQNHFVDEYDPTIEDSYR_-9.1	3
WTi2	WTi	SALTIQLIQNHFVDEYDPTIEDSYR_52.9	2
WTi2	WTi	SALTIQLIQNHFVDEYDPTIEDSYR_-9.2	3
WTi2	WTi	TGEGFLCVFAINNTK_-9	22
WTi2	WTi	TGEGFLCVFAINNTK_-14	3
WTi2	WTi	SALTIQLIQNHFVDEYDPTIEDSYR_-8.1	1
WTi2	WTi	TGEGFLCVFAINNTK_80	6
WTi2	WTi	TGEGFLCVFAINNTK_167	16
WTi2	WTi	TGEGFLCVFAINNTK_177	13
WTi2	WTi	TGEGFLCVFAINNTK_32	4
WTi2	WTi	TGEGFLCVFAINNTK_94	3
WTi2	WTi	TGEGFLCVFAINNTK_152	5
WTi2	WTi	TGEGFLCVFAINNTK_277	5
WTi2	WTi	TGEGFLCVFAINNTK_172	4
WTi2	WTi	TGEGFLCVFAINNTK_228	5
WTi2	WTi	TGEGFLCVFAINNTK_181	2
WTi2	WTi	TGEGFLCVFAINNTK_96	10
WTi2	WTi	TGEGFLCVFAINNTK_47	4
WTi2	WTi	TGEGFLCVFAINNTK_153	1
WTi2	WTi	TGEGFLCVFAINNTK_77	22
WTi2	WTi	SALTIQLIQNHFVDEYDPTIEDSYR_1.9	3
WTi2	WTi	TGEGFLCVFAINNTK_95	1
WTi2	WTi	TGEGFLCVFAINNTK_138	29
WTi2	WTi	TGEGFLCVFAINNTK_140	3
WTi2	WTi	TGEGFLCVFAINNTK_17	30
WTi2	WTi	TGEGFLCVFAINNTK_-56	1
WTi2	WTi	TGEGFLCVFAINNTK_-35	3
WTi2	WTi	TGEGFLCVFAINNTK_38.9	1
WTi2	WTi	TGEGFLCVFAINNTK_319	5
WTi2	WTi	TGEGFLCVFAINNTK_304	4
WTi2	WTi	TGEGFLCVFAINNTK_176.9	1
WTi2	WTi	QGVDDAFYTLVR_43	4
WTi2	WTi	TGEGFLCVFAINNTK_13	5
WTi2	WTi	TGEGFLCVFAINNTK_199	2
WTi2	WTi	TGEGFLCVFAINNTK_-2	3
WTi2	WTi	TGEGFLCVFAINNTK_211	1
WTi2	WTi	TGEGFLCVFAINNTK_46	2
WTi2	WTi	TGEGFLCVFAINNTK_290	1
WTi2	WTi	TGEGFLCVFAINNTK_-91	4
WTi2	WTi	QGVDDAFYTLVR_6.9	3
WTi2	WTi	TGEGFLCVFAINNTK_61	4
WTi2	WTi	TGEGFLCVFAINNTK_127	3
WTi2	WTi	SALTIQLIQNHFVDEYDPTIEDSYRK_-0.9	1
WTi2	WTi	TGEGFLCVFAINNTK_151	11
WTi2	WTi	TGEGFLCVFAINNTK_170	2
WTi2	WTi	TGEGFLCVFAINNTK_169.9	1
WTi2	WTi	TGEGFLCVFAINNTK_178.1	1
WTi2	WTi	TGEGFLCVFAINNTK_139	1
WTi2	WTi	TGEGFLCVFAINNTK_245	13
WTi2	WTi	TGEGFLCVFAINNTK_179	6
WTi2	WTi	SALTIQLIQNHFVDEYDPTIEDSYRK_-1	5
WTi2	WTi	SALTIQLIQNHFVDEYDPTIEDSYRK_43	2
WTi2	WTi	SALTIQLIQNHFVDEYDPTIEDSYRK_81	1
WTi2	WTi	TGEGFLCVFAINNTK_131	1
WTi2	WTi	TGEGFLCVFAINNTK_112	2
WTi2	WTi	TGEGFLCVFAINNTK_165	4
WTi2	WTi	TGEGFLCVFAINNTK_168	12
WTi2	WTi	TGEGFLCVFAINNTK_198	1
WTi2	WTi	TGEGFLCVFAINNTK_229	12
WTi2	WTi	TGEGFLCVFAINNTK_169	1
WTi2	WTi	TGEGFLCVFAINNTK_227.9	2
WTi2	WTi	KQVVIDGETCLLDILDTAGQEEYSAMRDQYMR_0	33
WTi2	WTi	SALTIQLIQNHFVDEYDPTIEDSYRK_183	2
WTi2	WTi	KQVVIDGETCLLDILDTAGQEEYSAMRDQYMR_1	7
WTi2	WTi	TGEGFLCVFAINNTK_45	4
WTi2	WTi	TGEGFLCVFAINNTK_100.9	2
WTi2	WTi	TGEGFLCVFAINNTK_163	2
WTi2	WTi	TGEGFLCVFAINNTK_28.9	67
WTi2	WTi	TGEGFLCVFAINNTK_44.9	32
WTi2	WTi	TGEGFLCVFAINNTK_261	5
WTi2	WTi	TGEGFLCVFAINNTK_244.9	6
WTi2	WTi	TGEGFLCVFAINNTK_246	1
WTi2	WTi	KQVVIDGETCLLDILDTAGQEEYSAMR_15	9
WTi2	WTi	TGEGFLCVFAINNTK_317	3
WTi2	WTi	KQVVIDGETCLLDILDTAGQEEYSAMR_0	66
WTi2	WTi	KQVVIDGETCLLDILDTAGQEEYSAMR_53.9	7
WTi2	WTi	KQVVIDGETCLLDILDTAGQEEYSAMR_23	14
WTi2	WTi	KQVVIDGETCLLDILDTAGQEEYSAMR_22	16
WTi2	WTi	KQVVIDGETCLLDILDTAGQEEYSAMR_24	3
WTi2	WTi	KQVVIDGETCLLDILDTAGQEEYSAMR_-1	3
WTi2	WTi	KQVVIDGETCLLDILDTAGQEEYSAMR_1	20
WTi2	WTi	TGEGFLCVFAINNTK_205	1
WTi2	WTi	TGEGFLCVFAINNTK_141	3
WTi2	WTi	KQVVIDGETCLLDILDTAGQEEYSAMR_4	4
WTi2	WTi	SALTIQLIQNHFVDEYDPTIEDSYRK_-1.1	1
WTi2	WTi	VKDSEDVPMVLVGNKCDLPSR_161.1	2
WTi2	WTi	VKDSEDVPMVLVGNKCDLPSR_161.2	2
WTi2	WTi	TGEGFLCVFAINNTK_243.9	1
WTi2	WTi	TGEGFLCVFAINNTK_76.9	3
WTi2	WTi	TGEGFLCVFAINNTK_159	2
WTi2	WTi	TGEGFLCVFAINNTK_12.9	71
WTi2	WTi	TGEGFLCVFAINNTK_-8	3
WTi2	WTi	TGEGFLCVFAINNTK_232	1
WTi2	WTi	TGEGFLCVFAINNTK_13.9	7
WTi2	WTi	TGEGFLCVFAINNTK_263.1	5
WTi2	WTi	QVVIDGETCLLDILDTAGQEEYSAMR_103.1	8
WTi2	WTi	QVVIDGETCLLDILDTAGQEEYSAMR_103	1
WTi2	WTi	TGEGFLCVFAINNTK_-25	18
WTi2	WTi	TGEGFLCVFAINNTK_-3.1	19
WTi2	WTi	TGEGFLCVFAINNTK_-3	8
WTi2	WTi	TGEGFLCVFAINNTK_193	1
WTi2	WTi	TGEGFLCVFAINNTK_175	5
WTi2	WTi	TGEGFLCVFAINNTK_-0.1	5
WTi2	WTi	QVVIDGETCLLDILDTAGQEEYSAMR_144.1	2
WTi2	WTi	TGEGFLCVFAINNTK_15.9	3
WTi2	WTi	TGEGFLCVFAINNTK_-24	4
WTi2	WTi	TGEGFLCVFAINNTK_143	5
WTi2	WTi	TGEGFLCVFAINNTK_180.9	18
WTi2	WTi	TGEGFLCVFAINNTK_164.9	8
WTi2	WTi	TGEGFLCVFAINNTK_137	1
WTi2	WTi	TGEGFLCVFAINNTK_221	6
WTi2	WTi	SALTIQLIQNHFVDEYDPTIEDSYR_-1	3
WTi2	WTi	QVVIDGETCLLDILDTAGQEEYSAMRDQYMR_1	6
WTi2	WTi	QVVIDGETCLLDILDTAGQEEYSAMRDQYMR_0	47
WTi2	WTi	QVVIDGETCLLDILDTAGQEEYSAMR_71.1	10
WTi2	WTi	KQVVIDGETCLLDILDTAGQEEYSAMR_37.9	6
WTi2	WTi	KQVVIDGETCLLDILDTAGQEEYSAMR_2	12
WTi2	WTi	KQVVIDGETCLLDILDTAGQEEYSAMR_41	1
WTi2	WTi	QVVIDGETCLLDILDTAGQEEYSAMRDQYMR_22	1
WTi2	WTi	TGEGFLCVFAINNTK_60.9	2
WTi2	WTi	KQVVIDGETCLLDILDTAGQEEYSAMR_75.9	3
WTi2	WTi	KQVVIDGETCLLDILDTAGQEEYSAMR_38	5
WTi2	WTi	KQVVIDGETCLLDILDTAGQEEYSAMR_36.9	1
WTi2	WTi	KQVVIDGETCLLDILDTAGQEEYSAMR_22.9	2
WTi2	WTi	TGEGFLCVFAINNTK_6.9	5
WTi2	WTi	TGEGFLCVFAINNTK_266.1	2
WTi2	WTi	KQVVIDGETCLLDILDTAGQEEYSAMR_109	3
WTi2	WTi	QVVIDGETCLLDILDTAGQEEYSAMR_15	6
WTi2	WTi	KQVVIDGETCLLDILDTAGQEEYSAMRDQYMR_37.9	1
WTi2	WTi	QVVIDGETCLLDILDTAGQEEYSAMR_0	34
WTi2	WTi	QVVIDGETCLLDILDTAGQEEYSAMR_128.1	8
WTi2	WTi	QVVIDGETCLLDILDTAGQEEYSAMR_22	12
WTi2	WTi	QVVIDGETCLLDILDTAGQEEYSAMR_54	2
WTi2	WTi	QVVIDGETCLLDILDTAGQEEYSAMR_53.9	7
WTi2	WTi	QVVIDGETCLLDILDTAGQEEYSAMR_23	2
WTi2	WTi	QVVIDGETCLLDILDTAGQEEYSAMR_1	15
WTi2	WTi	SALTIQLIQNHFVDEYDPTIEDSYR_-2.1	1
WTi2	WTi	KQVVIDGETCLLDILDTAGQEEYSAMR_138	3
WTi2	WTi	SALTIQLIQNHFVDEYDPTIEDSYR_-1.1	2
WTi2	WTi	QVVIDGETCLLDILDTAGQEEYSAMR_73.1	1
WTi2	WTi	KQVVIDGETCLLDILDTAGQEEYSAMR_93	2
WTi2	WTi	QVVIDGETCLLDILDTAGQEEYSAMR_-25	7
WTi2	WTi	QVVIDGETCLLDILDTAGQEEYSAMR_248.1	1
WTi2	WTi	QVVIDGETCLLDILDTAGQEEYSAMRDQYMR_37.9	1
WTi2	WTi	QVVIDGETCLLDILDTAGQEEYSAMR_38	3
WTi2	WTi	QVVIDGETCLLDILDTAGQEEYSAMR_4	2
WTi2	WTi	QVVIDGETCLLDILDTAGQEEYSAMR_-1	2
WTi2	WTi	QVVIDGETCLLDILDTAGQEEYSAMR_-12	2
WTi2	WTi	QVVIDGETCLLDILDTAGQEEYSAMR_-57	7
WTi2	WTi	QVVIDGETCLLDILDTAGQEEYSAMRDQYMR_-17	6
WTi2	WTi	QVVIDGETCLLDILDTAGQEEYSAMRDQYMR_-57	2
WTi2	WTi	QVVIDGETCLLDILDTAGQEEYSAMR_-56	1
WTi2	WTi	QVVIDGETCLLDILDTAGQEEYSAMR_-17	19
WTi2	WTi	QVVIDGETCLLDILDTAGQEEYSAMR_20.9	5
WTi2	WTi	QVVIDGETCLLDILDTAGQEEYSAMR_5	3
WTi2	WTi	TGEGFLCVFAINNTK_161.1	1
WTi2	WTi	QVVIDGETCLLDILDTAGQEEYSAMR_-16	4
WTi2	WTi	QVVIDGETCLLDILDTAGQEEYSAMR_77	1
WTi2	WTi	QVVIDGETCLLDILDTAGQEEYSAMR_-74	3
WTi2	WTi	QVVIDGETCLLDILDTAGQEEYSAMR_76.9	1
WTi2	WTi	QAQDLAR_2	1
WTi2	WTi	SFEDIHHYR_22	2
WTi2	WTi	SFEDIHHYR_3	1
WTi2	WTi	VKDSEDVPMVLVGNK_-48	1
WTi2	WTi	LVVVGAGGVGK_22	1
WTi2	WTi	VKDSEDVPMVLVGNK_-15.2	1
WTi2	WTi	VKDSEDVPMVLVGNK_3	1
WTi2	WTi	VKDSEDVPMVLVGNKCDLPSR_-1	1
WTi2	WTi	VKDSEDVPMVLVGNKCDLPSR_21.9	1
WTi2	WTi	VKDSEDVPMVLVGNK_0.9	2
WTi2	WTi	DSEDVPMVLVGNK_-115	2
WTi2	WTi	VKDSEDVPMVLVGNKCDLPSR_139	1
WTi2	WTi	VKDSEDVPMVLVGNKCDLPSR_-3.1	1
WTi2	WTi	VKDSEDVPMVLVGNKCDLPSR_13.9	1
WTi2	WTi	VKDSEDVPMVLVGNKCDLPSR_-2.1	1
WTi2	WTi	VKDSEDVPMVLVGNKCDLPSR_92.9	1
WTi2	WTi	VKDSEDVPMVLVGNK_-128.1	1
WTi2	WTi	DSEDVPMVLVGNK_24	1
WTi2	WTi	TRQGVDDAFYTLVR_0.1	1
WTi2	WTi	VKDSEDVPMVLVGNKCDLPSR_110	1
WTi2	WTi	VKDSEDVPMVLVGNK_-2	1
WTi2	WTi	LVVVGAGGVGK_-2.1	1
WTi2	WTi	VKDSEDVPMVLVGNK_-1	1
WTi2	WTi	VKDSEDVPMVLVGNK_-3.9	1
WTi2	WTi	SFEDIHHYR_0.1	1
WTi2	WTi	TGEGFLCVFAINNTK_408.2	1
WTi2	WTi	TGEGFLCVFAINNTK_-27.1	1
WTi2	WTi	SYGIPFIETSAK_37.9	1
WTi2	WTi	SYGIPFIETSAK_362.2	2
WTi2	WTi	SYGIPFIETSAK_382.1	2
WTi2	WTi	TRQGVDDAFYTLVR_-1	1
WTi2	WTi	QGVDDAFYTLVR_24	1
WTi2	WTi	QRVEDAFYTLVR_-108.1	1
WTi2	WTi	QRVEDAFYTLVR_-148.1	1
WTi2	WTi	QGVDDAFYTLVR_38	1
WTi2	WTi	TGEGFLCVFAINNTK_119	1
WTi2	WTi	SALTIQLIQNHFVDEYDPTIEDSYRK_75.9	2
WTi2	WTi	SALTIQLIQNHFVDEYDPTIEDSYRK_22.9	1
WTi2	WTi	LVVVGAGGVGKSALTIQLIQNHFVDEYDPTIEDSYRK_93.8	1
WTi2	WTi	LVVVGAGGVGKSALTIQLIQNHFVDEYDPTIEDSYRK_92.8	1
WTi2	WTi	QGVDDAFYTLVR_-0.9	1
WTi2	WTi	TGEGFLCVFAINNTK_-17	1
WTi2	WTi	TGEGFLCVFAINNTK_270	1
WTi2	WTi	SALTIQLIQNHFVDEYDPTIEDSYR_22.9	1
WTi2	WTi	TGEGFLCVFAINNTK_405.2	1
WTi2	WTi	TGEGFLCVFAINNTK_110	1
WTi2	WTi	TGEGFLCVFAINNTK_225	1
WTi2	WTi	TGEGFLCVFAINNTK_78	5
WTi2	WTi	TGEGFLCVFAINNTK_4	3
WTi2	WTi	TGEGFLCVFAINNTK_-4.9	1
WTi2	WTi	QGVDDAFYTLVR_81	1
WTi2	WTi	TGEGFLCVFAINNTK_-33	2
WTi2	WTi	TGEGFLCVFAINNTK_291	1
WTi2	WTi	QGVDDAFYTLVR_7	2
WTi2	WTi	TGEGFLCVFAINNTK_116.9	1
WTi2	WTi	TGEGFLCVFAINNTK_34	1
WTi2	WTi	TGEGFLCVFAINNTK_208	2
WTi2	WTi	TGEGFLCVFAINNTK_92.9	1
WTi2	WTi	TGEGFLCVFAINNTK_264	3
WTi2	WTi	TGEGFLCVFAINNTK_230	1
WTi2	WTi	TGEGFLCVFAINNTK_196.9	1
WTi2	WTi	TGEGFLCVFAINNTK_193.1	1
WTi2	WTi	TGEGFLCVFAINNTK_0.9	1
WTi2	WTi	TGEGFLCVFAINNTK_144	1
WTi2	WTi	TGEGFLCVFAINNTK_174.9	1
WTi2	WTi	TGEGFLCVFAINNTK_221.1	1
WTi2	WTi	SYGIPFIETSAK_1	1
WTi2	WTi	TGEGFLCVFAINNTK_249.1	3
WTi2	WTi	KQVVIDGETCLLDILDTAGQEEYSAMR_39	2
WTi2	WTi	QVVIDGETCLLDILDTAGQEEYSAMR_112.1	1
WTi2	WTi	QVVIDGETCLLDILDTAGQEEYSAMR_75.9	2
WTi2	WTi	QVVIDGETCLLDILDTAGQEEYSAMR_17	1
WTi2	WTi	KQVVIDGETCLLDILDTAGQEEYSAMR_92.9	1
WTi2	WTi	QVVIDGETCLLDILDTAGQEEYSAMRDQYMR_-1.8	1
WTi2	WTi	QVVIDGETCLLDILDTAGQEEYSAMR_-24	1
WTi2	WTi	QVVIDGETCLLDILDTAGQEEYSAMR_138	1
WTi2	WTi	QVVIDGETCLLDILDTAGQEEYSAMR_-74.1	1
WTi2	WTi	QVVIDGETCLLDILDTAGQEEYSAMR_-42.1	1
WTi2	WTi	QVVIDGETCLLDILDTAGQEEYSAMR_-4.1	1
WTi3	WTi	QAQDLAR_0	4
WTi3	WTi	TVDTKQAQDLAR_0	5
WTi3	WTi	SFEDIHHYR_0	122
WTi3	WTi	SFEDIHHYR_-87	8
WTi3	WTi	SFEDIHHYR_37.9	3
WTi3	WTi	SFEDIHHYR_24	1
WTi3	WTi	SFEDIHHYR_-18	4
WTi3	WTi	SFEDIHHYR_22	3
WTi3	WTi	SFEDIHHYR_0.1	1
WTi3	WTi	SFEDIHHYR_53.9	1
WTi3	WTi	SFEDIHHYR_1	1
WTi3	WTi	SFEDIHHYR_257.1	1
WTi3	WTi	LVVVGAGGVGK_128.1	2
WTi3	WTi	SFEDIHHYREQIKR_0	31
WTi3	WTi	SFEDIHHYREQIKR_38	1
WTi3	WTi	YDPTIEDSYRK_0	6
WTi3	WTi	VKDSEDVPMVLVGNK_-48	1
WTi3	WTi	SFEDIHHYREQIK_0	13
WTi3	WTi	RVKDSEDVPMVLVGNK_0	16
WTi3	WTi	LVVVGAGGVGK_0	38
WTi3	WTi	LVVVGAGGVGK_37.9	1
WTi3	WTi	LVVVGAGGVGK_-18	5
WTi3	WTi	LVVVGAGGVGK_340.2	3
WTi3	WTi	LVVVGAGGVGK_24	1
WTi3	WTi	LVVVGAGGVGK_53.9	1
WTi3	WTi	SFEDIHHYR_43	1
WTi3	WTi	VKDSEDVPMVLVGNK_0	110
WTi3	WTi	VKDSEDVPMVLVGNK_53.9	16
WTi3	WTi	VKDSEDVPMVLVGNK_1	23
WTi3	WTi	VKDSEDVPMVLVGNK_2	5
WTi3	WTi	VKDSEDVPMVLVGNK_22	32
WTi3	WTi	VKDSEDVPMVLVGNK_24	11
WTi3	WTi	VKDSEDVPMVLVGNK_-17	9
WTi3	WTi	YDPTIEDSYR_1.1	1
WTi3	WTi	YDPTIEDSYR_0	2
WTi3	WTi	VKDSEDVPMVLVGNK_156.1	3
WTi3	WTi	DSEDVPMVLVGNK_227.2	5
WTi3	WTi	DSEDVPMVLVGNKCDLPSRTVDTK_227.2	7
WTi3	WTi	VKDSEDVPMVLVGNKCDLPSR_0	59
WTi3	WTi	VKDSEDVPMVLVGNKCDLPSR_53.9	2
WTi3	WTi	SFEDIHHYR_183	4
WTi3	WTi	VKDSEDVPMVLVGNKCDLPSR_156.1	2
WTi3	WTi	MTEYKLVVVGAGGVGK_103	4
WTi3	WTi	VKDSEDVPMVLVGNK_38	7
WTi3	WTi	VKDSEDVPMVLVGNK_37.9	19
WTi3	WTi	VKDSEDVPMVLVGNK_7	1
WTi3	WTi	VKDSEDVPMVLVGNK_23	3
WTi3	WTi	VKDSEDVPMVLVGNK_21.9	1
WTi3	WTi	VKDSEDVPMVLVGNK_-35	8
WTi3	WTi	DSEDVPMVLVGNK_0	32
WTi3	WTi	VKDSEDVPMVLVGNK_-18	2
WTi3	WTi	YDPTIEDSYRK_490.2	9
WTi3	WTi	VKDSEDVPMVLVGNK_-0.2	5
WTi3	WTi	VKDSEDVPMVLVGNKCDLPSR_-25	20
WTi3	WTi	VKDSEDVPMVLVGNKCDLPSR_-9	12
WTi3	WTi	VKDSEDVPMVLVGNKCDLPSR_28.9	10
WTi3	WTi	VKDSEDVPMVLVGNKCDLPSR_12.9	4
WTi3	WTi	DSEDVPMVLVGNK_53.9	1
WTi3	WTi	VKDSEDVPMVLVGNKCDLPSR_-57	16
WTi3	WTi	DSEDVPMVLVGNK_38	3
WTi3	WTi	VKDSEDVPMVLVGNKCDLPSR_38	5
WTi3	WTi	VKDSEDVPMVLVGNKCDLPSR_-1	1
WTi3	WTi	VKDSEDVPMVLVGNKCDLPSR_23	1
WTi3	WTi	VKDSEDVPMVLVGNKCDLPSR_3	7
WTi3	WTi	VKDSEDVPMVLVGNKCDLPSR_6	2
WTi3	WTi	VKDSEDVPMVLVGNKCDLPSR_22	10
WTi3	WTi	VKDSEDVPMVLVGNKCDLPSR_21.9	2
WTi3	WTi	VKDSEDVPMVLVGNKCDLPSR_37.9	8
WTi3	WTi	VKDSEDVPMVLVGNKCDLPSR_4	2
WTi3	WTi	VKDSEDVPMVLVGNKCDLPSR_24	1
WTi3	WTi	VKDSEDVPMVLVGNKCDLPSR_15	7
WTi3	WTi	VKDSEDVPMVLVGNKCDLPSR_1	2
WTi3	WTi	VKDSEDVPMVLVGNKCDLPSR_248	3
WTi3	WTi	VKDSEDVPMVLVGNKCDLPSR_284.1	2
WTi3	WTi	DSEDVPMVLVGNKCDLPSR_0	24
WTi3	WTi	DSEDVPMVLVGNKCDLPSR_0.9	2
WTi3	WTi	MTEYKLVVVGAGGVGK_87	13
WTi3	WTi	VKDSEDVPMVLVGNK_43	10
WTi3	WTi	VKDSEDVPMVLVGNKCDLPSR_95	4
WTi3	WTi	DSEDVPMVLVGNK_-115	2
WTi3	WTi	VKDSEDVPMVLVGNKCDLPSR_138	5
WTi3	WTi	VKDSEDVPMVLVGNKCDLPSR_-3.1	1
WTi3	WTi	VKDSEDVPMVLVGNKCDLPSR_-56	1
WTi3	WTi	YDPTIEDSYR_490.2	3
WTi3	WTi	DSEDVPMVLVGNKCDLPSR_-9	7
WTi3	WTi	DSEDVPMVLVGNKCDLPSR_-9.1	1
WTi3	WTi	SYGIPFIETSAK_0	79
WTi3	WTi	VKDSEDVPMVLVGNKCDLPSR_93	18
WTi3	WTi	VKDSEDVPMVLVGNKCDLPSR_92.9	4
WTi3	WTi	VKDSEDVPMVLVGNKCDLPSR_94	1
WTi3	WTi	VKDSEDVPMVLVGNKCDLPSR_6.9	11
WTi3	WTi	SYGIPFIETSAKTR_0	20
WTi3	WTi	DSEDVPMVLVGNK_6	4
WTi3	WTi	DSEDVPMVLVGNK_22	11
WTi3	WTi	DSEDVPMVLVGNK_21.9	1
WTi3	WTi	DSEDVPMVLVGNK_37.9	3
WTi3	WTi	DSEDVPMVLVGNK_24	1
WTi3	WTi	TRQGVDDAFYTLVR_0	35
WTi3	WTi	VKDSEDVPMVLVGNKCDLPSR_109	5
WTi3	WTi	TRQGVDDAFYTLVR_37.9	3
WTi3	WTi	TRQGVDDAFYTLVR_2	3
WTi3	WTi	TRQGVDDAFYTLVR_53.9	1
WTi3	WTi	TRQGVDDAFYTLVR_1	9
WTi3	WTi	TRQGVDDAFYTLVR_38	7
WTi3	WTi	TRQGVDDAFYTLVR_22	3
WTi3	WTi	TRQGVDDAFYTLVR_-18	9
WTi3	WTi	TRQGVDDAFYTLVR_0.1	2
WTi3	WTi	LVVVGAGGVGK_43	3
WTi3	WTi	VKDSEDVPMVLVGNKCDLPSR_77	3
WTi3	WTi	DSEDVPMVLVGNKCDLPSR_-25	4
WTi3	WTi	SALTIQLIQNHFVDEYDPTIEDSYRK_0	311
WTi3	WTi	TGEGFLCVFAINNTK_218.1	3
WTi3	WTi	SYGIPFIETSAK_2	15
WTi3	WTi	TGEGFLCVFAINNTK_408.1	3
WTi3	WTi	TGEGFLCVFAINNTK_408.2	2
WTi3	WTi	TGEGFLCVFAINNTK_409.2	1
WTi3	WTi	TGEGFLCVFAINNTK_-27	7
WTi3	WTi	SYGIPFIETSAK_24	3
WTi3	WTi	SYGIPFIETSAK_362.2	2
WTi3	WTi	SYGIPFIETSAK_382.1	4
WTi3	WTi	SYGIPFIETSAK_-4	6
WTi3	WTi	TGEGFLCVFAINNTKSFEDIHHYREQIK_156.1	5
WTi3	WTi	SYGIPFIETSAK_22	4
WTi3	WTi	QGVDDAFYTLVR_72	2
WTi3	WTi	TGEGFLCVFAINNTK_0	118
WTi3	WTi	QGVDDAFYTLVR_0	35
WTi3	WTi	QGVDDAFYTLVR_37.9	13
WTi3	WTi	QGVDDAFYTLVR_-17	37
WTi3	WTi	QGVDDAFYTLVR_23	1
WTi3	WTi	QGVDDAFYTLVR_-18	8
WTi3	WTi	QGVDDAFYTLVR_53.9	2
WTi3	WTi	QGVDDAFYTLVR_4	2
WTi3	WTi	QGVDDAFYTLVR_5	14
WTi3	WTi	QGVDDAFYTLVR_22	3
WTi3	WTi	QGVDDAFYTLVR_24	2
WTi3	WTi	QGVDDAFYTLVR_-35	1
WTi3	WTi	TGEGFLCVFAINNTK_149.1	2
WTi3	WTi	QGVDDAFYTLVR_-128.1	3
WTi3	WTi	TGEGFLCVFAINNTKSFEDIHHYR_0	6
WTi3	WTi	SALTIQLIQNHFVDEYDPTIEDSYRK_1	45
WTi3	WTi	SALTIQLIQNHFVDEYDPTIEDSYRK_38.9	7
WTi3	WTi	QGVDDAFYTLVR_1	4
WTi3	WTi	QGVDDAFYTLVR_3	2
WTi3	WTi	SALTIQLIQNHFVDEYDPTIEDSYR_128.1	10
WTi3	WTi	TGEGFLCVFAINNTK_301.1	4
WTi3	WTi	SALTIQLIQNHFVDEYDPTIEDSYRK_-17	9
WTi3	WTi	SALTIQLIQNHFVDEYDPTIEDSYRK_20.9	2
WTi3	WTi	SALTIQLIQNHFVDEYDPTIEDSYRK_37.9	27
WTi3	WTi	SALTIQLIQNHFVDEYDPTIEDSYRK_24	7
WTi3	WTi	SALTIQLIQNHFVDEYDPTIEDSYRK_3	11
WTi3	WTi	SALTIQLIQNHFVDEYDPTIEDSYRK_23	22
WTi3	WTi	SALTIQLIQNHFVDEYDPTIEDSYRK_38	11
WTi3	WTi	SALTIQLIQNHFVDEYDPTIEDSYRK_22	32
WTi3	WTi	SALTIQLIQNHFVDEYDPTIEDSYRK_23.9	1
WTi3	WTi	SALTIQLIQNHFVDEYDPTIEDSYRK_75.9	2
WTi3	WTi	SALTIQLIQNHFVDEYDPTIEDSYRK_53.9	7
WTi3	WTi	SALTIQLIQNHFVDEYDPTIEDSYRK_59.9	5
WTi3	WTi	YDPTIEDSYRK_244.1	5
WTi3	WTi	SALTIQLIQNHFVDEYDPTIEDSYRK_2	3
WTi3	WTi	SALTIQLIQNHFVDEYDPTIEDSYRK_-18	7
WTi3	WTi	SALTIQLIQNHFVDEYDPTIEDSYRK_52.9	1
WTi3	WTi	YDPTIEDSYRK_129	3
WTi3	WTi	SALTIQLIQNHFVDEYDPTIEDSYRK_61.9	1
WTi3	WTi	SALTIQLIQNHFVDEYDPTIEDSYRK_16	18
WTi3	WTi	SALTIQLIQNHFVDEYDPTIEDSYRK_39	1
WTi3	WTi	SALTIQLIQNHFVDEYDPTIEDSYRK_4	4
WTi3	WTi	SALTIQLIQNHFVDEYDPTIEDSYRK_32	2
WTi3	WTi	SALTIQLIQNHFVDEYDPTIEDSYRK_31	1
WTi3	WTi	SALTIQLIQNHFVDEYDPTIEDSYRK_80	8
WTi3	WTi	TGEGFLCVFAINNTK_16	16
WTi3	WTi	SALTIQLIQNHFVDEYDPTIEDSYR_1	29
WTi3	WTi	TGEGFLCVFAINNTK_109	38
WTi3	WTi	TGEGFLCVFAINNTK_110	13
WTi3	WTi	TGEGFLCVFAINNTK_108.9	3
WTi3	WTi	SALTIQLIQNHFVDEYDPTIEDSYR_38.9	3
WTi3	WTi	TGEGFLCVFAINNTK_15	7
WTi3	WTi	TGEGFLCVFAINNTK_-57	41
WTi3	WTi	TGEGFLCVFAINNTK_38	3
WTi3	WTi	TGEGFLCVFAINNTK_62	4
WTi3	WTi	TGEGFLCVFAINNTK_24	4
WTi3	WTi	TGEGFLCVFAINNTK_22	6
WTi3	WTi	TGEGFLCVFAINNTK_53.9	6
WTi3	WTi	TGEGFLCVFAINNTK_37.9	5
WTi3	WTi	TGEGFLCVFAINNTK_-18	7
WTi3	WTi	TGEGFLCVFAINNTK_-101	2
WTi3	WTi	SALTIQLIQNHFVDEYDPTIEDSYRK_-1	13
WTi3	WTi	SALTIQLIQNHFVDEYDPTIEDSYRK_183	3
WTi3	WTi	SYGIPFIETSAK_43	5
WTi3	WTi	TGEGFLCVFAINNTK_248	10
WTi3	WTi	TGEGFLCVFAINNTK_248.1	1
WTi3	WTi	TGEGFLCVFAINNTK_270	1
WTi3	WTi	TGEGFLCVFAINNTK_125	10
WTi3	WTi	SALTIQLIQNHFVDEYDPTIEDSYR_-17	4
WTi3	WTi	SALTIQLIQNHFVDEYDPTIEDSYR_0	99
WTi3	WTi	SALTIQLIQNHFVDEYDPTIEDSYR_37.9	26
WTi3	WTi	SALTIQLIQNHFVDEYDPTIEDSYR_22	20
WTi3	WTi	SALTIQLIQNHFVDEYDPTIEDSYR_24	8
WTi3	WTi	SALTIQLIQNHFVDEYDPTIEDSYR_23	23
WTi3	WTi	TGEGFLCVFAINNTK_268.1	1
WTi3	WTi	SALTIQLIQNHFVDEYDPTIEDSYR_75.9	6
WTi3	WTi	SALTIQLIQNHFVDEYDPTIEDSYR_38	5
WTi3	WTi	TGEGFLCVFAINNTK_128	3
WTi3	WTi	SALTIQLIQNHFVDEYDPTIEDSYR_53.9	10
WTi3	WTi	SALTIQLIQNHFVDEYDPTIEDSYR_3	13
WTi3	WTi	TGEGFLCVFAINNTK_79	10
WTi3	WTi	SALTIQLIQNHFVDEYDPTIEDSYR_59.9	6
WTi3	WTi	TGEGFLCVFAINNTK_25	3
WTi3	WTi	TGEGFLCVFAINNTK_1	6
WTi3	WTi	TGEGFLCVFAINNTK_184	4
WTi3	WTi	TGEGFLCVFAINNTK_93	46
WTi3	WTi	TGEGFLCVFAINNTK_7	10
WTi3	WTi	SALTIQLIQNHFVDEYDPTIEDSYR_-9.1	3
WTi3	WTi	SALTIQLIQNHFVDEYDPTIEDSYR_-9.2	3
WTi3	WTi	TGEGFLCVFAINNTK_-14	2
WTi3	WTi	TGEGFLCVFAINNTK_80	8
WTi3	WTi	TGEGFLCVFAINNTK_405.2	2
WTi3	WTi	TGEGFLCVFAINNTK_116.9	3
WTi3	WTi	TGEGFLCVFAINNTK_167	8
WTi3	WTi	TGEGFLCVFAINNTK_168	9
WTi3	WTi	TGEGFLCVFAINNTK_152	3
WTi3	WTi	TGEGFLCVFAINNTK_177	9
WTi3	WTi	TGEGFLCVFAINNTK_32	5
WTi3	WTi	TGEGFLCVFAINNTK_228	2
WTi3	WTi	TGEGFLCVFAINNTK_181	2
WTi3	WTi	SYGIPFIETSAKTRQGVDDAFYTLVR_0	6
WTi3	WTi	TGEGFLCVFAINNTK_277	2
WTi3	WTi	TGEGFLCVFAINNTK_78	1
WTi3	WTi	TGEGFLCVFAINNTK_77	15
WTi3	WTi	TGEGFLCVFAINNTK_47	2
WTi3	WTi	TGEGFLCVFAINNTK_94	2
WTi3	WTi	TGEGFLCVFAINNTK_138	16
WTi3	WTi	TGEGFLCVFAINNTK_159.9	1
WTi3	WTi	TGEGFLCVFAINNTK_160	1
WTi3	WTi	TGEGFLCVFAINNTK_-35	4
WTi3	WTi	TGEGFLCVFAINNTK_38.9	3
WTi3	WTi	TGEGFLCVFAINNTK_17	14
WTi3	WTi	TGEGFLCVFAINNTK_304	3
WTi3	WTi	TGEGFLCVFAINNTK_319	1
WTi3	WTi	QGVDDAFYTLVR_43	5
WTi3	WTi	TGEGFLCVFAINNTK_13	2
WTi3	WTi	TGEGFLCVFAINNTK_-2	5
WTi3	WTi	TGEGFLCVFAINNTK_-33	3
WTi3	WTi	TGEGFLCVFAINNTK_290	3
WTi3	WTi	QGVDDAFYTLVR_6.9	5
WTi3	WTi	TGEGFLCVFAINNTK_96	5
WTi3	WTi	QGVDDAFYTLVREIR_0	2
WTi3	WTi	TGEGFLCVFAINNTK_61	5
WTi3	WTi	TGEGFLCVFAINNTK_127	2
WTi3	WTi	TGEGFLCVFAINNTK_92.9	2
WTi3	WTi	TGEGFLCVFAINNTK_139	6
WTi3	WTi	TGEGFLCVFAINNTK_170	2
WTi3	WTi	TGEGFLCVFAINNTK_245	16
WTi3	WTi	TGEGFLCVFAINNTK_-1	3
WTi3	WTi	TGEGFLCVFAINNTK_151	4
WTi3	WTi	TGEGFLCVFAINNTK_207	4
WTi3	WTi	TGEGFLCVFAINNTK_179	10
WTi3	WTi	SALTIQLIQNHFVDEYDPTIEDSYRK_43	7
WTi3	WTi	TGEGFLCVFAINNTK_112	3
WTi3	WTi	TGEGFLCVFAINNTK_165	7
WTi3	WTi	TGEGFLCVFAINNTK_244.9	2
WTi3	WTi	TGEGFLCVFAINNTK_228.9	2
WTi3	WTi	TGEGFLCVFAINNTK_227.9	1
WTi3	WTi	TGEGFLCVFAINNTK_198	1
WTi3	WTi	KQVVIDGETCLLDILDTAGQEEYSAMRDQYMR_1	11
WTi3	WTi	KQVVIDGETCLLDILDTAGQEEYSAMRDQYMR_0	36
WTi3	WTi	TGEGFLCVFAINNTK_166	2
WTi3	WTi	KQVVIDGETCLLDILDTAGQEEYSAMRDQYMR_-1	3
WTi3	WTi	TGEGFLCVFAINNTK_-9	14
WTi3	WTi	TGEGFLCVFAINNTK_45	3
WTi3	WTi	TGEGFLCVFAINNTK_93.9	1
WTi3	WTi	TGEGFLCVFAINNTK_98.9	1
WTi3	WTi	TGEGFLCVFAINNTK_163	3
WTi3	WTi	TGEGFLCVFAINNTK_261	5
WTi3	WTi	TGEGFLCVFAINNTK_28.9	61
WTi3	WTi	KQVVIDGETCLLDILDTAGQEEYSAMR_15	11
WTi3	WTi	QVVIDGETCLLDILDTAGQEEYSAMRDQYMR_57	1
WTi3	WTi	KQVVIDGETCLLDILDTAGQEEYSAMR_0	54
WTi3	WTi	QVVIDGETCLLDILDTAGQEEYSAMR_166	2
WTi3	WTi	KQVVIDGETCLLDILDTAGQEEYSAMR_53.9	9
WTi3	WTi	KQVVIDGETCLLDILDTAGQEEYSAMR_22	26
WTi3	WTi	KQVVIDGETCLLDILDTAGQEEYSAMR_23	13
WTi3	WTi	KQVVIDGETCLLDILDTAGQEEYSAMR_22.9	2
WTi3	WTi	KQVVIDGETCLLDILDTAGQEEYSAMR_-1	3
WTi3	WTi	KQVVIDGETCLLDILDTAGQEEYSAMR_24	6
WTi3	WTi	KQVVIDGETCLLDILDTAGQEEYSAMR_4	4
WTi3	WTi	KQVVIDGETCLLDILDTAGQEEYSAMR_1	24
WTi3	WTi	TGEGFLCVFAINNTK_243.9	2
WTi3	WTi	TGEGFLCVFAINNTK_180	1
WTi3	WTi	TGEGFLCVFAINNTK_229	12
WTi3	WTi	TGEGFLCVFAINNTK_159	5
WTi3	WTi	TGEGFLCVFAINNTK_158.9	1
WTi3	WTi	TGEGFLCVFAINNTK_12.9	56
WTi3	WTi	TGEGFLCVFAINNTK_13.9	4
WTi3	WTi	SALTIQLIQNHFVDEYDPTIEDSYR_-1	1
WTi3	WTi	TGEGFLCVFAINNTK_-8	7
WTi3	WTi	TGEGFLCVFAINNTK_44.9	18
WTi3	WTi	QVVIDGETCLLDILDTAGQEEYSAMR_103	1
WTi3	WTi	QVVIDGETCLLDILDTAGQEEYSAMR_41	2
WTi3	WTi	QVVIDGETCLLDILDTAGQEEYSAMR_42	1
WTi3	WTi	TGEGFLCVFAINNTK_-25	17
WTi3	WTi	TGEGFLCVFAINNTK_43	7
WTi3	WTi	TGEGFLCVFAINNTK_175	2
WTi3	WTi	TGEGFLCVFAINNTK_196.9	3
WTi3	WTi	TGEGFLCVFAINNTK_-3	3
WTi3	WTi	TGEGFLCVFAINNTK_-3.1	10
WTi3	WTi	TGEGFLCVFAINNTK_-0.1	3
WTi3	WTi	QVVIDGETCLLDILDTAGQEEYSAMR_144.1	2
WTi3	WTi	TGEGFLCVFAINNTK_-2.1	1
WTi3	WTi	TGEGFLCVFAINNTK_143	3
WTi3	WTi	TGEGFLCVFAINNTK_164.9	10
WTi3	WTi	TGEGFLCVFAINNTK_180.9	11
WTi3	WTi	KQVVIDGETCLLDILDTAGQEEYSAMR_138	4
WTi3	WTi	SALTIQLIQNHFVDEYDPTIEDSYR_43	1
WTi3	WTi	TGEGFLCVFAINNTK_249.1	2
WTi3	WTi	QVVIDGETCLLDILDTAGQEEYSAMRDQYMR_0	44
WTi3	WTi	QVVIDGETCLLDILDTAGQEEYSAMR_143.1	1
WTi3	WTi	KQVVIDGETCLLDILDTAGQEEYSAMR_37.9	14
WTi3	WTi	KQVVIDGETCLLDILDTAGQEEYSAMR_2	7
WTi3	WTi	QVVIDGETCLLDILDTAGQEEYSAMR_71.1	3
WTi3	WTi	KQVVIDGETCLLDILDTAGQEEYSAMR_21.9	1
WTi3	WTi	QVVIDGETCLLDILDTAGQEEYSAMRDQYMR_22	4
WTi3	WTi	KQVVIDGETCLLDILDTAGQEEYSAMR_75.9	2
WTi3	WTi	QVVIDGETCLLDILDTAGQEEYSAMRDQYMR_1	5
WTi3	WTi	TGEGFLCVFAINNTK_22.9	1
WTi3	WTi	KQVVIDGETCLLDILDTAGQEEYSAMR_59.9	1
WTi3	WTi	KQVVIDGETCLLDILDTAGQEEYSAMR_23.9	2
WTi3	WTi	TGEGFLCVFAINNTK_6.9	4
WTi3	WTi	KQVVIDGETCLLDILDTAGQEEYSAMRDQYMR_38	2
WTi3	WTi	QVVIDGETCLLDILDTAGQEEYSAMR_0	29
WTi3	WTi	QVVIDGETCLLDILDTAGQEEYSAMR_15	2
WTi3	WTi	QVVIDGETCLLDILDTAGQEEYSAMR_128.1	3
WTi3	WTi	QVVIDGETCLLDILDTAGQEEYSAMR_22	12
WTi3	WTi	QVVIDGETCLLDILDTAGQEEYSAMR_23	5
WTi3	WTi	QVVIDGETCLLDILDTAGQEEYSAMR_1	11
WTi3	WTi	QVVIDGETCLLDILDTAGQEEYSAMR_53.9	3
WTi3	WTi	QVVIDGETCLLDILDTAGQEEYSAMR_4	1
WTi3	WTi	QVVIDGETCLLDILDTAGQEEYSAMR_75.9	4
WTi3	WTi	SALTIQLIQNHFVDEYDPTIEDSYR_-2.1	2
WTi3	WTi	KQVVIDGETCLLDILDTAGQEEYSAMR_93	1
WTi3	WTi	QVVIDGETCLLDILDTAGQEEYSAMR_-24	2
WTi3	WTi	QVVIDGETCLLDILDTAGQEEYSAMRDQYMR_37.9	4
WTi3	WTi	QVVIDGETCLLDILDTAGQEEYSAMR_38	7
WTi3	WTi	QVVIDGETCLLDILDTAGQEEYSAMR_-12	1
WTi3	WTi	QVVIDGETCLLDILDTAGQEEYSAMRDQYMR_-17	8
WTi3	WTi	QVVIDGETCLLDILDTAGQEEYSAMR_-57	2
WTi3	WTi	QVVIDGETCLLDILDTAGQEEYSAMR_-56	1
WTi3	WTi	QVVIDGETCLLDILDTAGQEEYSAMR_93	1
WTi3	WTi	QVVIDGETCLLDILDTAGQEEYSAMR_-25	3
WTi3	WTi	QVVIDGETCLLDILDTAGQEEYSAMR_20.9	4
WTi3	WTi	QVVIDGETCLLDILDTAGQEEYSAMR_-17	24
WTi3	WTi	QVVIDGETCLLDILDTAGQEEYSAMR_92.9	1
WTi3	WTi	QVVIDGETCLLDILDTAGQEEYSAMR_-1	1
WTi3	WTi	QVVIDGETCLLDILDTAGQEEYSAMR_-16	3
WTi3	WTi	QVVIDGETCLLDILDTAGQEEYSAMR_-74	3
WTi3	WTi	QVVIDGETCLLDILDTAGQEEYSAMR_-41.1	1
WTi3	WTi	SFEDIHHYR_38	1
WTi3	WTi	SFEDIHHYREQIKR_37.9	2
WTi3	WTi	SFEDIHHYREQIKR_1	2
WTi3	WTi	LVVVGAGGVGK_22	1
WTi3	WTi	VKDSEDVPMVLVGNKCDLPSR_32	1
WTi3	WTi	MTEYKLVVVGAGGVGK_61	1
WTi3	WTi	VKDSEDVPMVLVGNK_0.1	1
WTi3	WTi	DSEDVPMVLVGNKCDLPSR_250.1	1
WTi3	WTi	VKDSEDVPMVLVGNKCDLPSR_8	1
WTi3	WTi	VKDSEDVPMVLVGNKCDLPSR_79	1
WTi3	WTi	TRQGVDDAFYTLVR_8	1
WTi3	WTi	TEYKLVVVGAGGVGK_219.1	1
WTi3	WTi	MTEYKLVVVGAGGVGK_45	1
WTi3	WTi	VKDSEDVPMVLVGNKCDLPSR_-2.1	1
WTi3	WTi	VKDSEDVPMVLVGNKCDLPSR_-8	1
WTi3	WTi	DSEDVPMVLVGNK_23	1
WTi3	WTi	TRQGVDDAFYTLVR_24	2
WTi3	WTi	VKDSEDVPMVLVGNK_45	1
WTi3	WTi	TGEGFLCVFAINNTK_-27.1	1
WTi3	WTi	SYGIPFIETSAK_38	1
WTi3	WTi	SYGIPFIETSAK_14	2
WTi3	WTi	SYGIPFIETSAK_57	3
WTi3	WTi	TGEGFLCVFAINNTK_302.1	1
WTi3	WTi	SALTIQLIQNHFVDEYDPTIEDSYRK_-35	1
WTi3	WTi	SALTIQLIQNHFVDEYDPTIEDSYRK_91.9	1
WTi3	WTi	SALTIQLIQNHFVDEYDPTIEDSYRK_114.6	1
WTi3	WTi	QGVDDAFYTLVR_-0.9	1
WTi3	WTi	SALTIQLIQNHFVDEYDPTIEDSYRK_17	1
WTi3	WTi	TGEGFLCVFAINNTK_-17	1
WTi3	WTi	TGEGFLCVFAINNTK_55	2
WTi3	WTi	SALTIQLIQNHFVDEYDPTIEDSYR_23.9	1
WTi3	WTi	SALTIQLIQNHFVDEYDPTIEDSYR_61.9	1
WTi3	WTi	SALTIQLIQNHFVDEYDPTIEDSYR_60.9	2
WTi3	WTi	SALTIQLIQNHFVDEYDPTIEDSYR_76.9	1
WTi3	WTi	TGEGFLCVFAINNTK_199	3
WTi3	WTi	TGEGFLCVFAINNTK_225	3
WTi3	WTi	TGEGFLCVFAINNTK_4	1
WTi3	WTi	TGEGFLCVFAINNTK_95	1
WTi3	WTi	TGEGFLCVFAINNTK_161.9	2
WTi3	WTi	SALTIQLIQNHFVDEYDPTIEDSYR_39	1
WTi3	WTi	TGEGFLCVFAINNTK_-4.9	1
WTi3	WTi	KQVVIDGETCLLDILDTAGQEEYSAMR_41	1
WTi3	WTi	QGVDDAFYTLVR_7	1
WTi3	WTi	TGEGFLCVFAINNTK_169.9	1
WTi3	WTi	SALTIQLIQNHFVDEYDPTIEDSYR_2	1
WTi3	WTi	SALTIQLIQNHFVDEYDPTIEDSYRK_183.1	1
WTi3	WTi	TGEGFLCVFAINNTK_246	1
WTi3	WTi	QVVIDGETCLLDILDTAGQEEYSAMRDQYMR_41	1
WTi3	WTi	TGEGFLCVFAINNTK_141	1
WTi3	WTi	KQVVIDGETCLLDILDTAGQEEYSAMRDQYMR_2	1
WTi3	WTi	TGEGFLCVFAINNTK_14.9	1
WTi3	WTi	TGEGFLCVFAINNTK_263.1	2
WTi3	WTi	QVVIDGETCLLDILDTAGQEEYSAMR_103.1	2
WTi3	WTi	TGEGFLCVFAINNTK_174.9	4
WTi3	WTi	TGEGFLCVFAINNTK_15.9	1
WTi3	WTi	TGEGFLCVFAINNTK_221	1
WTi3	WTi	TGEGFLCVFAINNTK_-24	1
WTi3	WTi	KQVVIDGETCLLDILDTAGQEEYSAMR_38	3
WTi3	WTi	KQVVIDGETCLLDILDTAGQEEYSAMR_3	1
WTi3	WTi	KQVVIDGETCLLDILDTAGQEEYSAMR_42.1	1
WTi3	WTi	SALTIQLIQNHFVDEYDPTIEDSYRK_0.9	1
WTi3	WTi	TGEGFLCVFAINNTK_60.9	2
WTi3	WTi	KQVVIDGETCLLDILDTAGQEEYSAMR_76.9	1
WTi3	WTi	SALTIQLIQNHFVDEYDPTIEDSYR_-1.1	1
WTi3	WTi	KQVVIDGETCLLDILDTAGQEEYSAMR_92.9	1
WTi3	WTi	KQVVIDGETCLLDILDTAGQEEYSAMR_109	1
WTi3	WTi	QVVIDGETCLLDILDTAGQEEYSAMR_14	1
WTi3	WTi	QVVIDGETCLLDILDTAGQEEYSAMR_-9	1
WTi3	WTi	QVVIDGETCLLDILDTAGQEEYSAMR_111.1	1
WTi3	WTi	QVVIDGETCLLDILDTAGQEEYSAMR_-26.1	1
WTi3	WTi	QVVIDGETCLLDILDTAGQEEYSAMR_-17.1	1
