MDAMB231_1	MDAMB231	MIASQVVDINLAAEPK_22	3
MDAMB231_1	MDAMB231	MIASQVVDINLAAEPK_41	1
MDAMB231_1	MDAMB231	MIASQVVDINLAAEPK_21.9	1
MDAMB231_1	MDAMB231	SAAEMYGSVTEHPSPSPLLSSSFDLDYDFQR_-24	3
MDAMB231_1	MDAMB231	SAAEMYGSVTEHPSPSPLLSSSFDLDYDFQR_1	3
MDAMB231_1	MDAMB231	SAAEMYGSVTEHPSPSPLLSSSFDLDYDFQR_0	27
MDAMB231_1	MDAMB231	RSAAEMYGSVTEHPSPSPLLSSSFDLDYDFQR_-140.1	4
MDAMB231_1	MDAMB231	SAAEMYGSVTEHPSPSPLLSSSFDLDYDFQR_41	4
MDAMB231_1	MDAMB231	SAAEMYGSVTEHPSPSPLLSSSFDLDYDFQR_-33	1
MDAMB231_1	MDAMB231	SAAEMYGSVTEHPSPSPLLSSSFDLDYDFQR_57	1
MDAMB231_2	MDAMB231	DDEKEAEEGEDDRDSTNGQDDS_51.9	1
MDAMB231_2	MDAMB231	MIASQVVDINLAAEPK_22	1
MDAMB231_2	MDAMB231	KSDVEAIFSNSSFDLDYDFQR_298.2	2
MDAMB231_2	MDAMB231	SAAEMYGSVTEHPSPSPLLSSSFDLDYDFQR_0	19
MDAMB231_2	MDAMB231	RSAAEMYGSVTEHPSPSPLLSSSFDLDYDFQR_-140.1	3
MDAMB231_2	MDAMB231	SAAEMYGSVTEHPSPSPLLSSSFDLDYDFQR_41	3
MDAMB231_2	MDAMB231	SAAEMYGSVTEHPSPSPLLSSSFDLDYDFQR_-31	1
MDAMB231_2	MDAMB231	SAAEMYGSVTEHPSPSPLLSSSFDLDYDFQR_58	1
MDAMB231_2	MDAMB231	SAAEMYGSVTEHPSPSPLLSSSFDLDYDFQR_60	1
MDAMB231_2	MDAMB231	SAAEMYGSVTEHPSPSPLLSSSFDLDYDFQR_57	5
MDAMB231_2	MDAMB231	SAAEMYGSVTEHPSPSPLLSSSFDLDYDFQR_37.9	2
MDAMB231_2	MDAMB231	SAAEMYGSVTEHPSPSPLLSSSFDLDYDFQR_81	1
MDAMB231_2	MDAMB231	SAAEMYGSVTEHPSPSPLLSSSFDLDYDFQR_28	1
MDAMB231_2	MDAMB231	SAAEMYGSVTEHPSPSPLLSSSFDLDYDFQR_24	1
MDAMB231_2	MDAMB231	SAAEMYGSVTEHPSPSPLLSSSFDLDYDFQR_30	1
MDAMB231_2	MDAMB231	SAAEMYGSVTEHPSPSPLLSSSFDLDYDFQR_127.9	1
MDAMB231_2	MDAMB231	SAAEMYGSVTEHPSPSPLLSSSFDLDYDFQR_126.9	2
MDAMB231_2	MDAMB231	KSDVEAIFSNSSFDLDYDFQR_207.1	1
MDAMB231_2	MDAMB231	SAAEMYGSVTEHPSPSPLLSSSFDLDYDFQR_125.9	1
MDAMB231_3	MDAMB231	SAAEMYGSSFDLDYGFQR_16.1	1
MDAMB231_3	MDAMB231	MESEGGADDSVEEGDLLCDDDNEDQGDNQLELIKDDEK_213.7	1
MDAMB231_3	MDAMB231	SAAEMYGSVTEHPSPSPLLSSSFDLDYDFQR_84.1	1
MDAMB231_3	MDAMB231	SAAEMYGSVTEHPSPSPLLSSSFDLDYDFQR_351.2	1
MDAMB231_3	MDAMB231	SAAEMYGSVTEHPSPSPLLSSSFDLDYDFQR_83.1	1
MDAMB231_3	MDAMB231	SAAEMYGSVTEHPSPSPLLSSSFDLDYDFQR_0	17
MDAMB231_3	MDAMB231	SDVEAIFSNSSFDLDYDFQR_82.1	1
MDAMB231_3	MDAMB231	SAAEMYGSVTEHPSPSPLLSSSFDLDYDFQR_25	1
MDAMB231_3	MDAMB231	SAAEMYGSVTEHPSPSPLLSSSFDLDYDFQR_57	3
MDAMB231_3	MDAMB231	SAAEMYGSVTEHPSPSPLLSSSFDLDYDFQR_-32	3
MDAMB231_3	MDAMB231	RSAAEMYGSVTEHPSPSPLLSSSFDLDYDFQR_-140.1	3
MDAMB231_3	MDAMB231	SAAEMYGSVTEHPSPSPLLSSSFDLDYDFQR_-89.1	1
MDAMB231_3	MDAMB231	SAAEMYGSVTEHPSPSPLLSSSFDLDYDFQR_41	1
MDAMB231_3	MDAMB231	KSDVEAIFSNSSFDLDYDFQR_461.2	1
MDAMB231_3	MDAMB231	SAAEMYGSVTEHPSPSPLLSSSFDLDYDFQR_22	1
MDAMB231_3	MDAMB231	SAAEMYGSVTEHPSPSPLLSSSFDLDYDFQR_37.9	1
MDAMB231_3	MDAMB231	SAAEMYGSVTEHPSPSPLLSSSFDLDYDFQR_15	1
MDAMB231_3	MDAMB231	SAAEMYGSVTEHPSPSPLLSSSFDLDYDFQR_31	1
MDAMB231_3	MDAMB231	SAAEMYGSVTEHPSPSPLLSSSFDLDYDFQR_81	1
MDAMB231_3	MDAMB231	SAAEMYGSVTEHPSPSPLLSSSFDLDYDFQR_143.9	1
MDAMB231_3	MDAMB231	SAAEMYGSVTEHPSPSPLLSSSFDLDYDFQR_2	1
LM2_1	LM2	MESEGGADDSVEEGDLLCDDDNEDQGDNQLELIKDDEK_19.9	2
LM2_1	LM2	KSDVEAIFSNSSFDLDYDFQR_417.3	2
LM2_1	LM2	MIASQVVDINLAAEPK_41	2
LM2_1	LM2	AAVAGEDGRMIASQVVDINLAAEPK_25	2
LM2_1	LM2	SAAEMYGSVTEHPSPSPLLSSSFDLDYDFQR_41	2
LM2_1	LM2	SAAEMYGSVTEHPSPSPLLSSSFDLDYDFQR_0	20
LM2_1	LM2	RSAAEMYGSVTEHPSPSPLLSSSFDLDYDFQR_-41.1	2
LM2_1	LM2	SAAEMYGSVTEHPSPSPLLSSSFDLDYDFQR_57	3
LM2_1	LM2	RSAAEMYGSVTEHPSPSPLLSSSFDLDYDFQR_-140.1	3
LM2_1	LM2	AGVKRSAAEMYGSVTEHPSPSPLLSSSFDLDYDFQR_-20.4	2
LM2_1	LM2	SAAEMYGSVTEHPSPSPLLSSSFDLDYDFQR_-31	2
LM2_1	LM2	SAAEMYGSVTEHPSPSPLLSSSFDLDYDFQR_3	2
LM2_1	LM2	SAAEMYGSVTEHPSPSPLLSSSFDLDYDFQR_58	3
LM2_1	LM2	SAAEMYGSVTEHPSPSPLLSSSFDLDYDFQR_22	2
LM2_1	LM2	SAAEMYGSVTEHPSPSPLLSSSFDLDYDFQR_37	2
LM2_1	LM2	SAAEMYGSVTEHPSPSPLLSSSFDLDYDFQR_38	2
LM2_1	LM2	SAAEMYGSVTEHPSPSPLLSSSFDLDYDFQR_43	2
LM2_2	LM2	DDEKEAEEGEDDRDSTNGQDDS_50.9	2
LM2_2	LM2	DDEKEAEEGEDDRDSTNGQDDS_33.9	1
LM2_2	LM2	MESEGGADDSVEEGDLLCDDDNEDQGDNQLELIKDDEK_18	1
LM2_2	LM2	MIASQVVDINLAAEPK_22	1
LM2_2	LM2	MIASQVVDINLAAEPK_28	1
LM2_2	LM2	SAAEMYGSVTEHPSPSPLLSSSFDLDYDFQR_0	15
LM2_2	LM2	KSDVEAIFSNSSFDLDYDFQR_298.2	1
LM2_2	LM2	SAAEMYGSVTEHPSPSPLLSSSFDLDYDFQR_57	4
LM2_2	LM2	RSAAEMYGSVTEHPSPSPLLSSSFDLDYDFQR_-140.1	4
LM2_2	LM2	SAAEMYGSVTEHPSPSPLLSSSFDLDYDFQR_58	2
LM2_2	LM2	SAAEMYGSVTEHPSPSPLLSSSFDLDYDFQR_25	1
LM2_2	LM2	SAAEMYGSVTEHPSPSPLLSSSFDLDYDFQR_-89.1	1
LM2_2	LM2	SAAEMYGSVTEHPSPSPLLSSSFDLDYDFQR_-32	1
LM2_2	LM2	SAAEMYGSVTEHPSPSPLLSSSFDLDYDFQR_60	1
LM2_2	LM2	KSDVEAIFSNSSFDLDYDFQR_462.2	1
LM2_2	LM2	RSAAEMYGSVTEHPSPSPLLSSSFDLDYDFQR_0	1
LM2_2	LM2	SAAEMYGSVTEHPSPSPLLSSSFDLDYDFQR_42	1
LM2_2	LM2	SAAEMYGSVTEHPSPSPLLSSSFDLDYDFQR_22	1
LM2_2	LM2	SAAEMYGSVTEHPSPSPLLSSSFDLDYDFQR_37.9	1
LM2_2	LM2	SAAEMYGSVTEHPSPSPLLSSSFDLDYDFQR_33	1
LM2_2	LM2	SAAEMYGSVTEHPSPSPLLSSSFDLDYDFQR_32	1
LM2_2	LM2	SAAEMYGSVTEHPSPSPLLSSSFDLDYDFQR_34	1
LM2_2	LM2	SAAEMYGSVTEHPSPSPLLSSSFDLDYDFQR_43	1
LM2_2	LM2	SAAEMYGSVTEHPSPSPLLSSSFDLDYDFQR_80	1
LM2_2	LM2	AGVKRSAAEMYGSVTEHPSPSPLLSSSFDLDYDFQR_245.2	1
LM2_2	LM2	SAAEMYGSVTEHPSPSPLLSSSFDLDYDFQR_110.9	1
LM2_2	LM2	SAAEMYGSVTEHPSPSPLLSSSFDLDYDFQR_128.9	1
LM2_3	LM2	DDEKEAEEGEDDRDSTNGQDDS_-28	1
LM2_3	LM2	MESEGGADDSVEEGDLLCDDDNEDQGDNQLELIKDDEK_93	1
LM2_3	LM2	MESEGGADDSVEEGDLLCDDDNEDQGDNQLELIKDDEK_19	1
LM2_3	LM2	MESEGGADDSVEEGDLLCDDDNEDQGDNQLELIKDDEK_18	2
LM2_3	LM2	MESEGGADDSVEEGDLLCDDDNEDQGDNQLELIKDDEK_17.9	1
LM2_3	LM2	AGVKRSAAEMYGSVTEHPSPSPLLSSSFDLDYDFQR_242.9	1
LM2_3	LM2	SAAEMYGSVTEHPSPSPLLSSSFDLDYDFQR_0	13
LM2_3	LM2	SAAEMYGSVTEHPSPSPLLSSSFDLDYDFQR_2.2	1
LM2_3	LM2	SAAEMYGSVTEHPSPSPLLSSSFDLDYDFQR_41	2
LM2_3	LM2	SAAEMYGSVTEHPSPSPLLSSSFDLDYDFQR_58	1
LM2_3	LM2	RSAAEMYGSVTEHPSPSPLLSSSFDLDYDFQR_-140.1	4
LM2_3	LM2	RSAAEMYGSVTEHPSPSPLLSSSFDLDYDFQR_-41.1	1
LM2_3	LM2	SAAEMYGSVTEHPSPSPLLSSSFDLDYDFQR_22	2
LM2_3	LM2	SAAEMYGSVTEHPSPSPLLSSSFDLDYDFQR_-32	1
LM2_3	LM2	KSDVEAIFSNSSFDLDYDFQR_461.2	1
LM2_3	LM2	SAAEMYGSVTEHPSPSPLLSSSFDLDYDFQR_-30	1
LM2_3	LM2	SAAEMYGSVTEHPSPSPLLSSSFDLDYDFQR_57	2
LM2_3	LM2	SAAEMYGSVTEHPSPSPLLSSSFDLDYDFQR_59	1
LM2_3	LM2	SAAEMYGSVTEHPSPSPLLSSSFDLDYDFQR_31	2
LM2_3	LM2	SAAEMYGSVTEHPSPSPLLSSSFDLDYDFQR_34	1
LM2_3	LM2	SAAEMYGSVTEHPSPSPLLSSSFDLDYDFQR_37.9	1
LM2_3	LM2	SAAEMYGSVTEHPSPSPLLSSSFDLDYDFQR_1	1
LM2_3	LM2	SAAEMYGSVTEHPSPSPLLSSSFDLDYDFQR_81	1
