HRAS_wt_1	HRAS_wt	KLNPPDESGPGCMSCK_0	7
HRAS_wt_1	HRAS_wt	LNPPDESGPGCMSCK_0	14
HRAS_wt_1	HRAS_wt	SFEDIHQYR_57	7
HRAS_wt_1	HRAS_wt	SFEDIHQYR_0	7
HRAS_wt_1	HRAS_wt	SFEDIHQYR_-18	3
HRAS_wt_1	HRAS_wt	LVVVGAGGVGK_0	14
HRAS_wt_1	HRAS_wt	LVVVGAGGVGK_57	3
HRAS_wt_1	HRAS_wt	DSDDVPMVLVGNK_-48	3
HRAS_wt_1	HRAS_wt	VKDSDDVPMVLVGNK_0	28
HRAS_wt_1	HRAS_wt	LNPPDESGPGCMSCK_43	3
HRAS_wt_1	HRAS_wt	LVVVGAGGVGK_479.2	3
HRAS_wt_1	HRAS_wt	SFEDIHQYR_43	7
HRAS_wt_1	HRAS_wt	VKDSDDVPMVLVGNK_22	3
HRAS_wt_1	HRAS_wt	DSDDVPMVLVGNK_0	17
HRAS_wt_1	HRAS_wt	RVKDSDDVPMVLVGNK_-99.1	3
HRAS_wt_1	HRAS_wt	VKDSDDVPMVLVGNK_-4.1	3
HRAS_wt_1	HRAS_wt	LVVVGAGGVGK_43	3
HRAS_wt_1	HRAS_wt	VKDSDDVPMVLVGNK_43	17
HRAS_wt_1	HRAS_wt	SYGIPYIETSAK_0	3
HRAS_wt_1	HRAS_wt	DSDDVPMVLVGNK_57	7
HRAS_wt_1	HRAS_wt	DSDDVPMVLVGNK_52.9	3
HRAS_wt_1	HRAS_wt	DSDDVPMVLVGNK_22	3
HRAS_wt_1	HRAS_wt	TRQGVEDAFYTLVR_0	7
HRAS_wt_1	HRAS_wt	QGVEDAFYTLVR_0	24
HRAS_wt_1	HRAS_wt	DSDDVPMVLVGNK_43	7
HRAS_wt_1	HRAS_wt	SALTIQLIQNHFVDEYDPTIEDSYR_185.1	3
HRAS_wt_1	HRAS_wt	QGVEDAFYTLVR_40	3
HRAS_wt_1	HRAS_wt	SALTIQLIQNHFVDEYDPTIEDSYRK_0	21
HRAS_wt_1	HRAS_wt	SALTIQLIQNHFVDEYDPTIEDSYRK_57	7
HRAS_wt_1	HRAS_wt	YDPTIEDSYRK_244.1	7
HRAS_wt_1	HRAS_wt	SALTIQLIQNHFVDEYDPTIEDSYRK_22	3
HRAS_wt_1	HRAS_wt	VEDAFYTLVR_57	3
HRAS_wt_1	HRAS_wt	QGVEDAFYTLVR_-18	10
HRAS_wt_1	HRAS_wt	QGVEDAFYTLVR_14	7
HRAS_wt_1	HRAS_wt	TGEGFLCVFAINNTK_-34	3
HRAS_wt_1	HRAS_wt	TGEGFLCVFAINNTK_57	10
HRAS_wt_1	HRAS_wt	TGEGFLCVFAINNTK_0	72
HRAS_wt_1	HRAS_wt	TGEGFLCVFAINNTK_22	3
HRAS_wt_1	HRAS_wt	SALTIQLIQNHFVDEYDPTIEDSYR_-0.9	3
HRAS_wt_1	HRAS_wt	SALTIQLIQNHFVDEYDPTIEDSYRK_44	3
HRAS_wt_1	HRAS_wt	SALTIQLIQNHFVDEYDPTIEDSYR_-17	3
HRAS_wt_1	HRAS_wt	SALTIQLIQNHFVDEYDPTIEDSYR_57	10
HRAS_wt_1	HRAS_wt	SALTIQLIQNHFVDEYDPTIEDSYRK_43	21
HRAS_wt_1	HRAS_wt	SALTIQLIQNHFVDEYDPTIEDSYR_-18	3
HRAS_wt_1	HRAS_wt	SALTIQLIQNHFVDEYDPTIEDSYR_0	31
HRAS_wt_1	HRAS_wt	SALTIQLIQNHFVDEYDPTIEDSYR_171.1	3
HRAS_wt_1	HRAS_wt	TGEGFLCVFAINNTK_-17	3
HRAS_wt_1	HRAS_wt	TGEGFLCVFAINNTK_-18	3
HRAS_wt_1	HRAS_wt	QGVEDAFYTLVR_28	3
HRAS_wt_1	HRAS_wt	SALTIQLIQNHFVDEYDPTIEDSYR_1	7
HRAS_wt_1	HRAS_wt	SALTIQLIQNHFVDEYDPTIEDSYR_2	3
HRAS_wt_1	HRAS_wt	SALTIQLIQNHFVDEYDPTIEDSYR_44	7
HRAS_wt_1	HRAS_wt	KQVVIDGETCLLDILDTAGQEEYSAMR_0	10
HRAS_wt_1	HRAS_wt	QVVIDGETCLLDILDTAGQEEYSAMR_0	45
HRAS_wt_1	HRAS_wt	QGVEDAFYTLVR_43	21
HRAS_wt_1	HRAS_wt	QVVIDGETCLLDILDTAGQEEYSAMR_-48	3
HRAS_wt_1	HRAS_wt	TGEGFLCVFAINNTK_43	28
HRAS_wt_1	HRAS_wt	TGEGFLCVFAINNTK_65	3
HRAS_wt_1	HRAS_wt	QVVIDGETCLLDILDTAGQEEYSAMR_17	3
HRAS_wt_1	HRAS_wt	SALTIQLIQNHFVDEYDPTIEDSYR_43	10
HRAS_wt_1	HRAS_wt	KQVVIDGETCLLDILDTAGQEEYSAMR_22	3
HRAS_wt_1	HRAS_wt	KQVVIDGETCLLDILDTAGQEEYSAMR_57	3
HRAS_wt_1	HRAS_wt	SALTIQLIQNHFVDEYDPTIEDSYR_45	3
HRAS_wt_1	HRAS_wt	KQVVIDGETCLLDILDTAGQEEYSAMR_43	3
HRAS_wt_1	HRAS_wt	QVVIDGETCLLDILDTAGQEEYSAMR_57	3
HRAS_wt_1	HRAS_wt	QVVIDGETCLLDILDTAGQEEYSAMR_43	24
HRAS_wt_1	HRAS_wt	QVVIDGETCLLDILDTAGQEEYSAMR_-17	10
HRAS_wt_1	HRAS_wt	TGEGFLCVFAINNTK_44	7
HRAS_wt_1	HRAS_wt	QVVIDGETCLLDILDTAGQEEYSAMR_22	3
HRAS_wt_1	HRAS_wt	TGEGFLCVFAINNTK_1	3
HRAS_wt_1	HRAS_wt	QVVIDGETCLLDILDTAGQEEYSAMR_-1	3
HRAS_wt_2	HRAS_wt	KLNPPDESGPGCMSCK_0	12
HRAS_wt_2	HRAS_wt	KLNPPDESGPGCMSCK_57	4
HRAS_wt_2	HRAS_wt	VKDSDDVPMVLVGNK_-64	4
HRAS_wt_2	HRAS_wt	LNPPDESGPGCMSCK_0	4
HRAS_wt_2	HRAS_wt	SFEDIHQYR_57	4
HRAS_wt_2	HRAS_wt	SFEDIHQYR_0	8
HRAS_wt_2	HRAS_wt	KLNPPDESGPGCMSCK_43	8
HRAS_wt_2	HRAS_wt	LVVVGAGGVGK_0	16
HRAS_wt_2	HRAS_wt	LVVVGAGGVGK_57	4
HRAS_wt_2	HRAS_wt	DSDDVPMVLVGNK_-48	4
HRAS_wt_2	HRAS_wt	VKDSDDVPMVLVGNK_0	16
HRAS_wt_2	HRAS_wt	RVKDSDDVPMVLVGNK_-99.1	12
HRAS_wt_2	HRAS_wt	LNPPDESGPGCMSCK_44	4
HRAS_wt_2	HRAS_wt	LVVVGAGGVGK_479.2	4
HRAS_wt_2	HRAS_wt	LNPPDESGPGCMSCK_43	4
HRAS_wt_2	HRAS_wt	SFEDIHQYR_43	12
HRAS_wt_2	HRAS_wt	SFEDIHQYR_26	4
HRAS_wt_2	HRAS_wt	DSDDVPMVLVGNK_52.9	8
HRAS_wt_2	HRAS_wt	VKDSDDVPMVLVGNK_43	16
HRAS_wt_2	HRAS_wt	DSDDVPMVLVGNK_0	12
HRAS_wt_2	HRAS_wt	DSDDVPMVLVGNK_57	8
HRAS_wt_2	HRAS_wt	LVVVGAGGVGK_43	12
HRAS_wt_2	HRAS_wt	SYGIPYIETSAK_0	4
HRAS_wt_2	HRAS_wt	DSDDVPMVLVGNK_-4.1	4
HRAS_wt_2	HRAS_wt	DSDDVPMVLVGNK_57.1	4
HRAS_wt_2	HRAS_wt	DSDDVPMVLVGNK_65	4
HRAS_wt_2	HRAS_wt	SALTIQLIQNHFVDEYDPTIEDSYRK_-0.1	4
HRAS_wt_2	HRAS_wt	SALTIQLIQNHFVDEYDPTIEDSYRK_0	12
HRAS_wt_2	HRAS_wt	SALTIQLIQNHFVDEYDPTIEDSYRK_57	12
HRAS_wt_2	HRAS_wt	QGVEDAFYTLVR_39	4
HRAS_wt_2	HRAS_wt	SALTIQLIQNHFVDEYDPTIEDSYRK_22	4
HRAS_wt_2	HRAS_wt	SALTIQLIQNHFVDEYDPTIEDSYRK_14	4
HRAS_wt_2	HRAS_wt	QGVEDAFYTLVR_0	8
HRAS_wt_2	HRAS_wt	QGVEDAFYTLVR_-18	4
HRAS_wt_2	HRAS_wt	SALTIQLIQNHFVDEYDPTIEDSYR_1	8
HRAS_wt_2	HRAS_wt	TGEGFLCVFAINNTK_16	4
HRAS_wt_2	HRAS_wt	SALTIQLIQNHFVDEYDPTIEDSYR_57	12
HRAS_wt_2	HRAS_wt	TGEGFLCVFAINNTK_0	79
HRAS_wt_2	HRAS_wt	TGEGFLCVFAINNTK_57	4
HRAS_wt_2	HRAS_wt	SALTIQLIQNHFVDEYDPTIEDSYR_0	28
HRAS_wt_2	HRAS_wt	SALTIQLIQNHFVDEYDPTIEDSYRK_44	8
HRAS_wt_2	HRAS_wt	SALTIQLIQNHFVDEYDPTIEDSYR_-17	4
HRAS_wt_2	HRAS_wt	TGEGFLCVFAINNTK_184	4
HRAS_wt_2	HRAS_wt	SALTIQLIQNHFVDEYDPTIEDSYR_171.1	4
HRAS_wt_2	HRAS_wt	TGEGFLCVFAINNTK_-18	4
HRAS_wt_2	HRAS_wt	TGEGFLCVFAINNTK_-17	4
HRAS_wt_2	HRAS_wt	TGEGFLCVFAINNTK_12	4
HRAS_wt_2	HRAS_wt	SALTIQLIQNHFVDEYDPTIEDSYRK_43	20
HRAS_wt_2	HRAS_wt	SALTIQLIQNHFVDEYDPTIEDSYRK_-2	4
HRAS_wt_2	HRAS_wt	TGEGFLCVFAINNTK_1	8
HRAS_wt_2	HRAS_wt	QGVEDAFYTLVR_40	4
HRAS_wt_2	HRAS_wt	KQVVIDGETCLLDILDTAGQEEYSAMR_0	12
HRAS_wt_2	HRAS_wt	SALTIQLIQNHFVDEYDPTIEDSYR_60	4
HRAS_wt_2	HRAS_wt	QVVIDGETCLLDILDTAGQEEYSAMR_0	47
HRAS_wt_2	HRAS_wt	TGEGFLCVFAINNTK_43	36
HRAS_wt_2	HRAS_wt	QVVIDGETCLLDILDTAGQEEYSAMR_-48	8
HRAS_wt_2	HRAS_wt	QGVEDAFYTLVR_43	4
HRAS_wt_2	HRAS_wt	SALTIQLIQNHFVDEYDPTIEDSYR_43	36
HRAS_wt_2	HRAS_wt	KQVVIDGETCLLDILDTAGQEEYSAMR_57	4
HRAS_wt_2	HRAS_wt	QVVIDGETCLLDILDTAGQEEYSAMR_22	4
HRAS_wt_2	HRAS_wt	SALTIQLIQNHFVDEYDPTIEDSYR_44	4
HRAS_wt_2	HRAS_wt	TGEGFLCVFAINNTK_43.9	4
HRAS_wt_2	HRAS_wt	QVVIDGETCLLDILDTAGQEEYSAMRDQYMR_1	4
HRAS_wt_2	HRAS_wt	QVVIDGETCLLDILDTAGQEEYSAMR_57	4
HRAS_wt_2	HRAS_wt	QVVIDGETCLLDILDTAGQEEYSAMR_43	32
HRAS_wt_2	HRAS_wt	QVVIDGETCLLDILDTAGQEEYSAMR_-17	12
HRAS_wt_3	HRAS_wt	KLNPPDESGPGCMSCK_0	10
HRAS_wt_3	HRAS_wt	LNPPDESGPGCMSCK_0	20
HRAS_wt_3	HRAS_wt	SFEDIHQYR_57	7
HRAS_wt_3	HRAS_wt	SFEDIHQYR_0	7
HRAS_wt_3	HRAS_wt	FEDIHQYR_0	3
HRAS_wt_3	HRAS_wt	LVVVGAGGVGK_0	13
HRAS_wt_3	HRAS_wt	LVVVGAGGVGK_57	3
HRAS_wt_3	HRAS_wt	SFEDIHQYR_1	3
HRAS_wt_3	HRAS_wt	LVVVGAGGVGK_478.2	3
HRAS_wt_3	HRAS_wt	VKDSDDVPMVLVGNK_0	16
HRAS_wt_3	HRAS_wt	VKDSDDVPMVLVGNK_57	3
HRAS_wt_3	HRAS_wt	LVVVGAGGVGK_1	3
HRAS_wt_3	HRAS_wt	SFEDIHQYR_-18	3
HRAS_wt_3	HRAS_wt	SFEDIHQYR_43	10
HRAS_wt_3	HRAS_wt	DSDDVPMVLVGNK_0	10
HRAS_wt_3	HRAS_wt	VKDSDDVPMVLVGNKCDLAAR_-9	3
HRAS_wt_3	HRAS_wt	RVKDSDDVPMVLVGNK_-99.1	3
HRAS_wt_3	HRAS_wt	DSDDVPMVLVGNK_57	10
HRAS_wt_3	HRAS_wt	LVVVGAGGVGK_43	3
HRAS_wt_3	HRAS_wt	VKDSDDVPMVLVGNK_43	13
HRAS_wt_3	HRAS_wt	YDPTIEDSYR_490.2	3
HRAS_wt_3	HRAS_wt	SYGIPYIETSAK_0	7
HRAS_wt_3	HRAS_wt	DSDDVPMVLVGNK_52.9	3
HRAS_wt_3	HRAS_wt	DSDDVPMVLVGNK_22	3
HRAS_wt_3	HRAS_wt	TRQGVEDAFYTLVR_0	3
HRAS_wt_3	HRAS_wt	QGVEDAFYTLVR_0	26
HRAS_wt_3	HRAS_wt	DSDDVPMVLVGNK_65	3
HRAS_wt_3	HRAS_wt	SYGIPYIETSAK_43	3
HRAS_wt_3	HRAS_wt	DSDDVPMVLVGNK_43	3
HRAS_wt_3	HRAS_wt	SALTIQLIQNHFVDEYDPTIEDSYRK_0	10
HRAS_wt_3	HRAS_wt	SALTIQLIQNHFVDEYDPTIEDSYRK_57	10
HRAS_wt_3	HRAS_wt	QGVEDAFYTLVR_39	3
HRAS_wt_3	HRAS_wt	SALTIQLIQNHFVDEYDPTIEDSYRK_22	3
HRAS_wt_3	HRAS_wt	QGVEDAFYTLVR_-18	7
HRAS_wt_3	HRAS_wt	QGVEDAFYTLVR_14	3
HRAS_wt_3	HRAS_wt	QGVEDAFYTLVR_45	3
HRAS_wt_3	HRAS_wt	VEDAFYTLVR_150.1	3
HRAS_wt_3	HRAS_wt	SALTIQLIQNHFVDEYDPTIEDSYR_1	7
HRAS_wt_3	HRAS_wt	TGEGFLCVFAINNTK_16	3
HRAS_wt_3	HRAS_wt	TGEGFLCVFAINNTK_57	10
HRAS_wt_3	HRAS_wt	TGEGFLCVFAINNTK_0	78
HRAS_wt_3	HRAS_wt	TGEGFLCVFAINNTK_22	3
HRAS_wt_3	HRAS_wt	SALTIQLIQNHFVDEYDPTIEDSYR_0	33
HRAS_wt_3	HRAS_wt	SALTIQLIQNHFVDEYDPTIEDSYRK_43	20
HRAS_wt_3	HRAS_wt	SALTIQLIQNHFVDEYDPTIEDSYR_22	3
HRAS_wt_3	HRAS_wt	SALTIQLIQNHFVDEYDPTIEDSYR_14	3
HRAS_wt_3	HRAS_wt	SALTIQLIQNHFVDEYDPTIEDSYR_57	7
HRAS_wt_3	HRAS_wt	SALTIQLIQNHFVDEYDPTIEDSYR_171.1	3
HRAS_wt_3	HRAS_wt	TGEGFLCVFAINNTK_-18	3
HRAS_wt_3	HRAS_wt	TGEGFLCVFAINNTK_152	7
HRAS_wt_3	HRAS_wt	SALTIQLIQNHFVDEYDPTIEDSYR_-1	3
HRAS_wt_3	HRAS_wt	TGEGFLCVFAINNTKSFEDIHQYR_43	3
HRAS_wt_3	HRAS_wt	SALTIQLIQNHFVDEYDPTIEDSYRK_65	7
HRAS_wt_3	HRAS_wt	SALTIQLIQNHFVDEYDPTIEDSYRK_-2	7
HRAS_wt_3	HRAS_wt	SALTIQLIQNHFVDEYDPTIEDSYR_44	3
HRAS_wt_3	HRAS_wt	SALTIQLIQNHFVDEYDPTIEDSYR_60	3
HRAS_wt_3	HRAS_wt	SALTIQLIQNHFVDEYDPTIEDSYR_2	3
HRAS_wt_3	HRAS_wt	QGVEDAFYTLVR_43	3
HRAS_wt_3	HRAS_wt	TGEGFLCVFAINNTK_65	3
HRAS_wt_3	HRAS_wt	GEGFLCVFAINNTK_0	3
HRAS_wt_3	HRAS_wt	SALTIQLIQNHFVDEYDPTIEDSYR_26	3
HRAS_wt_3	HRAS_wt	SALTIQLIQNHFVDEYDPTIEDSYRK_44	3
HRAS_wt_3	HRAS_wt	KQVVIDGETCLLDILDTAGQEEYSAMR_0	3
HRAS_wt_3	HRAS_wt	SALTIQLIQNHFVDEYDPTIEDSYR_43	16
HRAS_wt_3	HRAS_wt	KQVVIDGETCLLDILDTAGQEEYSAMR_22	3
HRAS_wt_3	HRAS_wt	KQVVIDGETCLLDILDTAGQEEYSAMR_1	3
HRAS_wt_3	HRAS_wt	SALTIQLIQNHFVDEYDPTIEDSYR_65	3
HRAS_wt_3	HRAS_wt	TGEGFLCVFAINNTK_43	26
HRAS_wt_3	HRAS_wt	QVVIDGETCLLDILDTAGQEEYSAMR_0	46
HRAS_wt_3	HRAS_wt	QVVIDGETCLLDILDTAGQEEYSAMR_183	7
HRAS_wt_3	HRAS_wt	QVVIDGETCLLDILDTAGQEEYSAMR_-18	3
HRAS_wt_3	HRAS_wt	QVVIDGETCLLDILDTAGQEEYSAMR_57	7
HRAS_wt_3	HRAS_wt	TGEGFLCVFAINNTK_1	7
HRAS_wt_3	HRAS_wt	SALTIQLIQNHFVDEYDPTIEDSYR_45	3
HRAS_wt_3	HRAS_wt	QVVIDGETCLLDILDTAGQEEYSAMR_43	36
HRAS_wt_3	HRAS_wt	QVVIDGETCLLDILDTAGQEEYSAMR_-17	7
HRAS_wt_3	HRAS_wt	TGEGFLCVFAINNTK_209.2	7
HRAS_wt_3	HRAS_wt	TGEGFLCVFAINNTK_44	3
HRAS_wt_3	HRAS_wt	QVVIDGETCLLDILDTAGQEEYSAMR_-16	3
HRAS_wt_3	HRAS_wt	SALTIQLIQNHFVDEYDPTIEDSYRK_45	3
HRAS_wt_3	HRAS_wt	QVVIDGETCLLDILDTAGQEEYSAMR_-1	3
HRAS_g12d_1	HRAS_g12d	KLNPPDESGPGCMSCK_0	10
HRAS_g12d_1	HRAS_g12d	LNPPDESGPGCMSCK_0	10
HRAS_g12d_1	HRAS_g12d	SFEDIHQYR_57	10
HRAS_g12d_1	HRAS_g12d	LNPPDESGPGCMSCK_57	5
HRAS_g12d_1	HRAS_g12d	SFEDIHQYR_0	10
HRAS_g12d_1	HRAS_g12d	KLNPPDESGPGCMSCK_43	10
HRAS_g12d_1	HRAS_g12d	LVVVGAGGVGK_58	10
HRAS_g12d_1	HRAS_g12d	DSDDVPMVLVGNK_-48	5
HRAS_g12d_1	HRAS_g12d	VKDSDDVPMVLVGNK_0	15
HRAS_g12d_1	HRAS_g12d	RVKDSDDVPMVLVGNK_-99.1	5
HRAS_g12d_1	HRAS_g12d	SFEDIHQYR_43	10
HRAS_g12d_1	HRAS_g12d	VKDSDDVPMVLVGNK_57	5
HRAS_g12d_1	HRAS_g12d	DSDDVPMVLVGNK_0	15
HRAS_g12d_1	HRAS_g12d	DSDDVPMVLVGNK_57	10
HRAS_g12d_1	HRAS_g12d	VKDSDDVPMVLVGNK_43	15
HRAS_g12d_1	HRAS_g12d	YDPTIEDSYR_490.2	5
HRAS_g12d_1	HRAS_g12d	SYGIPYIETSAK_0	5
HRAS_g12d_1	HRAS_g12d	DSDDVPMVLVGNK_52.9	5
HRAS_g12d_1	HRAS_g12d	SYGIPYIETSAK_43	5
HRAS_g12d_1	HRAS_g12d	DSDDVPMVLVGNK_43	5
HRAS_g12d_1	HRAS_g12d	SALTIQLIQNHFVDEYDPTIEDSYRK_0	15
HRAS_g12d_1	HRAS_g12d	SALTIQLIQNHFVDEYDPTIEDSYRK_57	20
HRAS_g12d_1	HRAS_g12d	QGVEDAFYTLVR_57	5
HRAS_g12d_1	HRAS_g12d	QGVEDAFYTLVR_-18	5
HRAS_g12d_1	HRAS_g12d	QGVEDAFYTLVR_14	5
HRAS_g12d_1	HRAS_g12d	SALTIQLIQNHFVDEYDPTIEDSYR_1	5
HRAS_g12d_1	HRAS_g12d	QGVEDAFYTLVR_0	10
HRAS_g12d_1	HRAS_g12d	TGEGFLCVFAINNTK_16	5
HRAS_g12d_1	HRAS_g12d	SALTIQLIQNHFVDEYDPTIEDSYR_57	25
HRAS_g12d_1	HRAS_g12d	TGEGFLCVFAINNTK_0	91
HRAS_g12d_1	HRAS_g12d	TGEGFLCVFAINNTK_-16	5
HRAS_g12d_1	HRAS_g12d	TGEGFLCVFAINNTK_57	10
HRAS_g12d_1	HRAS_g12d	SALTIQLIQNHFVDEYDPTIEDSYRK_43	10
HRAS_g12d_1	HRAS_g12d	SALTIQLIQNHFVDEYDPTIEDSYR_-17	5
HRAS_g12d_1	HRAS_g12d	SALTIQLIQNHFVDEYDPTIEDSYR_0	15
HRAS_g12d_1	HRAS_g12d	SALTIQLIQNHFVDEYDPTIEDSYRK_-114.1	5
HRAS_g12d_1	HRAS_g12d	SALTIQLIQNHFVDEYDPTIEDSYR_171.1	5
HRAS_g12d_1	HRAS_g12d	TGEGFLCVFAINNTK_-91	5
HRAS_g12d_1	HRAS_g12d	TGEGFLCVFAINNTK_1	30
HRAS_g12d_1	HRAS_g12d	SALTIQLIQNHFVDEYDPTIEDSYR_44	5
HRAS_g12d_1	HRAS_g12d	KQVVIDGETCLLDILDTAGQEEYSAMR_0	10
HRAS_g12d_1	HRAS_g12d	QGVEDAFYTLVR_43	10
HRAS_g12d_1	HRAS_g12d	TGEGFLCVFAINNTK_43	25
HRAS_g12d_1	HRAS_g12d	GEGFLCVFAINNTK_0	5
HRAS_g12d_1	HRAS_g12d	KQVVIDGETCLLDILDTAGQEEYSAMR_-1	5
HRAS_g12d_1	HRAS_g12d	SALTIQLIQNHFVDEYDPTIEDSYR_43	10
HRAS_g12d_1	HRAS_g12d	KQVVIDGETCLLDILDTAGQEEYSAMR_57	5
HRAS_g12d_1	HRAS_g12d	QVVIDGETCLLDILDTAGQEEYSAMR_0	66
HRAS_g12d_1	HRAS_g12d	QVVIDGETCLLDILDTAGQEEYSAMR_57	5
HRAS_g12d_1	HRAS_g12d	QVVIDGETCLLDILDTAGQEEYSAMR_-18	5
HRAS_g12d_1	HRAS_g12d	QVVIDGETCLLDILDTAGQEEYSAMR_43	46
HRAS_g12d_1	HRAS_g12d	QVVIDGETCLLDILDTAGQEEYSAMR_-17	10
HRAS_g12d_2	HRAS_g12d	LNPPDESGPGCMSCK_0	13
HRAS_g12d_2	HRAS_g12d	KLNPPDESGPGCMSCK_0	8
HRAS_g12d_2	HRAS_g12d	VKDSDDVPMVLVGNK_-48	4
HRAS_g12d_2	HRAS_g12d	LNPPDESGPGCMSCK_57	4
HRAS_g12d_2	HRAS_g12d	SFEDIHQYR_57	4
HRAS_g12d_2	HRAS_g12d	SFEDIHQYR_0	8
HRAS_g12d_2	HRAS_g12d	KLNPPDESGPGCMSCK_43	8
HRAS_g12d_2	HRAS_g12d	LVVVGAGGVGK_58	17
HRAS_g12d_2	HRAS_g12d	DSDDVPMVLVGNK_-48	4
HRAS_g12d_2	HRAS_g12d	VKDSDDVPMVLVGNK_0	17
HRAS_g12d_2	HRAS_g12d	RVKDSDDVPMVLVGNK_-99.1	8
HRAS_g12d_2	HRAS_g12d	SFEDIHQYR_43	8
HRAS_g12d_2	HRAS_g12d	SFEDIHQYR_26	4
HRAS_g12d_2	HRAS_g12d	DSDDVPMVLVGNK_0	4
HRAS_g12d_2	HRAS_g12d	SFEDIHQYR_43.1	4
HRAS_g12d_2	HRAS_g12d	VKDSDDVPMVLVGNK_43	13
HRAS_g12d_2	HRAS_g12d	YDPTIEDSYR_490.2	4
HRAS_g12d_2	HRAS_g12d	SYGIPYIETSAK_0	4
HRAS_g12d_2	HRAS_g12d	DSDDVPMVLVGNK_43	4
HRAS_g12d_2	HRAS_g12d	SYGIPYIETSAK_43	4
HRAS_g12d_2	HRAS_g12d	SALTIQLIQNHFVDEYDPTIEDSYRK_0	17
HRAS_g12d_2	HRAS_g12d	QGVEDAFYTLVR_39	4
HRAS_g12d_2	HRAS_g12d	SALTIQLIQNHFVDEYDPTIEDSYRK_57	8
HRAS_g12d_2	HRAS_g12d	SALTIQLIQNHFVDEYDPTIEDSYRK_23	4
HRAS_g12d_2	HRAS_g12d	QGVEDAFYTLVR_0	4
HRAS_g12d_2	HRAS_g12d	TGEGFLCVFAINNTK_16	4
HRAS_g12d_2	HRAS_g12d	TGEGFLCVFAINNTK_57	8
HRAS_g12d_2	HRAS_g12d	TGEGFLCVFAINNTK_0	80
HRAS_g12d_2	HRAS_g12d	TGEGFLCVFAINNTK_22	8
HRAS_g12d_2	HRAS_g12d	SALTIQLIQNHFVDEYDPTIEDSYRK_44	4
HRAS_g12d_2	HRAS_g12d	SALTIQLIQNHFVDEYDPTIEDSYR_0	55
HRAS_g12d_2	HRAS_g12d	SALTIQLIQNHFVDEYDPTIEDSYR_57	8
HRAS_g12d_2	HRAS_g12d	SALTIQLIQNHFVDEYDPTIEDSYR_171.1	13
HRAS_g12d_2	HRAS_g12d	TGEGFLCVFAINNTK_-17	4
HRAS_g12d_2	HRAS_g12d	TGEGFLCVFAINNTK_-18	8
HRAS_g12d_2	HRAS_g12d	TGEGFLCVFAINNTK_-3	4
HRAS_g12d_2	HRAS_g12d	SALTIQLIQNHFVDEYDPTIEDSYRK_43	17
HRAS_g12d_2	HRAS_g12d	SALTIQLIQNHFVDEYDPTIEDSYR_-1	4
HRAS_g12d_2	HRAS_g12d	QGVEDAFYTLVR_40	4
HRAS_g12d_2	HRAS_g12d	TGEGFLCVFAINNTK_1	4
HRAS_g12d_2	HRAS_g12d	TGEGFLCVFAINNTK_43	38
HRAS_g12d_2	HRAS_g12d	TGEGFLCVFAINNTK_65	4
HRAS_g12d_2	HRAS_g12d	QGVEDAFYTLVR_43	4
HRAS_g12d_2	HRAS_g12d	SALTIQLIQNHFVDEYDPTIEDSYR_100	4
HRAS_g12d_2	HRAS_g12d	KQVVIDGETCLLDILDTAGQEEYSAMR_0	8
HRAS_g12d_2	HRAS_g12d	SALTIQLIQNHFVDEYDPTIEDSYR_43	29
HRAS_g12d_2	HRAS_g12d	KQVVIDGETCLLDILDTAGQEEYSAMR_-1.9	4
HRAS_g12d_2	HRAS_g12d	KQVVIDGETCLLDILDTAGQEEYSAMR_57	4
HRAS_g12d_2	HRAS_g12d	QVVIDGETCLLDILDTAGQEEYSAMR_0	76
HRAS_g12d_2	HRAS_g12d	QVVIDGETCLLDILDTAGQEEYSAMR_-30	4
HRAS_g12d_2	HRAS_g12d	QVVIDGETCLLDILDTAGQEEYSAMR_14	4
HRAS_g12d_2	HRAS_g12d	QVVIDGETCLLDILDTAGQEEYSAMR_22	4
HRAS_g12d_2	HRAS_g12d	QVVIDGETCLLDILDTAGQEEYSAMR_57	13
HRAS_g12d_2	HRAS_g12d	QVVIDGETCLLDILDTAGQEEYSAMR_43	29
HRAS_g12d_2	HRAS_g12d	QVVIDGETCLLDILDTAGQEEYSAMR_-1	4
HRAS_g12d_2	HRAS_g12d	QVVIDGETCLLDILDTAGQEEYSAMR_-17	8
HRAS_g12d_2	HRAS_g12d	TGEGFLCVFAINNTK_2	4
HRAS_g12d_2	HRAS_g12d	QVVIDGETCLLDILDTAGQEEYSAMR_41	4
HRAS_g12d_3	HRAS_g12d	QVVIDGETCLLDILDTAGQEEYSAMR_0	78
HRAS_g12d_3	HRAS_g12d	LNPPDESGPGCMSCK_0	15
HRAS_g12d_3	HRAS_g12d	KLNPPDESGPGCMSCK_0	10
HRAS_g12d_3	HRAS_g12d	KLNPPDESGPGCMSCK_57	5
HRAS_g12d_3	HRAS_g12d	VKDSDDVPMVLVGNK_-48	5
HRAS_g12d_3	HRAS_g12d	SFEDIHQYR_57	5
HRAS_g12d_3	HRAS_g12d	SFEDIHQYR_0	5
HRAS_g12d_3	HRAS_g12d	KLNPPDESGPGCMSCK_43	5
HRAS_g12d_3	HRAS_g12d	LVVVGAGGVGK_58	15
HRAS_g12d_3	HRAS_g12d	VKDSDDVPMVLVGNK_0	19
HRAS_g12d_3	HRAS_g12d	SFEDIHQYR_43	10
HRAS_g12d_3	HRAS_g12d	DSDDVPMVLVGNK_0	10
HRAS_g12d_3	HRAS_g12d	SYGIPYIETSAK_0	5
HRAS_g12d_3	HRAS_g12d	DSDDVPMVLVGNK_36.9	5
HRAS_g12d_3	HRAS_g12d	VKDSDDVPMVLVGNK_43	10
HRAS_g12d_3	HRAS_g12d	DSDDVPMVLVGNK_-1	5
HRAS_g12d_3	HRAS_g12d	DSDDVPMVLVGNK_43	5
HRAS_g12d_3	HRAS_g12d	SYGIPYIETSAK_43	10
HRAS_g12d_3	HRAS_g12d	SALTIQLIQNHFVDEYDPTIEDSYRK_0	10
HRAS_g12d_3	HRAS_g12d	SALTIQLIQNHFVDEYDPTIEDSYRK_57	10
HRAS_g12d_3	HRAS_g12d	QGVEDAFYTLVR_39	5
HRAS_g12d_3	HRAS_g12d	QGVEDAFYTLVR_0	15
HRAS_g12d_3	HRAS_g12d	SALTIQLIQNHFVDEYDPTIEDSYR_1	10
HRAS_g12d_3	HRAS_g12d	TGEGFLCVFAINNTK_16	5
HRAS_g12d_3	HRAS_g12d	TGEGFLCVFAINNTK_0	92
HRAS_g12d_3	HRAS_g12d	TGEGFLCVFAINNTK_57	5
HRAS_g12d_3	HRAS_g12d	TGEGFLCVFAINNTK_-17	5
HRAS_g12d_3	HRAS_g12d	SALTIQLIQNHFVDEYDPTIEDSYRK_44	5
HRAS_g12d_3	HRAS_g12d	SALTIQLIQNHFVDEYDPTIEDSYR_-17	5
HRAS_g12d_3	HRAS_g12d	SALTIQLIQNHFVDEYDPTIEDSYR_57	10
HRAS_g12d_3	HRAS_g12d	SALTIQLIQNHFVDEYDPTIEDSYR_0	29
HRAS_g12d_3	HRAS_g12d	SALTIQLIQNHFVDEYDPTIEDSYR_171.1	5
HRAS_g12d_3	HRAS_g12d	SALTIQLIQNHFVDEYDPTIEDSYRK_43	19
HRAS_g12d_3	HRAS_g12d	SALTIQLIQNHFVDEYDPTIEDSYRK_-2	5
HRAS_g12d_3	HRAS_g12d	SALTIQLIQNHFVDEYDPTIEDSYR_-1	5
HRAS_g12d_3	HRAS_g12d	KQVVIDGETCLLDILDTAGQEEYSAMR_0	15
HRAS_g12d_3	HRAS_g12d	QGVEDAFYTLVR_-17	5
HRAS_g12d_3	HRAS_g12d	TGEGFLCVFAINNTK_1	15
HRAS_g12d_3	HRAS_g12d	QGVEDAFYTLVR_43	10
HRAS_g12d_3	HRAS_g12d	SALTIQLIQNHFVDEYDPTIEDSYR_100	5
HRAS_g12d_3	HRAS_g12d	KQVVIDGETCLLDILDTAGQEEYSAMR_1	5
HRAS_g12d_3	HRAS_g12d	TGEGFLCVFAINNTK_43	15
HRAS_g12d_3	HRAS_g12d	SALTIQLIQNHFVDEYDPTIEDSYR_43	19
HRAS_g12d_3	HRAS_g12d	TGEGFLCVFAINNTK_44	5
HRAS_g12d_3	HRAS_g12d	QVVIDGETCLLDILDTAGQEEYSAMR_14	5
HRAS_g12d_3	HRAS_g12d	QVVIDGETCLLDILDTAGQEEYSAMR_57	15
HRAS_g12d_3	HRAS_g12d	QVVIDGETCLLDILDTAGQEEYSAMR_183	5
HRAS_g12d_3	HRAS_g12d	QVVIDGETCLLDILDTAGQEEYSAMR_-17	15
HRAS_g12d_3	HRAS_g12d	QVVIDGETCLLDILDTAGQEEYSAMR_43	63
HRAS_g12d_3	HRAS_g12d	TGEGFLCVFAINNTK_209.2	5
HRAS_g12d_3	HRAS_g12d	LNPPDESGPGCMSCKCVLS_43.2	5
