HRAS_wt_1	HRAS_wt	KLNPPDESGPGCMSCK_0	1
HRAS_wt_1	HRAS_wt	LNPPDESGPGCMSCK_0	3
HRAS_wt_1	HRAS_wt	SFEDIHQYR_57	1
HRAS_wt_1	HRAS_wt	SFEDIHQYR_0	1
HRAS_wt_1	HRAS_wt	SFEDIHQYR_-18	1
HRAS_wt_1	HRAS_wt	LVVVGAGGVGK_0	3
HRAS_wt_1	HRAS_wt	LVVVGAGGVGK_57	1
HRAS_wt_1	HRAS_wt	DSDDVPMVLVGNK_-48	1
HRAS_wt_1	HRAS_wt	VKDSDDVPMVLVGNK_0	5
HRAS_wt_1	HRAS_wt	LNPPDESGPGCMSCK_43	1
HRAS_wt_1	HRAS_wt	LVVVGAGGVGK_479.2	1
HRAS_wt_1	HRAS_wt	SFEDIHQYR_43	1
HRAS_wt_1	HRAS_wt	VKDSDDVPMVLVGNK_22	1
HRAS_wt_1	HRAS_wt	DSDDVPMVLVGNK_0	3
HRAS_wt_1	HRAS_wt	RVKDSDDVPMVLVGNK_-99.1	1
HRAS_wt_1	HRAS_wt	VKDSDDVPMVLVGNK_-4.1	1
HRAS_wt_1	HRAS_wt	LVVVGAGGVGK_43	1
HRAS_wt_1	HRAS_wt	VKDSDDVPMVLVGNK_43	3
HRAS_wt_1	HRAS_wt	SYGIPYIETSAK_0	1
HRAS_wt_1	HRAS_wt	DSDDVPMVLVGNK_57	1
HRAS_wt_1	HRAS_wt	DSDDVPMVLVGNK_52.9	1
HRAS_wt_1	HRAS_wt	DSDDVPMVLVGNK_22	1
HRAS_wt_1	HRAS_wt	TRQGVEDAFYTLVR_0	1
HRAS_wt_1	HRAS_wt	QGVEDAFYTLVR_0	4
HRAS_wt_1	HRAS_wt	DSDDVPMVLVGNK_43	1
HRAS_wt_1	HRAS_wt	SALTIQLIQNHFVDEYDPTIEDSYR_185.1	1
HRAS_wt_1	HRAS_wt	QGVEDAFYTLVR_40	1
HRAS_wt_1	HRAS_wt	SALTIQLIQNHFVDEYDPTIEDSYRK_0	4
HRAS_wt_1	HRAS_wt	SALTIQLIQNHFVDEYDPTIEDSYRK_57	1
HRAS_wt_1	HRAS_wt	YDPTIEDSYRK_244.1	1
HRAS_wt_1	HRAS_wt	SALTIQLIQNHFVDEYDPTIEDSYRK_22	1
HRAS_wt_1	HRAS_wt	VEDAFYTLVR_57	1
HRAS_wt_1	HRAS_wt	QGVEDAFYTLVR_-18	2
HRAS_wt_1	HRAS_wt	QGVEDAFYTLVR_14	1
HRAS_wt_1	HRAS_wt	TGEGFLCVFAINNTK_-34	1
HRAS_wt_1	HRAS_wt	TGEGFLCVFAINNTK_57	2
HRAS_wt_1	HRAS_wt	TGEGFLCVFAINNTK_0	13
HRAS_wt_1	HRAS_wt	TGEGFLCVFAINNTK_22	1
HRAS_wt_1	HRAS_wt	SALTIQLIQNHFVDEYDPTIEDSYR_-0.9	1
HRAS_wt_1	HRAS_wt	SALTIQLIQNHFVDEYDPTIEDSYRK_44	1
HRAS_wt_1	HRAS_wt	SALTIQLIQNHFVDEYDPTIEDSYR_-17	1
HRAS_wt_1	HRAS_wt	SALTIQLIQNHFVDEYDPTIEDSYR_57	2
HRAS_wt_1	HRAS_wt	SALTIQLIQNHFVDEYDPTIEDSYRK_43	4
HRAS_wt_1	HRAS_wt	SALTIQLIQNHFVDEYDPTIEDSYR_-18	1
HRAS_wt_1	HRAS_wt	SALTIQLIQNHFVDEYDPTIEDSYR_0	6
HRAS_wt_1	HRAS_wt	SALTIQLIQNHFVDEYDPTIEDSYR_171.1	1
HRAS_wt_1	HRAS_wt	TGEGFLCVFAINNTK_-17	1
HRAS_wt_1	HRAS_wt	TGEGFLCVFAINNTK_-18	1
HRAS_wt_1	HRAS_wt	QGVEDAFYTLVR_28	1
HRAS_wt_1	HRAS_wt	SALTIQLIQNHFVDEYDPTIEDSYR_1	1
HRAS_wt_1	HRAS_wt	SALTIQLIQNHFVDEYDPTIEDSYR_2	1
HRAS_wt_1	HRAS_wt	SALTIQLIQNHFVDEYDPTIEDSYR_44	1
HRAS_wt_1	HRAS_wt	KQVVIDGETCLLDILDTAGQEEYSAMR_0	2
HRAS_wt_1	HRAS_wt	QVVIDGETCLLDILDTAGQEEYSAMR_0	8
HRAS_wt_1	HRAS_wt	QGVEDAFYTLVR_43	4
HRAS_wt_1	HRAS_wt	QVVIDGETCLLDILDTAGQEEYSAMR_-48	1
HRAS_wt_1	HRAS_wt	TGEGFLCVFAINNTK_43	5
HRAS_wt_1	HRAS_wt	TGEGFLCVFAINNTK_65	1
HRAS_wt_1	HRAS_wt	QVVIDGETCLLDILDTAGQEEYSAMR_17	1
HRAS_wt_1	HRAS_wt	SALTIQLIQNHFVDEYDPTIEDSYR_43	2
HRAS_wt_1	HRAS_wt	KQVVIDGETCLLDILDTAGQEEYSAMR_22	1
HRAS_wt_1	HRAS_wt	KQVVIDGETCLLDILDTAGQEEYSAMR_57	1
HRAS_wt_1	HRAS_wt	SALTIQLIQNHFVDEYDPTIEDSYR_45	1
HRAS_wt_1	HRAS_wt	KQVVIDGETCLLDILDTAGQEEYSAMR_43	1
HRAS_wt_1	HRAS_wt	QVVIDGETCLLDILDTAGQEEYSAMR_57	1
HRAS_wt_1	HRAS_wt	QVVIDGETCLLDILDTAGQEEYSAMR_43	4
HRAS_wt_1	HRAS_wt	QVVIDGETCLLDILDTAGQEEYSAMR_-17	2
HRAS_wt_1	HRAS_wt	TGEGFLCVFAINNTK_44	1
HRAS_wt_1	HRAS_wt	QVVIDGETCLLDILDTAGQEEYSAMR_22	1
HRAS_wt_1	HRAS_wt	TGEGFLCVFAINNTK_1	1
HRAS_wt_1	HRAS_wt	QVVIDGETCLLDILDTAGQEEYSAMR_-1	1
HRAS_wt_2	HRAS_wt	KLNPPDESGPGCMSCK_0	2
HRAS_wt_2	HRAS_wt	KLNPPDESGPGCMSCK_57	1
HRAS_wt_2	HRAS_wt	VKDSDDVPMVLVGNK_-64	1
HRAS_wt_2	HRAS_wt	LNPPDESGPGCMSCK_0	1
HRAS_wt_2	HRAS_wt	SFEDIHQYR_57	1
HRAS_wt_2	HRAS_wt	SFEDIHQYR_0	1
HRAS_wt_2	HRAS_wt	KLNPPDESGPGCMSCK_43	1
HRAS_wt_2	HRAS_wt	LVVVGAGGVGK_0	3
HRAS_wt_2	HRAS_wt	LVVVGAGGVGK_57	1
HRAS_wt_2	HRAS_wt	DSDDVPMVLVGNK_-48	1
HRAS_wt_2	HRAS_wt	VKDSDDVPMVLVGNK_0	3
HRAS_wt_2	HRAS_wt	RVKDSDDVPMVLVGNK_-99.1	2
HRAS_wt_2	HRAS_wt	LNPPDESGPGCMSCK_44	1
HRAS_wt_2	HRAS_wt	LVVVGAGGVGK_479.2	1
HRAS_wt_2	HRAS_wt	LNPPDESGPGCMSCK_43	1
HRAS_wt_2	HRAS_wt	SFEDIHQYR_43	2
HRAS_wt_2	HRAS_wt	SFEDIHQYR_26	1
HRAS_wt_2	HRAS_wt	DSDDVPMVLVGNK_52.9	1
HRAS_wt_2	HRAS_wt	VKDSDDVPMVLVGNK_43	3
HRAS_wt_2	HRAS_wt	DSDDVPMVLVGNK_0	2
HRAS_wt_2	HRAS_wt	DSDDVPMVLVGNK_57	1
HRAS_wt_2	HRAS_wt	LVVVGAGGVGK_43	2
HRAS_wt_2	HRAS_wt	SYGIPYIETSAK_0	1
HRAS_wt_2	HRAS_wt	DSDDVPMVLVGNK_-4.1	1
HRAS_wt_2	HRAS_wt	DSDDVPMVLVGNK_57.1	1
HRAS_wt_2	HRAS_wt	DSDDVPMVLVGNK_65	1
HRAS_wt_2	HRAS_wt	SALTIQLIQNHFVDEYDPTIEDSYRK_-0.1	1
HRAS_wt_2	HRAS_wt	SALTIQLIQNHFVDEYDPTIEDSYRK_0	2
HRAS_wt_2	HRAS_wt	SALTIQLIQNHFVDEYDPTIEDSYRK_57	2
HRAS_wt_2	HRAS_wt	QGVEDAFYTLVR_39	1
HRAS_wt_2	HRAS_wt	SALTIQLIQNHFVDEYDPTIEDSYRK_22	1
HRAS_wt_2	HRAS_wt	SALTIQLIQNHFVDEYDPTIEDSYRK_14	1
HRAS_wt_2	HRAS_wt	QGVEDAFYTLVR_0	1
HRAS_wt_2	HRAS_wt	QGVEDAFYTLVR_-18	1
HRAS_wt_2	HRAS_wt	SALTIQLIQNHFVDEYDPTIEDSYR_1	1
HRAS_wt_2	HRAS_wt	TGEGFLCVFAINNTK_16	1
HRAS_wt_2	HRAS_wt	SALTIQLIQNHFVDEYDPTIEDSYR_57	2
HRAS_wt_2	HRAS_wt	TGEGFLCVFAINNTK_0	15
HRAS_wt_2	HRAS_wt	TGEGFLCVFAINNTK_57	1
HRAS_wt_2	HRAS_wt	SALTIQLIQNHFVDEYDPTIEDSYR_0	5
HRAS_wt_2	HRAS_wt	SALTIQLIQNHFVDEYDPTIEDSYRK_44	1
HRAS_wt_2	HRAS_wt	SALTIQLIQNHFVDEYDPTIEDSYR_-17	1
HRAS_wt_2	HRAS_wt	TGEGFLCVFAINNTK_184	1
HRAS_wt_2	HRAS_wt	SALTIQLIQNHFVDEYDPTIEDSYR_171.1	1
HRAS_wt_2	HRAS_wt	TGEGFLCVFAINNTK_-18	1
HRAS_wt_2	HRAS_wt	TGEGFLCVFAINNTK_-17	1
HRAS_wt_2	HRAS_wt	TGEGFLCVFAINNTK_12	1
HRAS_wt_2	HRAS_wt	SALTIQLIQNHFVDEYDPTIEDSYRK_43	4
HRAS_wt_2	HRAS_wt	SALTIQLIQNHFVDEYDPTIEDSYRK_-2	1
HRAS_wt_2	HRAS_wt	TGEGFLCVFAINNTK_1	1
HRAS_wt_2	HRAS_wt	QGVEDAFYTLVR_40	1
HRAS_wt_2	HRAS_wt	KQVVIDGETCLLDILDTAGQEEYSAMR_0	2
HRAS_wt_2	HRAS_wt	SALTIQLIQNHFVDEYDPTIEDSYR_60	1
HRAS_wt_2	HRAS_wt	QVVIDGETCLLDILDTAGQEEYSAMR_0	9
HRAS_wt_2	HRAS_wt	TGEGFLCVFAINNTK_43	7
HRAS_wt_2	HRAS_wt	QVVIDGETCLLDILDTAGQEEYSAMR_-48	1
HRAS_wt_2	HRAS_wt	QGVEDAFYTLVR_43	1
HRAS_wt_2	HRAS_wt	SALTIQLIQNHFVDEYDPTIEDSYR_43	7
HRAS_wt_2	HRAS_wt	KQVVIDGETCLLDILDTAGQEEYSAMR_57	1
HRAS_wt_2	HRAS_wt	QVVIDGETCLLDILDTAGQEEYSAMR_22	1
HRAS_wt_2	HRAS_wt	SALTIQLIQNHFVDEYDPTIEDSYR_44	1
HRAS_wt_2	HRAS_wt	TGEGFLCVFAINNTK_43.9	1
HRAS_wt_2	HRAS_wt	QVVIDGETCLLDILDTAGQEEYSAMRDQYMR_1	1
HRAS_wt_2	HRAS_wt	QVVIDGETCLLDILDTAGQEEYSAMR_57	1
HRAS_wt_2	HRAS_wt	QVVIDGETCLLDILDTAGQEEYSAMR_43	6
HRAS_wt_2	HRAS_wt	QVVIDGETCLLDILDTAGQEEYSAMR_-17	2
HRAS_wt_3	HRAS_wt	KLNPPDESGPGCMSCK_0	2
HRAS_wt_3	HRAS_wt	LNPPDESGPGCMSCK_0	4
HRAS_wt_3	HRAS_wt	SFEDIHQYR_57	1
HRAS_wt_3	HRAS_wt	SFEDIHQYR_0	1
HRAS_wt_3	HRAS_wt	FEDIHQYR_0	1
HRAS_wt_3	HRAS_wt	LVVVGAGGVGK_0	2
HRAS_wt_3	HRAS_wt	LVVVGAGGVGK_57	1
HRAS_wt_3	HRAS_wt	SFEDIHQYR_1	1
HRAS_wt_3	HRAS_wt	LVVVGAGGVGK_478.2	1
HRAS_wt_3	HRAS_wt	VKDSDDVPMVLVGNK_0	3
HRAS_wt_3	HRAS_wt	VKDSDDVPMVLVGNK_57	1
HRAS_wt_3	HRAS_wt	LVVVGAGGVGK_1	1
HRAS_wt_3	HRAS_wt	SFEDIHQYR_-18	1
HRAS_wt_3	HRAS_wt	SFEDIHQYR_43	2
HRAS_wt_3	HRAS_wt	DSDDVPMVLVGNK_0	2
HRAS_wt_3	HRAS_wt	VKDSDDVPMVLVGNKCDLAAR_-9	1
HRAS_wt_3	HRAS_wt	RVKDSDDVPMVLVGNK_-99.1	1
HRAS_wt_3	HRAS_wt	DSDDVPMVLVGNK_57	2
HRAS_wt_3	HRAS_wt	LVVVGAGGVGK_43	1
HRAS_wt_3	HRAS_wt	VKDSDDVPMVLVGNK_43	2
HRAS_wt_3	HRAS_wt	YDPTIEDSYR_490.2	1
HRAS_wt_3	HRAS_wt	SYGIPYIETSAK_0	1
HRAS_wt_3	HRAS_wt	DSDDVPMVLVGNK_52.9	1
HRAS_wt_3	HRAS_wt	DSDDVPMVLVGNK_22	1
HRAS_wt_3	HRAS_wt	TRQGVEDAFYTLVR_0	1
HRAS_wt_3	HRAS_wt	QGVEDAFYTLVR_0	5
HRAS_wt_3	HRAS_wt	DSDDVPMVLVGNK_65	1
HRAS_wt_3	HRAS_wt	SYGIPYIETSAK_43	1
HRAS_wt_3	HRAS_wt	DSDDVPMVLVGNK_43	1
HRAS_wt_3	HRAS_wt	SALTIQLIQNHFVDEYDPTIEDSYRK_0	2
HRAS_wt_3	HRAS_wt	SALTIQLIQNHFVDEYDPTIEDSYRK_57	2
HRAS_wt_3	HRAS_wt	QGVEDAFYTLVR_39	1
HRAS_wt_3	HRAS_wt	SALTIQLIQNHFVDEYDPTIEDSYRK_22	1
HRAS_wt_3	HRAS_wt	QGVEDAFYTLVR_-18	1
HRAS_wt_3	HRAS_wt	QGVEDAFYTLVR_14	1
HRAS_wt_3	HRAS_wt	QGVEDAFYTLVR_45	1
HRAS_wt_3	HRAS_wt	VEDAFYTLVR_150.1	1
HRAS_wt_3	HRAS_wt	SALTIQLIQNHFVDEYDPTIEDSYR_1	1
HRAS_wt_3	HRAS_wt	TGEGFLCVFAINNTK_16	1
HRAS_wt_3	HRAS_wt	TGEGFLCVFAINNTK_57	2
HRAS_wt_3	HRAS_wt	TGEGFLCVFAINNTK_0	14
HRAS_wt_3	HRAS_wt	TGEGFLCVFAINNTK_22	1
HRAS_wt_3	HRAS_wt	SALTIQLIQNHFVDEYDPTIEDSYR_0	6
HRAS_wt_3	HRAS_wt	SALTIQLIQNHFVDEYDPTIEDSYRK_43	4
HRAS_wt_3	HRAS_wt	SALTIQLIQNHFVDEYDPTIEDSYR_22	1
HRAS_wt_3	HRAS_wt	SALTIQLIQNHFVDEYDPTIEDSYR_14	1
HRAS_wt_3	HRAS_wt	SALTIQLIQNHFVDEYDPTIEDSYR_57	1
HRAS_wt_3	HRAS_wt	SALTIQLIQNHFVDEYDPTIEDSYR_171.1	1
HRAS_wt_3	HRAS_wt	TGEGFLCVFAINNTK_-18	1
HRAS_wt_3	HRAS_wt	TGEGFLCVFAINNTK_152	1
HRAS_wt_3	HRAS_wt	SALTIQLIQNHFVDEYDPTIEDSYR_-1	1
HRAS_wt_3	HRAS_wt	TGEGFLCVFAINNTKSFEDIHQYR_43	1
HRAS_wt_3	HRAS_wt	SALTIQLIQNHFVDEYDPTIEDSYRK_65	1
HRAS_wt_3	HRAS_wt	SALTIQLIQNHFVDEYDPTIEDSYRK_-2	1
HRAS_wt_3	HRAS_wt	SALTIQLIQNHFVDEYDPTIEDSYR_44	1
HRAS_wt_3	HRAS_wt	SALTIQLIQNHFVDEYDPTIEDSYR_60	1
HRAS_wt_3	HRAS_wt	SALTIQLIQNHFVDEYDPTIEDSYR_2	1
HRAS_wt_3	HRAS_wt	QGVEDAFYTLVR_43	1
HRAS_wt_3	HRAS_wt	TGEGFLCVFAINNTK_65	1
HRAS_wt_3	HRAS_wt	GEGFLCVFAINNTK_0	1
HRAS_wt_3	HRAS_wt	SALTIQLIQNHFVDEYDPTIEDSYR_26	1
HRAS_wt_3	HRAS_wt	SALTIQLIQNHFVDEYDPTIEDSYRK_44	1
HRAS_wt_3	HRAS_wt	KQVVIDGETCLLDILDTAGQEEYSAMR_0	1
HRAS_wt_3	HRAS_wt	SALTIQLIQNHFVDEYDPTIEDSYR_43	3
HRAS_wt_3	HRAS_wt	KQVVIDGETCLLDILDTAGQEEYSAMR_22	1
HRAS_wt_3	HRAS_wt	KQVVIDGETCLLDILDTAGQEEYSAMR_1	1
HRAS_wt_3	HRAS_wt	SALTIQLIQNHFVDEYDPTIEDSYR_65	1
HRAS_wt_3	HRAS_wt	TGEGFLCVFAINNTK_43	5
HRAS_wt_3	HRAS_wt	QVVIDGETCLLDILDTAGQEEYSAMR_0	8
HRAS_wt_3	HRAS_wt	QVVIDGETCLLDILDTAGQEEYSAMR_183	1
HRAS_wt_3	HRAS_wt	QVVIDGETCLLDILDTAGQEEYSAMR_-18	1
HRAS_wt_3	HRAS_wt	QVVIDGETCLLDILDTAGQEEYSAMR_57	1
HRAS_wt_3	HRAS_wt	TGEGFLCVFAINNTK_1	1
HRAS_wt_3	HRAS_wt	SALTIQLIQNHFVDEYDPTIEDSYR_45	1
HRAS_wt_3	HRAS_wt	QVVIDGETCLLDILDTAGQEEYSAMR_43	7
HRAS_wt_3	HRAS_wt	QVVIDGETCLLDILDTAGQEEYSAMR_-17	1
HRAS_wt_3	HRAS_wt	TGEGFLCVFAINNTK_209.2	1
HRAS_wt_3	HRAS_wt	TGEGFLCVFAINNTK_44	1
HRAS_wt_3	HRAS_wt	QVVIDGETCLLDILDTAGQEEYSAMR_-16	1
HRAS_wt_3	HRAS_wt	SALTIQLIQNHFVDEYDPTIEDSYRK_45	1
HRAS_wt_3	HRAS_wt	QVVIDGETCLLDILDTAGQEEYSAMR_-1	1
HRAS_g12d_1	HRAS_g12d	KLNPPDESGPGCMSCK_0	2
HRAS_g12d_1	HRAS_g12d	LNPPDESGPGCMSCK_0	2
HRAS_g12d_1	HRAS_g12d	SFEDIHQYR_57	2
HRAS_g12d_1	HRAS_g12d	LNPPDESGPGCMSCK_57	1
HRAS_g12d_1	HRAS_g12d	SFEDIHQYR_0	2
HRAS_g12d_1	HRAS_g12d	KLNPPDESGPGCMSCK_43	2
HRAS_g12d_1	HRAS_g12d	LVVVGAGGVGK_58	2
HRAS_g12d_1	HRAS_g12d	DSDDVPMVLVGNK_-48	1
HRAS_g12d_1	HRAS_g12d	VKDSDDVPMVLVGNK_0	3
HRAS_g12d_1	HRAS_g12d	RVKDSDDVPMVLVGNK_-99.1	1
HRAS_g12d_1	HRAS_g12d	SFEDIHQYR_43	2
HRAS_g12d_1	HRAS_g12d	VKDSDDVPMVLVGNK_57	1
HRAS_g12d_1	HRAS_g12d	DSDDVPMVLVGNK_0	3
HRAS_g12d_1	HRAS_g12d	DSDDVPMVLVGNK_57	2
HRAS_g12d_1	HRAS_g12d	VKDSDDVPMVLVGNK_43	3
HRAS_g12d_1	HRAS_g12d	YDPTIEDSYR_490.2	1
HRAS_g12d_1	HRAS_g12d	SYGIPYIETSAK_0	1
HRAS_g12d_1	HRAS_g12d	DSDDVPMVLVGNK_52.9	1
HRAS_g12d_1	HRAS_g12d	SYGIPYIETSAK_43	1
HRAS_g12d_1	HRAS_g12d	DSDDVPMVLVGNK_43	1
HRAS_g12d_1	HRAS_g12d	SALTIQLIQNHFVDEYDPTIEDSYRK_0	3
HRAS_g12d_1	HRAS_g12d	SALTIQLIQNHFVDEYDPTIEDSYRK_57	4
HRAS_g12d_1	HRAS_g12d	QGVEDAFYTLVR_57	1
HRAS_g12d_1	HRAS_g12d	QGVEDAFYTLVR_-18	1
HRAS_g12d_1	HRAS_g12d	QGVEDAFYTLVR_14	1
HRAS_g12d_1	HRAS_g12d	SALTIQLIQNHFVDEYDPTIEDSYR_1	1
HRAS_g12d_1	HRAS_g12d	QGVEDAFYTLVR_0	2
HRAS_g12d_1	HRAS_g12d	TGEGFLCVFAINNTK_16	1
HRAS_g12d_1	HRAS_g12d	SALTIQLIQNHFVDEYDPTIEDSYR_57	5
HRAS_g12d_1	HRAS_g12d	TGEGFLCVFAINNTK_0	17
HRAS_g12d_1	HRAS_g12d	TGEGFLCVFAINNTK_-16	1
HRAS_g12d_1	HRAS_g12d	TGEGFLCVFAINNTK_57	2
HRAS_g12d_1	HRAS_g12d	SALTIQLIQNHFVDEYDPTIEDSYRK_43	2
HRAS_g12d_1	HRAS_g12d	SALTIQLIQNHFVDEYDPTIEDSYR_-17	1
HRAS_g12d_1	HRAS_g12d	SALTIQLIQNHFVDEYDPTIEDSYR_0	3
HRAS_g12d_1	HRAS_g12d	SALTIQLIQNHFVDEYDPTIEDSYRK_-114.1	1
HRAS_g12d_1	HRAS_g12d	SALTIQLIQNHFVDEYDPTIEDSYR_171.1	1
HRAS_g12d_1	HRAS_g12d	TGEGFLCVFAINNTK_-91	1
HRAS_g12d_1	HRAS_g12d	TGEGFLCVFAINNTK_1	6
HRAS_g12d_1	HRAS_g12d	SALTIQLIQNHFVDEYDPTIEDSYR_44	1
HRAS_g12d_1	HRAS_g12d	KQVVIDGETCLLDILDTAGQEEYSAMR_0	2
HRAS_g12d_1	HRAS_g12d	QGVEDAFYTLVR_43	2
HRAS_g12d_1	HRAS_g12d	TGEGFLCVFAINNTK_43	5
HRAS_g12d_1	HRAS_g12d	GEGFLCVFAINNTK_0	1
HRAS_g12d_1	HRAS_g12d	KQVVIDGETCLLDILDTAGQEEYSAMR_-1	1
HRAS_g12d_1	HRAS_g12d	SALTIQLIQNHFVDEYDPTIEDSYR_43	2
HRAS_g12d_1	HRAS_g12d	KQVVIDGETCLLDILDTAGQEEYSAMR_57	1
HRAS_g12d_1	HRAS_g12d	QVVIDGETCLLDILDTAGQEEYSAMR_0	12
HRAS_g12d_1	HRAS_g12d	QVVIDGETCLLDILDTAGQEEYSAMR_57	1
HRAS_g12d_1	HRAS_g12d	QVVIDGETCLLDILDTAGQEEYSAMR_-18	1
HRAS_g12d_1	HRAS_g12d	QVVIDGETCLLDILDTAGQEEYSAMR_43	8
HRAS_g12d_1	HRAS_g12d	QVVIDGETCLLDILDTAGQEEYSAMR_-17	2
HRAS_g12d_2	HRAS_g12d	LNPPDESGPGCMSCK_0	2
HRAS_g12d_2	HRAS_g12d	KLNPPDESGPGCMSCK_0	2
HRAS_g12d_2	HRAS_g12d	VKDSDDVPMVLVGNK_-48	1
HRAS_g12d_2	HRAS_g12d	LNPPDESGPGCMSCK_57	1
HRAS_g12d_2	HRAS_g12d	SFEDIHQYR_57	1
HRAS_g12d_2	HRAS_g12d	SFEDIHQYR_0	2
HRAS_g12d_2	HRAS_g12d	KLNPPDESGPGCMSCK_43	2
HRAS_g12d_2	HRAS_g12d	LVVVGAGGVGK_58	3
HRAS_g12d_2	HRAS_g12d	DSDDVPMVLVGNK_-48	1
HRAS_g12d_2	HRAS_g12d	VKDSDDVPMVLVGNK_0	3
HRAS_g12d_2	HRAS_g12d	RVKDSDDVPMVLVGNK_-99.1	2
HRAS_g12d_2	HRAS_g12d	SFEDIHQYR_43	2
HRAS_g12d_2	HRAS_g12d	SFEDIHQYR_26	1
HRAS_g12d_2	HRAS_g12d	DSDDVPMVLVGNK_0	1
HRAS_g12d_2	HRAS_g12d	SFEDIHQYR_43.1	1
HRAS_g12d_2	HRAS_g12d	VKDSDDVPMVLVGNK_43	2
HRAS_g12d_2	HRAS_g12d	YDPTIEDSYR_490.2	1
HRAS_g12d_2	HRAS_g12d	SYGIPYIETSAK_0	1
HRAS_g12d_2	HRAS_g12d	DSDDVPMVLVGNK_43	1
HRAS_g12d_2	HRAS_g12d	SYGIPYIETSAK_43	1
HRAS_g12d_2	HRAS_g12d	SALTIQLIQNHFVDEYDPTIEDSYRK_0	3
HRAS_g12d_2	HRAS_g12d	QGVEDAFYTLVR_39	1
HRAS_g12d_2	HRAS_g12d	SALTIQLIQNHFVDEYDPTIEDSYRK_57	2
HRAS_g12d_2	HRAS_g12d	SALTIQLIQNHFVDEYDPTIEDSYRK_23	1
HRAS_g12d_2	HRAS_g12d	QGVEDAFYTLVR_0	1
HRAS_g12d_2	HRAS_g12d	TGEGFLCVFAINNTK_16	1
HRAS_g12d_2	HRAS_g12d	TGEGFLCVFAINNTK_57	2
HRAS_g12d_2	HRAS_g12d	TGEGFLCVFAINNTK_0	15
HRAS_g12d_2	HRAS_g12d	TGEGFLCVFAINNTK_22	2
HRAS_g12d_2	HRAS_g12d	SALTIQLIQNHFVDEYDPTIEDSYRK_44	1
HRAS_g12d_2	HRAS_g12d	SALTIQLIQNHFVDEYDPTIEDSYR_0	10
HRAS_g12d_2	HRAS_g12d	SALTIQLIQNHFVDEYDPTIEDSYR_57	2
HRAS_g12d_2	HRAS_g12d	SALTIQLIQNHFVDEYDPTIEDSYR_171.1	2
HRAS_g12d_2	HRAS_g12d	TGEGFLCVFAINNTK_-17	1
HRAS_g12d_2	HRAS_g12d	TGEGFLCVFAINNTK_-18	2
HRAS_g12d_2	HRAS_g12d	TGEGFLCVFAINNTK_-3	1
HRAS_g12d_2	HRAS_g12d	SALTIQLIQNHFVDEYDPTIEDSYRK_43	3
HRAS_g12d_2	HRAS_g12d	SALTIQLIQNHFVDEYDPTIEDSYR_-1	1
HRAS_g12d_2	HRAS_g12d	QGVEDAFYTLVR_40	1
HRAS_g12d_2	HRAS_g12d	TGEGFLCVFAINNTK_1	1
HRAS_g12d_2	HRAS_g12d	TGEGFLCVFAINNTK_43	7
HRAS_g12d_2	HRAS_g12d	TGEGFLCVFAINNTK_65	1
HRAS_g12d_2	HRAS_g12d	QGVEDAFYTLVR_43	1
HRAS_g12d_2	HRAS_g12d	SALTIQLIQNHFVDEYDPTIEDSYR_100	1
HRAS_g12d_2	HRAS_g12d	KQVVIDGETCLLDILDTAGQEEYSAMR_0	2
HRAS_g12d_2	HRAS_g12d	SALTIQLIQNHFVDEYDPTIEDSYR_43	5
HRAS_g12d_2	HRAS_g12d	KQVVIDGETCLLDILDTAGQEEYSAMR_-1.9	1
HRAS_g12d_2	HRAS_g12d	KQVVIDGETCLLDILDTAGQEEYSAMR_57	1
HRAS_g12d_2	HRAS_g12d	QVVIDGETCLLDILDTAGQEEYSAMR_0	14
HRAS_g12d_2	HRAS_g12d	QVVIDGETCLLDILDTAGQEEYSAMR_-30	1
HRAS_g12d_2	HRAS_g12d	QVVIDGETCLLDILDTAGQEEYSAMR_14	1
HRAS_g12d_2	HRAS_g12d	QVVIDGETCLLDILDTAGQEEYSAMR_22	1
HRAS_g12d_2	HRAS_g12d	QVVIDGETCLLDILDTAGQEEYSAMR_57	2
HRAS_g12d_2	HRAS_g12d	QVVIDGETCLLDILDTAGQEEYSAMR_43	5
HRAS_g12d_2	HRAS_g12d	QVVIDGETCLLDILDTAGQEEYSAMR_-1	1
HRAS_g12d_2	HRAS_g12d	QVVIDGETCLLDILDTAGQEEYSAMR_-17	2
HRAS_g12d_2	HRAS_g12d	TGEGFLCVFAINNTK_2	1
HRAS_g12d_2	HRAS_g12d	QVVIDGETCLLDILDTAGQEEYSAMR_41	1
HRAS_g12d_3	HRAS_g12d	QVVIDGETCLLDILDTAGQEEYSAMR_0	14
HRAS_g12d_3	HRAS_g12d	LNPPDESGPGCMSCK_0	3
HRAS_g12d_3	HRAS_g12d	KLNPPDESGPGCMSCK_0	2
HRAS_g12d_3	HRAS_g12d	KLNPPDESGPGCMSCK_57	1
HRAS_g12d_3	HRAS_g12d	VKDSDDVPMVLVGNK_-48	1
HRAS_g12d_3	HRAS_g12d	SFEDIHQYR_57	1
HRAS_g12d_3	HRAS_g12d	SFEDIHQYR_0	1
HRAS_g12d_3	HRAS_g12d	KLNPPDESGPGCMSCK_43	1
HRAS_g12d_3	HRAS_g12d	LVVVGAGGVGK_58	3
HRAS_g12d_3	HRAS_g12d	VKDSDDVPMVLVGNK_0	4
HRAS_g12d_3	HRAS_g12d	SFEDIHQYR_43	2
HRAS_g12d_3	HRAS_g12d	DSDDVPMVLVGNK_0	2
HRAS_g12d_3	HRAS_g12d	SYGIPYIETSAK_0	1
HRAS_g12d_3	HRAS_g12d	DSDDVPMVLVGNK_36.9	1
HRAS_g12d_3	HRAS_g12d	VKDSDDVPMVLVGNK_43	2
HRAS_g12d_3	HRAS_g12d	DSDDVPMVLVGNK_-1	1
HRAS_g12d_3	HRAS_g12d	DSDDVPMVLVGNK_43	1
HRAS_g12d_3	HRAS_g12d	SYGIPYIETSAK_43	2
HRAS_g12d_3	HRAS_g12d	SALTIQLIQNHFVDEYDPTIEDSYRK_0	2
HRAS_g12d_3	HRAS_g12d	SALTIQLIQNHFVDEYDPTIEDSYRK_57	2
HRAS_g12d_3	HRAS_g12d	QGVEDAFYTLVR_39	1
HRAS_g12d_3	HRAS_g12d	QGVEDAFYTLVR_0	3
HRAS_g12d_3	HRAS_g12d	SALTIQLIQNHFVDEYDPTIEDSYR_1	2
HRAS_g12d_3	HRAS_g12d	TGEGFLCVFAINNTK_16	1
HRAS_g12d_3	HRAS_g12d	TGEGFLCVFAINNTK_0	17
HRAS_g12d_3	HRAS_g12d	TGEGFLCVFAINNTK_57	1
HRAS_g12d_3	HRAS_g12d	TGEGFLCVFAINNTK_-17	1
HRAS_g12d_3	HRAS_g12d	SALTIQLIQNHFVDEYDPTIEDSYRK_44	1
HRAS_g12d_3	HRAS_g12d	SALTIQLIQNHFVDEYDPTIEDSYR_-17	1
HRAS_g12d_3	HRAS_g12d	SALTIQLIQNHFVDEYDPTIEDSYR_57	2
HRAS_g12d_3	HRAS_g12d	SALTIQLIQNHFVDEYDPTIEDSYR_0	5
HRAS_g12d_3	HRAS_g12d	SALTIQLIQNHFVDEYDPTIEDSYR_171.1	1
HRAS_g12d_3	HRAS_g12d	SALTIQLIQNHFVDEYDPTIEDSYRK_43	4
HRAS_g12d_3	HRAS_g12d	SALTIQLIQNHFVDEYDPTIEDSYRK_-2	1
HRAS_g12d_3	HRAS_g12d	SALTIQLIQNHFVDEYDPTIEDSYR_-1	1
HRAS_g12d_3	HRAS_g12d	KQVVIDGETCLLDILDTAGQEEYSAMR_0	3
HRAS_g12d_3	HRAS_g12d	QGVEDAFYTLVR_-17	1
HRAS_g12d_3	HRAS_g12d	TGEGFLCVFAINNTK_1	3
HRAS_g12d_3	HRAS_g12d	QGVEDAFYTLVR_43	2
HRAS_g12d_3	HRAS_g12d	SALTIQLIQNHFVDEYDPTIEDSYR_100	1
HRAS_g12d_3	HRAS_g12d	KQVVIDGETCLLDILDTAGQEEYSAMR_1	1
HRAS_g12d_3	HRAS_g12d	TGEGFLCVFAINNTK_43	3
HRAS_g12d_3	HRAS_g12d	SALTIQLIQNHFVDEYDPTIEDSYR_43	4
HRAS_g12d_3	HRAS_g12d	TGEGFLCVFAINNTK_44	1
HRAS_g12d_3	HRAS_g12d	QVVIDGETCLLDILDTAGQEEYSAMR_14	1
HRAS_g12d_3	HRAS_g12d	QVVIDGETCLLDILDTAGQEEYSAMR_57	3
HRAS_g12d_3	HRAS_g12d	QVVIDGETCLLDILDTAGQEEYSAMR_183	1
HRAS_g12d_3	HRAS_g12d	QVVIDGETCLLDILDTAGQEEYSAMR_-17	3
HRAS_g12d_3	HRAS_g12d	QVVIDGETCLLDILDTAGQEEYSAMR_43	12
HRAS_g12d_3	HRAS_g12d	TGEGFLCVFAINNTK_209.2	1
HRAS_g12d_3	HRAS_g12d	LNPPDESGPGCMSCKCVLS_43.2	1
