Mod_pept,sample_name,N_pepts,total_pept_sample,denom,norm_pepts
HPTTPSSTAK_0,K562_1,12,256,65,3
AQAEHAEKEK_183,K562_1,2,256,65,1
DVPDSQQHPAPEK_0,K562_1,4,256,65,1
VDVIAGSSK_0,K562_1,2,256,65,1
IHSPIIR_0,K562_1,3,256,65,1
SDPYSTGHLR_0,K562_1,3,256,65,1
SREDEDALEQARR_0,K562_1,3,256,65,1
APVHLPQRPEMK_0,K562_1,15,256,65,4
SREDEDALEQAR_37.9,K562_1,3,256,65,1
SREDEDALEQAR_0,K562_1,5,256,65,1
EDEDALEQAR_0,K562_1,3,256,65,1
NMGSWASLVQK_32,K562_1,7,256,65,2
PVIRPPEQNAPPPGAPDKDK_0,K562_1,2,256,65,1
SSSDSFEQFRR_0,K562_1,9,256,65,2
APVHLPQRPEMKPVDVGR_0,K562_1,8,256,65,2
PVIRPPEQNAPPPGAPDK_0,K562_1,7,256,65,2
SSSDSFEQFR_0,K562_1,8,256,65,2
SSDSFEQFR_0,K562_1,2,256,65,1
SEPFSPSLRPEPPKHPESIK_0,K562_1,17,256,65,4
SSSDSFEQFR_22,K562_1,2,256,65,1
SSSDSFEQFR_37.9,K562_1,2,256,65,1
NMGSWASLVQK_4,K562_1,3,256,65,1
PVDVGRPVIRPPEQNAPPPGAPDK_0,K562_1,7,256,65,2
SEPFSPSLRPEPPK_0,K562_1,10,256,65,3
SVVQPQPLVVVKEEK_0,K562_1,3,256,65,1
SEPFSPSLRPEPPKHPESIK_80,K562_1,7,256,65,2
AASVVQPQPLVVVKEEK_0,K562_1,5,256,65,1
SVVQPQPLVVVK_0,K562_1,4,256,65,1
NMGSWASLVQK_-98,K562_1,2,256,65,1
NMGSWASLVQK_22,K562_1,2,256,65,1
NMGSWASLVQK_0,K562_1,24,256,65,6
AASVVQPQPLVVVK_0,K562_1,6,256,65,2
AASVVQPQPLVVVK_22,K562_1,2,256,65,1
QEQQQQQQQQAAAVAAAATPQAQSSQPQSMLDQQR_0,K562_1,10,256,65,3
AASVVQPQPLVVVK_37.9,K562_1,2,256,65,1
QEQQQQQQQQAAAVAAAATPQAQSSQPQSMLDQQR_17,K562_1,6,256,65,2
QEQQQQQQQQAAAVAAAATPQAQSSQPQSMLDQQR_53.9,K562_1,2,256,65,1
SEPFSPSLRPEPPK_80,K562_1,2,256,65,1
NMGSWASLVQK_1,K562_1,4,256,65,1
VQPPTPLLPSVK_0,K562_1,2,256,65,1
ADTTTPTTIDPIHEPPSLPPEPK_0,K562_1,2,256,65,1
QEQQQQQQQQAAAVAAAATPQAQSSQPQSMLDQQR_-17,K562_1,2,256,65,1
HPTTPSSTAK_0,K562_2,9,184,65,3
AQAEHAEKEK_183,K562_2,2,184,65,1
DVPDSQQHPAPEK_0,K562_2,4,184,65,1
SDPYSTGHLR_0,K562_2,4,184,65,1
SREDEDALEQARR_0,K562_2,2,184,65,1
APVHLPQRPEMK_0,K562_2,15,184,65,5
SREDEDALEQAR_0,K562_2,5,184,65,2
SREDEDALEQAR_37.9,K562_2,3,184,65,1
EDEDALEQAR_0,K562_2,3,184,65,1
NMGSWASLVQK_32,K562_2,4,184,65,1
SSSDSFEQFRR_0,K562_2,8,184,65,3
APVHLPQRPEMKPVDVGR_0,K562_2,2,184,65,1
PVIRPPEQNAPPPGAPDK_0,K562_2,5,184,65,2
SSSDSFEQFR_16,K562_2,2,184,65,1
SSSDSFEQFR_0,K562_2,8,184,65,3
SEPFSPSLRPEPPKHPESIK_0,K562_2,7,184,65,2
SSSDSFEQFR_37.9,K562_2,3,184,65,1
SSSDSFEQFR_22,K562_2,2,184,65,1
NMGSWASLVQK_4,K562_2,2,184,65,1
PVDVGRPVIRPPEQNAPPPGAPDK_0,K562_2,7,184,65,2
SEPFSPSLRPEPPK_0,K562_2,10,184,65,4
AASVVQPQPLVVVKEEK_0,K562_2,3,184,65,1
SEPFSPSLRPEPPKHPESIK_80,K562_2,3,184,65,1
SVVQPQPLVVVK_0,K562_2,5,184,65,2
NMGSWASLVQK_0,K562_2,10,184,65,4
AASVVQPQPLVVVK_0,K562_2,5,184,65,2
AASVVQPQPLVVVK_22,K562_2,2,184,65,1
QEQQQQQQQQAAAVAAAATPQAQSSQPQSMLDQQR_0,K562_2,4,184,65,1
QEQQQQQQQQAAAVAAAATPQAQSSQPQSMLDQQR_53.9,K562_2,2,184,65,1
QEQQQQQQQQAAAVAAAATPQAQSSQPQSMLDQQR_17,K562_2,4,184,65,1
AASVVQPQPLVVVK_1,K562_2,2,184,65,1
NMGSWASLVQK_1,K562_2,2,184,65,1
HPTTPSSTAK_0,K562_3,12,228,65,3
AQAEHAEKEK_183,K562_3,2,228,65,1
DVPDSQQHPAPEK_0,K562_3,2,228,65,1
IHSPIIR_0,K562_3,2,228,65,1
SDPYSTGHLR_0,K562_3,2,228,65,1
SREDEDALEQARR_0,K562_3,2,228,65,1
APVHLPQRPEMK_0,K562_3,12,228,65,3
SREDEDALEQAR_0,K562_3,5,228,65,1
SREDEDALEQAR_37.9,K562_3,2,228,65,1
EDEDALEQAR_0,K562_3,3,228,65,1
NMGSWASLVQK_32,K562_3,5,228,65,1
SSSDSFEQFRR_0,K562_3,9,228,65,3
PVIRPPEQNAPPPGAPDK_0,K562_3,8,228,65,2
SSSDSFEQFR_0,K562_3,12,228,65,3
SSDSFEQFR_0,K562_3,2,228,65,1
SEPFSPSLRPEPPKHPESIK_0,K562_3,10,228,65,3
SSSDSFEQFR_22,K562_3,2,228,65,1
SSSDSFEQFR_37.9,K562_3,4,228,65,1
NMGSWASLVQK_4,K562_3,3,228,65,1
PVDVGRPVIRPPEQNAPPPGAPDK_0,K562_3,4,228,65,1
SEPFSPSLRPEPPK_0,K562_3,10,228,65,3
SVVQPQPLVVVKEEK_0,K562_3,3,228,65,1
AASVVQPQPLVVVKEEK_0,K562_3,3,228,65,1
SEPFSPSLRPEPPKHPESIK_80,K562_3,5,228,65,1
SVVQPQPLVVVK_0,K562_3,6,228,65,2
NMGSWASLVQK_22,K562_3,2,228,65,1
NMGSWASLVQK_0,K562_3,30,228,65,9
AASVVQPQPLVVVK_0,K562_3,7,228,65,2
AASVVQPQPLVVVK_22,K562_3,2,228,65,1
QEQQQQQQQQAAAVAAAATPQAQSSQPQSMLDQQR_0,K562_3,9,228,65,3
QEQQQQQQQQAAAVAAAATPQAQSSQPQSMLDQQR_17,K562_3,4,228,65,1
AASVVQPQPLVVVK_37.9,K562_3,2,228,65,1
VQPPTPLLPSVK_0,K562_3,3,228,65,1
MGSWASLVQK_0,K562_3,2,228,65,1
NMGSWASLVQK_1,K562_3,4,228,65,1
QEQQQQQQQQAAAVAAAATPQAQSSQPQSMLDQQR_-17,K562_3,4,228,65,1
PQQVIQHHHSPR_0,MEG_1,3,227,65,1
PQQVIQHHHSPR_80,MEG_1,2,227,65,1
PEPPKHPESIK_156.1,MEG_1,2,227,65,1
DVPDSQQHPAPEK_0,MEG_1,5,227,65,1
SKPPPTYESEEEDK_0,MEG_1,4,227,65,1
SDPYSTGHLR_0,MEG_1,6,227,65,2
APVHLPQRPEMK_0,MEG_1,4,227,65,1
SKPPPTYESEEEDK_80,MEG_1,2,227,65,1
SREDEDALEQAR_0,MEG_1,5,227,65,1
PVIRPPEQNAPPPGAPDKDK_156.1,MEG_1,2,227,65,1
AVHEQLAALSQPQQNKPK_32,MEG_1,4,227,65,1
AVHEQLAALSQPQQNKPK_16,MEG_1,8,227,65,2
AVHEQLAALSQPQQNKPK_0,MEG_1,14,227,65,4
AVHEQLAALSQPQQNKPK_37.9,MEG_1,3,227,65,1
YNPPDHEVVAMAR_0,MEG_1,5,227,65,1
PVIRPPEQNAPPPGAPDK_156.1,MEG_1,2,227,65,1
PVIRPPEQNAPPPGAPDKDK_0,MEG_1,9,227,65,3
AVHEQLAALSQPQQNKPK_17,MEG_1,2,227,65,1
AVHEQLAALSQPQQNKPK_1,MEG_1,4,227,65,1
APVHLPQRPEMKPVDVGR_0,MEG_1,6,227,65,2
SSSDSFEQFRR_0,MEG_1,6,227,65,2
SDPYSTGHLR_183,MEG_1,3,227,65,1
PVIRPPEQNAPPPGAPDK_0,MEG_1,7,227,65,2
PVDVGRPVIRPPEQNAPPPGAPDKDK_0,MEG_1,2,227,65,1
SEPFSPSLRPEPPKHPESIK_0,MEG_1,11,227,65,3
KLQDVFEMR_0,MEG_1,2,227,65,1
PVDVGRPVIRPPEQNAPPPGAPDK_0,MEG_1,5,227,65,1
SEPFSPSLRPEPPK_0,MEG_1,5,227,65,1
SVVQPQPLVVVKEEK_0,MEG_1,2,227,65,1
SEPFSPSLRPEPPKHPESIK_80,MEG_1,4,227,65,1
RQLSLDINKLPGEK_0,MEG_1,2,227,65,1
AASVVQPQPLVVVKEEK_0,MEG_1,4,227,65,1
KQELRAASVVQPQPLVVVK_0,MEG_1,2,227,65,1
QEQQQQQQQQAAAVAAAATPQAQSSQPQSMLDQQR_0,MEG_1,3,227,65,1
KADTTTPTTIDPIHEPPSLPPEPK_0,MEG_1,8,227,65,2
AASVVQPQPLVVVK_0,MEG_1,3,227,65,1
AASVVQPQPLVVVK_53.9,MEG_1,2,227,65,1
SEPFSPSLRPEPPK_80,MEG_1,2,227,65,1
QLSLDINKLPGEK_0,MEG_1,2,227,65,1
MPDEPEEPVVAVSSPAVPPPTK_0,MEG_1,7,227,65,2
MPDEPEEPVVAVSSPAVPPPTK_17,MEG_1,5,227,65,1
VQPPTPLLPSVK_0,MEG_1,3,227,65,1
ADTTTPTTIDPIHEPPSLPPEPK_0,MEG_1,9,227,65,3
MPDEPEEPVVAVSSPAVPPPTK_80,MEG_1,5,227,65,1
INELPTEETEIMIVQAK_0,MEG_1,2,227,65,1
HPTTPSSTAK_0,MEG_2,7,388,65,1
PQQVIQHHHSPR_0,MEG_2,4,388,65,1
KDVPDSQQHPAPEK_0,MEG_2,3,388,65,1
DVPDSQQHPAPEK_0,MEG_2,9,388,65,2
SKPPPTYESEEEDK_0,MEG_2,6,388,65,1
VVHIIQSR_0,MEG_2,4,388,65,1
SDPYSTGHLR_0,MEG_2,14,388,65,2
VDVIAGSSK_0,MEG_2,4,388,65,1
APVHLPQRPEMK_0,MEG_2,8,388,65,1
IHSPIIR_0,MEG_2,3,388,65,1
SREDEDALEQAR_0,MEG_2,6,388,65,1
PVIRPPEQNAPPPGAPDKDK_156.1,MEG_2,3,388,65,1
AVHEQLAALSQPQQNKPK_32,MEG_2,4,388,65,1
AVHEQLAALSQPQQNKPK_16,MEG_2,6,388,65,1
AVHEQLAALSQPQQNKPK_0,MEG_2,12,388,65,2
YNPPDHEVVAMAR_0,MEG_2,6,388,65,1
PVIRPPEQNAPPPGAPDKDK_0,MEG_2,6,388,65,1
AVHEQLAALSQPQQNKPK_1,MEG_2,6,388,65,1
APVHLPQRPEMKPVDVGR_0,MEG_2,7,388,65,1
RQLSLDINK_0,MEG_2,3,388,65,1
SSSDSFEQFRR_0,MEG_2,8,388,65,1
SDPYSTGHLR_183,MEG_2,4,388,65,1
PVIRPPEQNAPPPGAPDK_0,MEG_2,10,388,65,2
PVDVGRPVIRPPEQNAPPPGAPDKDK_0,MEG_2,3,388,65,1
SEPFSPSLRPEPPKHPESIK_0,MEG_2,9,388,65,2
SSSDSFEQFR_0,MEG_2,10,388,65,2
PVDVGRPVIRPPEQNAPPPGAPDK_0,MEG_2,7,388,65,1
NMGSWASLVQK_32,MEG_2,5,388,65,1
NMGSWASLVQK_4,MEG_2,3,388,65,1
SEPFSPSLRPEPPK_0,MEG_2,9,388,65,2
LQDVFEMR_0,MEG_2,3,388,65,1
SEPFSPSLRPEPPKHPESIK_80,MEG_2,5,388,65,1
NMGSWASLVQK_0,MEG_2,30,388,65,5
AASVVQPQPLVVVKEEK_0,MEG_2,5,388,65,1
SVVQPQPLVVVK_0,MEG_2,3,388,65,1
AASVVQPQPLVVVK_0,MEG_2,13,388,65,2
KADTTTPTTIDPIHEPPSLPPEPK_0,MEG_2,7,388,65,1
VQPPTPLLPSVK_0,MEG_2,17,388,65,3
MPDEPEEPVVAVSSPAVPPPTK_0,MEG_2,10,388,65,2
MPDEPEEPVVAVSSPAVPPPTK_17,MEG_2,4,388,65,1
ADTTTPTTIDPIHEPPSLPPEPK_0,MEG_2,9,388,65,2
MPDEPEEPVVAVSSPAVPPPTK_80,MEG_2,4,388,65,1
PQQVIQHHHSPR_0,MEG_3,3,270,65,1
PQQVIQHHHSPR_80,MEG_3,3,270,65,1
DVPDSQQHPAPEK_0,MEG_3,5,270,65,1
SKPPPTYESEEEDK_0,MEG_3,4,270,65,1
SDPYSTGHLR_0,MEG_3,6,270,65,1
APVHLPQRPEMK_0,MEG_3,9,270,65,2
SREDEDALEQAR_0,MEG_3,3,270,65,1
PVIRPPEQNAPPPGAPDKDK_156.1,MEG_3,4,270,65,1
AVHEQLAALSQPQQNKPK_32,MEG_3,4,270,65,1
AVHEQLAALSQPQQNKPK_16,MEG_3,7,270,65,2
AVHEQLAALSQPQQNKPK_53.9,MEG_3,3,270,65,1
AVHEQLAALSQPQQNKPK_0,MEG_3,12,270,65,3
YNPPDHEVVAMAR_0,MEG_3,5,270,65,1
PVIRPPEQNAPPPGAPDKDK_0,MEG_3,6,270,65,1
AVHEQLAALSQPQQNKPK_17,MEG_3,3,270,65,1
AVHEQLAALSQPQQNKPK_1,MEG_3,6,270,65,1
APVHLPQRPEMKPVDVGR_0,MEG_3,7,270,65,2
SSSDSFEQFRR_0,MEG_3,7,270,65,2
SDPYSTGHLR_183,MEG_3,3,270,65,1
PVIRPPEQNAPPPGAPDK_0,MEG_3,8,270,65,2
SEPFSPSLRPEPPKHPESIK_0,MEG_3,14,270,65,3
PVDVGRPVIRPPEQNAPPPGAPDK_0,MEG_3,9,270,65,2
SEPFSPSLRPEPPK_0,MEG_3,5,270,65,1
SEPFSPSLRPEPPKHPESIK_80,MEG_3,6,270,65,1
RQLSLDINKLPGEK_0,MEG_3,3,270,65,1
QEQQQQQQQQAAAVAAAATPQAQSSQPQSMLDQQR_0,MEG_3,3,270,65,1
KADTTTPTTIDPIHEPPSLPPEPK_0,MEG_3,13,270,65,3
MPDEPEEPVVAVSSPAVPPPTK_0,MEG_3,8,270,65,2
MPDEPEEPVVAVSSPAVPPPTK_17,MEG_3,6,270,65,1
VQPPTPLLPSVK_0,MEG_3,3,270,65,1
ADTTTPTTIDPIHEPPSLPPEPK_0,MEG_3,11,270,65,3
MPDEPEEPVVAVSSPAVPPPTK_80,MEG_3,6,270,65,1
ADTTTPTTIDPIHEPPSLPPEPK_80,MEG_3,4,270,65,1
PQQVIQHHHSPR_0,MV4_1,2,105,65,1
AQAEHAEKEK_183,MV4_1,1,105,65,1
HPTTPSSTAK_239.1,MV4_1,1,105,65,1
DVPDSQQHPAPEK_0,MV4_1,2,105,65,1
RSREDEDALEQAR_0,MV4_1,1,105,65,1
SREDEDALEQARR_0,MV4_1,1,105,65,1
APVHLPQRPEMK_0,MV4_1,7,105,65,4
SDPYSTGHLR_0,MV4_1,5,105,65,3
PPEQNAPPPGAPDKDK_269.2,MV4_1,5,105,65,3
PPEQNAPPPGAPDKDK_268.2,MV4_1,1,105,65,1
SREDEDALEQAR_37.9,MV4_1,1,105,65,1
SREDEDALEQAR_0,MV4_1,4,105,65,2
SREDEDALEQAR_1,MV4_1,1,105,65,1
PPEQNAPPPGAPDK_269.2,MV4_1,4,105,65,2
PVIRPPEQNAPPPGAPDKDK_213.1,MV4_1,1,105,65,1
AVHEQLAALSQPQQNKPK_32,MV4_1,1,105,65,1
AVHEQLAALSQPQQNKPK_16,MV4_1,2,105,65,1
AVHEQLAALSQPQQNKPK_0,MV4_1,2,105,65,1
PVIRPPEQNAPPPGAPDKDK_0,MV4_1,8,105,65,5
PVIRPPEQNAPPPGAPDKDK_-6,MV4_1,1,105,65,1
APVHLPQRPEMKPVDVGR_0,MV4_1,4,105,65,2
SSSDSFEQFRR_0,MV4_1,7,105,65,4
SDPYSTGHLR_183,MV4_1,3,105,65,2
PVIRPPEQNAPPPGAPDKDK_427.2,MV4_1,1,105,65,1
PVIRPPEQNAPPPGAPDK_0,MV4_1,8,105,65,5
PVIRPPEQNAPPPGAPDK_1,MV4_1,2,105,65,1
PVDVGRPVIRPPEQNAPPPGAPDKDK_0,MV4_1,1,105,65,1
PVIRPPEQNAPPPGAPDK_427.2,MV4_1,1,105,65,1
PVIRPPEQNAPPPGAPDK_12,MV4_1,1,105,65,1
SREDEDALEQAR_42,MV4_1,1,105,65,1
SEPFSPSLRPEPPKHPESIK_0,MV4_1,7,105,65,4
PVDVGRPVIRPPEQNAPPPGAPDK_0,MV4_1,3,105,65,2
SSSDSFEQFR_334.3,MV4_1,1,105,65,1
SEPFSPSLRPEPPK_0,MV4_1,5,105,65,3
NMGSWASLVQK_4,MV4_1,1,105,65,1
SEPFSPSLRPEPPKHPESIK_80,MV4_1,1,105,65,1
AASVVQPQPLVVVKEEK_0,MV4_1,2,105,65,1
AASVVQPQPLVVVK_0,MV4_1,2,105,65,1
AASVVQPQPLVVVK_53.9,MV4_1,2,105,65,1
EAPSPLMIHSPQMSQFQSLTHQSPPQQNVQPK_80,MV4_1,1,105,65,1
HPTTPSSTAK_256.2,MOLM_1,1,83,65,1
HPTTPSSTAK_0,MOLM_1,2,83,65,2
AQAEHAEKEK_183,MOLM_1,1,83,65,1
HPTTPSSTAK_239.1,MOLM_1,1,83,65,1
DVPDSQQHPAPEK_0,MOLM_1,3,83,65,2
RSREDEDALEQAR_0,MOLM_1,1,83,65,1
VVHIIQSR_0,MOLM_1,1,83,65,1
SREDEDALEQARR_0,MOLM_1,1,83,65,1
SDPYSTGHLR_0,MOLM_1,2,83,65,2
PPEQNAPPPGAPDKDK_269.2,MOLM_1,5,83,65,4
IHSPIIR_0,MOLM_1,1,83,65,1
SREDEDALEQAR_0,MOLM_1,5,83,65,4
PVIRPPEQNAPPPGAPDKDK_213.1,MOLM_1,1,83,65,1
PPEQNAPPPGAPDK_269.2,MOLM_1,2,83,65,2
AVHEQLAALSQPQQNKPK_0,MOLM_1,1,83,65,1
EDEDALEQAR_0,MOLM_1,2,83,65,2
PVIRPPEQNAPPPGAPDKDK_0,MOLM_1,2,83,65,2
PVIRPPEQNAPPPGAPDKDK_-6,MOLM_1,1,83,65,1
SSSDSFEQFRR_0,MOLM_1,4,83,65,3
PVIRPPEQNAPPPGAPDKDK_427.2,MOLM_1,2,83,65,2
PVIRPPEQNAPPPGAPDK_0,MOLM_1,3,83,65,2
PVIRPPEQNAPPPGAPDK_427.2,MOLM_1,1,83,65,1
SEPFSPSLRPEPPKHPESIK_0,MOLM_1,3,83,65,2
LAELQEQLK_0,MOLM_1,1,83,65,1
PVDVGRPVIRPPEQNAPPPGAPDK_0,MOLM_1,1,83,65,1
SSDSFEQFR_0,MOLM_1,1,83,65,1
SSSDSFEQFR_0,MOLM_1,6,83,65,5
SSSDSFEQFR_37.9,MOLM_1,1,83,65,1
SSSDSFEQFR_22,MOLM_1,1,83,65,1
SEPFSPSLRPEPPK_0,MOLM_1,2,83,65,2
LQDVFEMR_0,MOLM_1,1,83,65,1
SVVQPQPLVVVKEEK_0,MOLM_1,1,83,65,1
QEQQQQQQQQAAAVAAAATPQAQSSQPQSMLDQQR_0,MOLM_1,2,83,65,2
SVVQPQPLVVVK_0,MOLM_1,2,83,65,2
NMGSWASLVQK_0,MOLM_1,9,83,65,7
AASVVQPQPLVVVK_0,MOLM_1,4,83,65,3
AASVVQPQPLVVVK_-0.1,MOLM_1,1,83,65,1
LNLPDYYK_0,MOLM_1,1,83,65,1
VQPPTPLLPSVK_0,MOLM_1,1,83,65,1
SSSDSFEQFR_42,MOLM_1,1,83,65,1
SSSDSFEQFRR_-114.1,MOLM_1,1,83,65,1
HPTTPSSTAK_256.2,MOLM_2,1,65,65,1
HPTTPSSTAK_0,MOLM_2,3,65,65,3
HPTTPSSTAK_239.1,MOLM_2,1,65,65,1
DVPDSQQHPAPEK_0,MOLM_2,1,65,65,1
SREDEDALEQARR_0,MOLM_2,1,65,65,1
SDPYSTGHLR_0,MOLM_2,2,65,65,2
PPEQNAPPPGAPDKDK_269.2,MOLM_2,6,65,65,6
SREDEDALEQAR_0,MOLM_2,6,65,65,6
PPEQNAPPPGAPDK_269.2,MOLM_2,2,65,65,2
AVHEQLAALSQPQQNKPK_0,MOLM_2,2,65,65,2
EDEDALEQAR_0,MOLM_2,2,65,65,2
PVIRPPEQNAPPPGAPDKDK_0,MOLM_2,3,65,65,3
PVIRPPEQNAPPPGAPDKDK_-6,MOLM_2,1,65,65,1
RQLSLDINK_0,MOLM_2,1,65,65,1
SSSDSFEQFRR_0,MOLM_2,5,65,65,5
PVIRPPEQNAPPPGAPDKDK_427.2,MOLM_2,1,65,65,1
PVIRPPEQNAPPPGAPDK_0,MOLM_2,3,65,65,3
SEPFSPSLRPEPPKHPESIK_0,MOLM_2,2,65,65,2
SSDSFEQFR_0,MOLM_2,1,65,65,1
SSSDSFEQFR_0,MOLM_2,5,65,65,5
SEPFSPSLRPEPPK_0,MOLM_2,2,65,65,2
SSSDSFEQFR_4.2,MOLM_2,1,65,65,1
QEQQQQQQQQAAAVAAAATPQAQSSQPQSMLDQQR_0,MOLM_2,1,65,65,1
SVVQPQPLVVVK_0,MOLM_2,2,65,65,2
NMGSWASLVQK_0,MOLM_2,6,65,65,6
AASVVQPQPLVVVK_0,MOLM_2,2,65,65,2
VQPPTPLLPSVK_0,MOLM_2,1,65,65,1
VQPPTPLLPSVK_-0.1,MOLM_2,1,65,65,1
HPTTPSSTAK_0,MOLM_3,2,79,65,2
HPTTPSSTAK_239.1,MOLM_3,2,79,65,2
DVPDSQQHPAPEK_0,MOLM_3,2,79,65,2
SREDEDALEQARR_0,MOLM_3,1,79,65,1
SDPYSTGHLR_0,MOLM_3,2,79,65,2
PPEQNAPPPGAPDKDK_269.2,MOLM_3,6,79,65,5
SREDEDALEQAR_0,MOLM_3,6,79,65,5
SREDEDALEQAR_1,MOLM_3,1,79,65,1
PPEQNAPPPGAPDK_269.2,MOLM_3,3,79,65,2
AVHEQLAALSQPQQNKPK_0,MOLM_3,1,79,65,1
EDEDALEQAR_0,MOLM_3,3,79,65,2
PVIRPPEQNAPPPGAPDKDK_0,MOLM_3,2,79,65,2
RQLSLDINK_0,MOLM_3,1,79,65,1
SSSDSFEQFRR_0,MOLM_3,5,79,65,4
PVIRPPEQNAPPPGAPDKDK_427.2,MOLM_3,2,79,65,2
PVIRPPEQNAPPPGAPDK_0,MOLM_3,3,79,65,2
PVIRPPEQNAPPPGAPDK_427.2,MOLM_3,1,79,65,1
SREDEDALEQAR_42,MOLM_3,1,79,65,1
SEPFSPSLRPEPPKHPESIK_0,MOLM_3,3,79,65,2
LAELQEQLK_0,MOLM_3,1,79,65,1
PVDVGRPVIRPPEQNAPPPGAPDK_0,MOLM_3,2,79,65,2
SSDSFEQFR_0,MOLM_3,1,79,65,1
SSSDSFEQFR_0,MOLM_3,6,79,65,5
SSSDSFEQFR_37.9,MOLM_3,1,79,65,1
SEPFSPSLRPEPPK_0,MOLM_3,2,79,65,2
SSSDSFEQFR_4.2,MOLM_3,1,79,65,1
LQDVFEMR_0,MOLM_3,1,79,65,1
SVVQPQPLVVVKEEK_0,MOLM_3,1,79,65,1
QEQQQQQQQQAAAVAAAATPQAQSSQPQSMLDQQR_0,MOLM_3,2,79,65,2
SVVQPQPLVVVK_0,MOLM_3,1,79,65,1
NMGSWASLVQK_0,MOLM_3,9,79,65,7
AASVVQPQPLVVVK_0,MOLM_3,3,79,65,2
AASVVQPQPLVVVK_1,MOLM_3,1,79,65,1
HPTTPSSTAK_0,MV4_2,7,406,65,1
DVPDSQQHPAPEK_0,MV4_2,4,406,65,1
SDPYSTGHLR_0,MV4_2,9,406,65,1
PPEQNAPPPGAPDKDK_269.2,MV4_2,6,406,65,1
APVHLPQRPEMK_0,MV4_2,11,406,65,2
SREDEDALEQAR_0,MV4_2,15,406,65,2
PVIRPPEQNAPPPGAPDKDK_0,MV4_2,11,406,65,2
EDEDALEQAR_0,MV4_2,4,406,65,1
NMGSWASLVQK_32,MV4_2,7,406,65,1
APVHLPQRPEMKPVDVGR_0,MV4_2,24,406,65,4
SSSDSFEQFRR_0,MV4_2,9,406,65,1
SDPYSTGHLR_183,MV4_2,4,406,65,1
PVIRPPEQNAPPPGAPDK_0,MV4_2,7,406,65,1
PVDVGRPVIRPPEQNAPPPGAPDKDK_0,MV4_2,10,406,65,2
SEPFSPSLRPEPPKHPESIK_0,MV4_2,28,406,65,4
SREDEDALEQAR_42,MV4_2,4,406,65,1
PVDVGRPVIRPPEQNAPPPGAPDK_0,MV4_2,6,406,65,1
SEPFSPSLRPEPPK_0,MV4_2,7,406,65,1
SSSDSFEQFR_0,MV4_2,5,406,65,1
SEPFSPSLRPEPPKHPESIK_80,MV4_2,5,406,65,1
AASVVQPQPLVVVKEEK_0,MV4_2,4,406,65,1
QEQQQQQQQQAAAVAAAATPQAQSSQPQSMLDQQR_0,MV4_2,27,406,65,4
QEQQQQQQQQAAAVAAAATPQAQSSQPQSMLDQQR_17,MV4_2,10,406,65,2
QEQQQQQQQQAAAVAAAATPQAQSSQPQSMLDQQR_53.9,MV4_2,4,406,65,1
NMGSWASLVQK_0,MV4_2,38,406,65,6
AASVVQPQPLVVVK_0,MV4_2,10,406,65,2
EAPSPLMIHSPQMSQFQSLTHQSPPQQNVQPK_0,MV4_2,9,406,65,1
VQPPTPLLPSVK_0,MV4_2,5,406,65,1
EAPSPLMIHSPQMSQFQSLTHQSPPQQNVQPK_80,MV4_2,12,406,65,2
ADTTTPTTIDPIHEPPSLPPEPK_0,MV4_2,4,406,65,1
QEQQQQQQQQAAAVAAAATPQAQSSQPQSMLDQQR_-17,MV4_2,7,406,65,1
PQQVIQHHHSPR_0,MV4_3,2,110,65,1
AQAEHAEKEK_183,MV4_3,1,110,65,1
PQQVIQHHHSPR_80,MV4_3,1,110,65,1
HPTTPSSTAK_239.1,MV4_3,1,110,65,1
DVPDSQQHPAPEK_0,MV4_3,1,110,65,1
RSREDEDALEQAR_0,MV4_3,1,110,65,1
SDPYSTGHLR_0,MV4_3,6,110,65,4
APVHLPQRPEMK_476.2,MV4_3,1,110,65,1
PPEQNAPPPGAPDKDK_269.2,MV4_3,6,110,65,4
APVHLPQRPEMK_0,MV4_3,5,110,65,3
SREDEDALEQAR_0,MV4_3,3,110,65,2
SREDEDALEQAR_24,MV4_3,1,110,65,1
SREDEDALEQAR_37.9,MV4_3,1,110,65,1
SREDEDALEQAR_53.9,MV4_3,1,110,65,1
SREDEDALEQAR_1,MV4_3,1,110,65,1
PPEQNAPPPGAPDK_269.2,MV4_3,4,110,65,2
AVHEQLAALSQPQQNKPK_16,MV4_3,1,110,65,1
AVHEQLAALSQPQQNKPK_0,MV4_3,1,110,65,1
PVIRPPEQNAPPPGAPDKDK_0,MV4_3,8,110,65,5
PVIRPPEQNAPPPGAPDKDK_-6,MV4_3,1,110,65,1
APVHLPQRPEMKPVDVGR_0,MV4_3,5,110,65,3
SSSDSFEQFRR_0,MV4_3,8,110,65,5
SDPYSTGHLR_183,MV4_3,3,110,65,2
PVIRPPEQNAPPPGAPDK_0,MV4_3,8,110,65,5
PVIRPPEQNAPPPGAPDKDK_427.2,MV4_3,1,110,65,1
PVIRPPEQNAPPPGAPDK_1,MV4_3,2,110,65,1
PVDVGRPVIRPPEQNAPPPGAPDKDK_0,MV4_3,1,110,65,1
PVIRPPEQNAPPPGAPDK_12,MV4_3,1,110,65,1
SEPFSPSLRPEPPKHPESIK_0,MV4_3,8,110,65,5
PVDVGRPVIRPPEQNAPPPGAPDK_0,MV4_3,3,110,65,2
SSSDSFEQFR_334.3,MV4_3,1,110,65,1
SEPFSPSLRPEPPK_0,MV4_3,6,110,65,4
NMGSWASLVQK_4,MV4_3,1,110,65,1
SSSDSFEQFR_37.9,MV4_3,3,110,65,2
SEPFSPSLRPEPPKHPESIK_80,MV4_3,1,110,65,1
HPTTPSSTAKSSSDSFEQFR_182,MV4_3,1,110,65,1
AASVVQPQPLVVVKEEK_0,MV4_3,1,110,65,1
KQELRAASVVQPQPLVVVK_0,MV4_3,1,110,65,1
AASVVQPQPLVVVK_0,MV4_3,3,110,65,2
AASVVQPQPLVVVK_53.9,MV4_3,2,110,65,1
EAPSPLMIHSPQMSQFQSLTHQSPPQQNVQPK_32,MV4_3,1,110,65,1
EAPSPLMIHSPQMSQFQSLTHQSPPQQNVQPK_80,MV4_3,2,110,65,1
