Mod_pept,sample,N_pepts,total_pept_sample,norm_pepts
MIASQVVDINLAAEPK_22,20191129_MADforAlberta_FASP_final_set_sampleID_AN2_01,2,36,3
MIASQVVDINLAAEPK_41,20191129_MADforAlberta_FASP_final_set_sampleID_AN2_01,1,36,1
MIASQVVDINLAAEPK_21.9,20191129_MADforAlberta_FASP_final_set_sampleID_AN2_01,1,36,1
SAAEMYGSVTEHPSPSPLLSSSFDLDYDFQR_-24,20191129_MADforAlberta_FASP_final_set_sampleID_AN2_01,2,36,3
SAAEMYGSVTEHPSPSPLLSSSFDLDYDFQR_1,20191129_MADforAlberta_FASP_final_set_sampleID_AN2_01,2,36,3
SAAEMYGSVTEHPSPSPLLSSSFDLDYDFQR_0,20191129_MADforAlberta_FASP_final_set_sampleID_AN2_01,20,36,27
RSAAEMYGSVTEHPSPSPLLSSSFDLDYDFQR_-140.1,20191129_MADforAlberta_FASP_final_set_sampleID_AN2_01,3,36,4
SAAEMYGSVTEHPSPSPLLSSSFDLDYDFQR_41,20191129_MADforAlberta_FASP_final_set_sampleID_AN2_01,3,36,4
SAAEMYGSVTEHPSPSPLLSSSFDLDYDFQR_-33,20191129_MADforAlberta_FASP_final_set_sampleID_AN2_01,1,36,1
SAAEMYGSVTEHPSPSPLLSSSFDLDYDFQR_57,20191129_MADforAlberta_FASP_final_set_sampleID_AN2_01,1,36,1
DDEKEAEEGEDDRDSTNGQDDS_51.9,20191129_MADforAlberta_FASP_final_set_sampleID_AN2_02,1,47,1
MIASQVVDINLAAEPK_22,20191129_MADforAlberta_FASP_final_set_sampleID_AN2_02,1,47,1
KSDVEAIFSNSSFDLDYDFQR_298.2,20191129_MADforAlberta_FASP_final_set_sampleID_AN2_02,2,47,2
SAAEMYGSVTEHPSPSPLLSSSFDLDYDFQR_0,20191129_MADforAlberta_FASP_final_set_sampleID_AN2_02,18,47,19
RSAAEMYGSVTEHPSPSPLLSSSFDLDYDFQR_-140.1,20191129_MADforAlberta_FASP_final_set_sampleID_AN2_02,3,47,3
SAAEMYGSVTEHPSPSPLLSSSFDLDYDFQR_41,20191129_MADforAlberta_FASP_final_set_sampleID_AN2_02,3,47,3
SAAEMYGSVTEHPSPSPLLSSSFDLDYDFQR_-31,20191129_MADforAlberta_FASP_final_set_sampleID_AN2_02,1,47,1
SAAEMYGSVTEHPSPSPLLSSSFDLDYDFQR_58,20191129_MADforAlberta_FASP_final_set_sampleID_AN2_02,1,47,1
SAAEMYGSVTEHPSPSPLLSSSFDLDYDFQR_60,20191129_MADforAlberta_FASP_final_set_sampleID_AN2_02,1,47,1
SAAEMYGSVTEHPSPSPLLSSSFDLDYDFQR_57,20191129_MADforAlberta_FASP_final_set_sampleID_AN2_02,5,47,5
SAAEMYGSVTEHPSPSPLLSSSFDLDYDFQR_37.9,20191129_MADforAlberta_FASP_final_set_sampleID_AN2_02,2,47,2
SAAEMYGSVTEHPSPSPLLSSSFDLDYDFQR_81,20191129_MADforAlberta_FASP_final_set_sampleID_AN2_02,1,47,1
SAAEMYGSVTEHPSPSPLLSSSFDLDYDFQR_28,20191129_MADforAlberta_FASP_final_set_sampleID_AN2_02,1,47,1
SAAEMYGSVTEHPSPSPLLSSSFDLDYDFQR_24,20191129_MADforAlberta_FASP_final_set_sampleID_AN2_02,1,47,1
SAAEMYGSVTEHPSPSPLLSSSFDLDYDFQR_30,20191129_MADforAlberta_FASP_final_set_sampleID_AN2_02,1,47,1
SAAEMYGSVTEHPSPSPLLSSSFDLDYDFQR_127.9,20191129_MADforAlberta_FASP_final_set_sampleID_AN2_02,1,47,1
SAAEMYGSVTEHPSPSPLLSSSFDLDYDFQR_126.9,20191129_MADforAlberta_FASP_final_set_sampleID_AN2_02,2,47,2
KSDVEAIFSNSSFDLDYDFQR_207.1,20191129_MADforAlberta_FASP_final_set_sampleID_AN2_02,1,47,1
SAAEMYGSVTEHPSPSPLLSSSFDLDYDFQR_125.9,20191129_MADforAlberta_FASP_final_set_sampleID_AN2_02,1,47,1
SAAEMYGSSFDLDYGFQR_16.1,20191129_MADforAlberta_FASP_final_set_sampleID_AN2_03,1,35,1
MESEGGADDSVEEGDLLCDDDNEDQGDNQLELIKDDEK_213.7,20191129_MADforAlberta_FASP_final_set_sampleID_AN2_03,1,35,1
SAAEMYGSVTEHPSPSPLLSSSFDLDYDFQR_84.1,20191129_MADforAlberta_FASP_final_set_sampleID_AN2_03,1,35,1
SAAEMYGSVTEHPSPSPLLSSSFDLDYDFQR_351.2,20191129_MADforAlberta_FASP_final_set_sampleID_AN2_03,1,35,1
SAAEMYGSVTEHPSPSPLLSSSFDLDYDFQR_83.1,20191129_MADforAlberta_FASP_final_set_sampleID_AN2_03,1,35,1
SAAEMYGSVTEHPSPSPLLSSSFDLDYDFQR_0,20191129_MADforAlberta_FASP_final_set_sampleID_AN2_03,12,35,17
SDVEAIFSNSSFDLDYDFQR_82.1,20191129_MADforAlberta_FASP_final_set_sampleID_AN2_03,1,35,1
SAAEMYGSVTEHPSPSPLLSSSFDLDYDFQR_25,20191129_MADforAlberta_FASP_final_set_sampleID_AN2_03,1,35,1
SAAEMYGSVTEHPSPSPLLSSSFDLDYDFQR_57,20191129_MADforAlberta_FASP_final_set_sampleID_AN2_03,2,35,3
SAAEMYGSVTEHPSPSPLLSSSFDLDYDFQR_-32,20191129_MADforAlberta_FASP_final_set_sampleID_AN2_03,2,35,3
RSAAEMYGSVTEHPSPSPLLSSSFDLDYDFQR_-140.1,20191129_MADforAlberta_FASP_final_set_sampleID_AN2_03,2,35,3
SAAEMYGSVTEHPSPSPLLSSSFDLDYDFQR_-89.1,20191129_MADforAlberta_FASP_final_set_sampleID_AN2_03,1,35,1
SAAEMYGSVTEHPSPSPLLSSSFDLDYDFQR_41,20191129_MADforAlberta_FASP_final_set_sampleID_AN2_03,1,35,1
KSDVEAIFSNSSFDLDYDFQR_461.2,20191129_MADforAlberta_FASP_final_set_sampleID_AN2_03,1,35,1
SAAEMYGSVTEHPSPSPLLSSSFDLDYDFQR_22,20191129_MADforAlberta_FASP_final_set_sampleID_AN2_03,1,35,1
SAAEMYGSVTEHPSPSPLLSSSFDLDYDFQR_37.9,20191129_MADforAlberta_FASP_final_set_sampleID_AN2_03,1,35,1
SAAEMYGSVTEHPSPSPLLSSSFDLDYDFQR_15,20191129_MADforAlberta_FASP_final_set_sampleID_AN2_03,1,35,1
SAAEMYGSVTEHPSPSPLLSSSFDLDYDFQR_31,20191129_MADforAlberta_FASP_final_set_sampleID_AN2_03,1,35,1
SAAEMYGSVTEHPSPSPLLSSSFDLDYDFQR_81,20191129_MADforAlberta_FASP_final_set_sampleID_AN2_03,1,35,1
SAAEMYGSVTEHPSPSPLLSSSFDLDYDFQR_143.9,20191129_MADforAlberta_FASP_final_set_sampleID_AN2_03,1,35,1
SAAEMYGSVTEHPSPSPLLSSSFDLDYDFQR_2,20191129_MADforAlberta_FASP_final_set_sampleID_AN2_03,1,35,1
MESEGGADDSVEEGDLLCDDDNEDQGDNQLELIKDDEK_19.9,20191129_MADforAlberta_FASP_final_set_sampleID_AN2_04,1,32,2
KSDVEAIFSNSSFDLDYDFQR_417.3,20191129_MADforAlberta_FASP_final_set_sampleID_AN2_04,1,32,2
MIASQVVDINLAAEPK_41,20191129_MADforAlberta_FASP_final_set_sampleID_AN2_04,1,32,2
AAVAGEDGRMIASQVVDINLAAEPK_25,20191129_MADforAlberta_FASP_final_set_sampleID_AN2_04,1,32,2
SAAEMYGSVTEHPSPSPLLSSSFDLDYDFQR_41,20191129_MADforAlberta_FASP_final_set_sampleID_AN2_04,1,32,2
SAAEMYGSVTEHPSPSPLLSSSFDLDYDFQR_0,20191129_MADforAlberta_FASP_final_set_sampleID_AN2_04,13,32,20
RSAAEMYGSVTEHPSPSPLLSSSFDLDYDFQR_-41.1,20191129_MADforAlberta_FASP_final_set_sampleID_AN2_04,1,32,2
SAAEMYGSVTEHPSPSPLLSSSFDLDYDFQR_57,20191129_MADforAlberta_FASP_final_set_sampleID_AN2_04,2,32,3
RSAAEMYGSVTEHPSPSPLLSSSFDLDYDFQR_-140.1,20191129_MADforAlberta_FASP_final_set_sampleID_AN2_04,2,32,3
AGVKRSAAEMYGSVTEHPSPSPLLSSSFDLDYDFQR_-20.4,20191129_MADforAlberta_FASP_final_set_sampleID_AN2_04,1,32,2
SAAEMYGSVTEHPSPSPLLSSSFDLDYDFQR_-31,20191129_MADforAlberta_FASP_final_set_sampleID_AN2_04,1,32,2
SAAEMYGSVTEHPSPSPLLSSSFDLDYDFQR_3,20191129_MADforAlberta_FASP_final_set_sampleID_AN2_04,1,32,2
SAAEMYGSVTEHPSPSPLLSSSFDLDYDFQR_58,20191129_MADforAlberta_FASP_final_set_sampleID_AN2_04,2,32,3
SAAEMYGSVTEHPSPSPLLSSSFDLDYDFQR_22,20191129_MADforAlberta_FASP_final_set_sampleID_AN2_04,1,32,2
SAAEMYGSVTEHPSPSPLLSSSFDLDYDFQR_37,20191129_MADforAlberta_FASP_final_set_sampleID_AN2_04,1,32,2
SAAEMYGSVTEHPSPSPLLSSSFDLDYDFQR_38,20191129_MADforAlberta_FASP_final_set_sampleID_AN2_04,1,32,2
SAAEMYGSVTEHPSPSPLLSSSFDLDYDFQR_43,20191129_MADforAlberta_FASP_final_set_sampleID_AN2_04,1,32,2
DDEKEAEEGEDDRDSTNGQDDS_50.9,20191129_MADforAlberta_FASP_final_set_sampleID_AN2_05,2,49,2
DDEKEAEEGEDDRDSTNGQDDS_33.9,20191129_MADforAlberta_FASP_final_set_sampleID_AN2_05,1,49,1
MESEGGADDSVEEGDLLCDDDNEDQGDNQLELIKDDEK_18,20191129_MADforAlberta_FASP_final_set_sampleID_AN2_05,1,49,1
MIASQVVDINLAAEPK_22,20191129_MADforAlberta_FASP_final_set_sampleID_AN2_05,1,49,1
MIASQVVDINLAAEPK_28,20191129_MADforAlberta_FASP_final_set_sampleID_AN2_05,1,49,1
SAAEMYGSVTEHPSPSPLLSSSFDLDYDFQR_0,20191129_MADforAlberta_FASP_final_set_sampleID_AN2_05,15,49,15
KSDVEAIFSNSSFDLDYDFQR_298.2,20191129_MADforAlberta_FASP_final_set_sampleID_AN2_05,1,49,1
SAAEMYGSVTEHPSPSPLLSSSFDLDYDFQR_57,20191129_MADforAlberta_FASP_final_set_sampleID_AN2_05,4,49,4
RSAAEMYGSVTEHPSPSPLLSSSFDLDYDFQR_-140.1,20191129_MADforAlberta_FASP_final_set_sampleID_AN2_05,4,49,4
SAAEMYGSVTEHPSPSPLLSSSFDLDYDFQR_58,20191129_MADforAlberta_FASP_final_set_sampleID_AN2_05,2,49,2
SAAEMYGSVTEHPSPSPLLSSSFDLDYDFQR_25,20191129_MADforAlberta_FASP_final_set_sampleID_AN2_05,1,49,1
SAAEMYGSVTEHPSPSPLLSSSFDLDYDFQR_-89.1,20191129_MADforAlberta_FASP_final_set_sampleID_AN2_05,1,49,1
SAAEMYGSVTEHPSPSPLLSSSFDLDYDFQR_-32,20191129_MADforAlberta_FASP_final_set_sampleID_AN2_05,1,49,1
SAAEMYGSVTEHPSPSPLLSSSFDLDYDFQR_60,20191129_MADforAlberta_FASP_final_set_sampleID_AN2_05,1,49,1
KSDVEAIFSNSSFDLDYDFQR_462.2,20191129_MADforAlberta_FASP_final_set_sampleID_AN2_05,1,49,1
RSAAEMYGSVTEHPSPSPLLSSSFDLDYDFQR_0,20191129_MADforAlberta_FASP_final_set_sampleID_AN2_05,1,49,1
SAAEMYGSVTEHPSPSPLLSSSFDLDYDFQR_42,20191129_MADforAlberta_FASP_final_set_sampleID_AN2_05,1,49,1
SAAEMYGSVTEHPSPSPLLSSSFDLDYDFQR_22,20191129_MADforAlberta_FASP_final_set_sampleID_AN2_05,1,49,1
SAAEMYGSVTEHPSPSPLLSSSFDLDYDFQR_37.9,20191129_MADforAlberta_FASP_final_set_sampleID_AN2_05,1,49,1
SAAEMYGSVTEHPSPSPLLSSSFDLDYDFQR_33,20191129_MADforAlberta_FASP_final_set_sampleID_AN2_05,1,49,1
SAAEMYGSVTEHPSPSPLLSSSFDLDYDFQR_32,20191129_MADforAlberta_FASP_final_set_sampleID_AN2_05,1,49,1
SAAEMYGSVTEHPSPSPLLSSSFDLDYDFQR_34,20191129_MADforAlberta_FASP_final_set_sampleID_AN2_05,1,49,1
SAAEMYGSVTEHPSPSPLLSSSFDLDYDFQR_43,20191129_MADforAlberta_FASP_final_set_sampleID_AN2_05,1,49,1
SAAEMYGSVTEHPSPSPLLSSSFDLDYDFQR_80,20191129_MADforAlberta_FASP_final_set_sampleID_AN2_05,1,49,1
AGVKRSAAEMYGSVTEHPSPSPLLSSSFDLDYDFQR_245.2,20191129_MADforAlberta_FASP_final_set_sampleID_AN2_05,1,49,1
SAAEMYGSVTEHPSPSPLLSSSFDLDYDFQR_110.9,20191129_MADforAlberta_FASP_final_set_sampleID_AN2_05,1,49,1
SAAEMYGSVTEHPSPSPLLSSSFDLDYDFQR_128.9,20191129_MADforAlberta_FASP_final_set_sampleID_AN2_05,1,49,1
DDEKEAEEGEDDRDSTNGQDDS_-28,20191129_MADforAlberta_FASP_final_set_sampleID_AN2_06,1,40,1
MESEGGADDSVEEGDLLCDDDNEDQGDNQLELIKDDEK_93,20191129_MADforAlberta_FASP_final_set_sampleID_AN2_06,1,40,1
MESEGGADDSVEEGDLLCDDDNEDQGDNQLELIKDDEK_19,20191129_MADforAlberta_FASP_final_set_sampleID_AN2_06,1,40,1
MESEGGADDSVEEGDLLCDDDNEDQGDNQLELIKDDEK_18,20191129_MADforAlberta_FASP_final_set_sampleID_AN2_06,2,40,2
MESEGGADDSVEEGDLLCDDDNEDQGDNQLELIKDDEK_17.9,20191129_MADforAlberta_FASP_final_set_sampleID_AN2_06,1,40,1
AGVKRSAAEMYGSVTEHPSPSPLLSSSFDLDYDFQR_242.9,20191129_MADforAlberta_FASP_final_set_sampleID_AN2_06,1,40,1
SAAEMYGSVTEHPSPSPLLSSSFDLDYDFQR_0,20191129_MADforAlberta_FASP_final_set_sampleID_AN2_06,11,40,13
SAAEMYGSVTEHPSPSPLLSSSFDLDYDFQR_2.2,20191129_MADforAlberta_FASP_final_set_sampleID_AN2_06,1,40,1
SAAEMYGSVTEHPSPSPLLSSSFDLDYDFQR_41,20191129_MADforAlberta_FASP_final_set_sampleID_AN2_06,2,40,2
SAAEMYGSVTEHPSPSPLLSSSFDLDYDFQR_58,20191129_MADforAlberta_FASP_final_set_sampleID_AN2_06,1,40,1
RSAAEMYGSVTEHPSPSPLLSSSFDLDYDFQR_-140.1,20191129_MADforAlberta_FASP_final_set_sampleID_AN2_06,3,40,4
RSAAEMYGSVTEHPSPSPLLSSSFDLDYDFQR_-41.1,20191129_MADforAlberta_FASP_final_set_sampleID_AN2_06,1,40,1
SAAEMYGSVTEHPSPSPLLSSSFDLDYDFQR_22,20191129_MADforAlberta_FASP_final_set_sampleID_AN2_06,2,40,2
SAAEMYGSVTEHPSPSPLLSSSFDLDYDFQR_-32,20191129_MADforAlberta_FASP_final_set_sampleID_AN2_06,1,40,1
KSDVEAIFSNSSFDLDYDFQR_461.2,20191129_MADforAlberta_FASP_final_set_sampleID_AN2_06,1,40,1
SAAEMYGSVTEHPSPSPLLSSSFDLDYDFQR_-30,20191129_MADforAlberta_FASP_final_set_sampleID_AN2_06,1,40,1
SAAEMYGSVTEHPSPSPLLSSSFDLDYDFQR_57,20191129_MADforAlberta_FASP_final_set_sampleID_AN2_06,2,40,2
SAAEMYGSVTEHPSPSPLLSSSFDLDYDFQR_59,20191129_MADforAlberta_FASP_final_set_sampleID_AN2_06,1,40,1
SAAEMYGSVTEHPSPSPLLSSSFDLDYDFQR_31,20191129_MADforAlberta_FASP_final_set_sampleID_AN2_06,2,40,2
SAAEMYGSVTEHPSPSPLLSSSFDLDYDFQR_34,20191129_MADforAlberta_FASP_final_set_sampleID_AN2_06,1,40,1
SAAEMYGSVTEHPSPSPLLSSSFDLDYDFQR_37.9,20191129_MADforAlberta_FASP_final_set_sampleID_AN2_06,1,40,1
SAAEMYGSVTEHPSPSPLLSSSFDLDYDFQR_1,20191129_MADforAlberta_FASP_final_set_sampleID_AN2_06,1,40,1
SAAEMYGSVTEHPSPSPLLSSSFDLDYDFQR_81,20191129_MADforAlberta_FASP_final_set_sampleID_AN2_06,1,40,1
