Mod_pept,sample,N_pepts,total_pept_sample,denom,norm_pepts
QAQDLAR_0,211029kw_IP_ANolan_C12_1_S1_B7_1_6305,2,975,975,2
TVDTKQAQDLAR_0,211029kw_IP_ANolan_C12_1_S1_B7_1_6305,2,975,975,2
SFEDIHHYR_0,211029kw_IP_ANolan_C12_1_S1_B7_1_6305,154,975,975,154
SFEDIHHYR_37.9,211029kw_IP_ANolan_C12_1_S1_B7_1_6305,1,975,975,1
SFEDIHHYR_3,211029kw_IP_ANolan_C12_1_S1_B7_1_6305,1,975,975,1
SFEDIHHYR_-87,211029kw_IP_ANolan_C12_1_S1_B7_1_6305,1,975,975,1
SFEDIHHYR_24,211029kw_IP_ANolan_C12_1_S1_B7_1_6305,1,975,975,1
SFEDIHHYREQIKR_0,211029kw_IP_ANolan_C12_1_S1_B7_1_6305,23,975,975,23
SFEDIHHYREQIK_0,211029kw_IP_ANolan_C12_1_S1_B7_1_6305,2,975,975,2
LVVVGAGGVGK_0,211029kw_IP_ANolan_C12_1_S1_B7_1_6305,1,975,975,1
LVVVGAGGVGK_103,211029kw_IP_ANolan_C12_1_S1_B7_1_6305,8,975,975,8
LVVVGAGGVGK_46,211029kw_IP_ANolan_C12_1_S1_B7_1_6305,1,975,975,1
LVVVGAGGVGK_351.1,211029kw_IP_ANolan_C12_1_S1_B7_1_6305,1,975,975,1
VKDSEDVPMVLVGNK_0,211029kw_IP_ANolan_C12_1_S1_B7_1_6305,175,975,975,175
VKDSEDVPMVLVGNK_38,211029kw_IP_ANolan_C12_1_S1_B7_1_6305,2,975,975,2
VKDSEDVPMVLVGNK_1,211029kw_IP_ANolan_C12_1_S1_B7_1_6305,12,975,975,12
LVVVGAGGVGK_182,211029kw_IP_ANolan_C12_1_S1_B7_1_6305,1,975,975,1
LVVVGAGGVGK_228,211029kw_IP_ANolan_C12_1_S1_B7_1_6305,1,975,975,1
RVKDSEDVPMVLVGNK_0,211029kw_IP_ANolan_C12_1_S1_B7_1_6305,4,975,975,4
VKDSEDVPMVLVGNKCDLPSR_0,211029kw_IP_ANolan_C12_1_S1_B7_1_6305,14,975,975,14
LVVVGAGGVGK_78,211029kw_IP_ANolan_C12_1_S1_B7_1_6305,1,975,975,1
LVVVGAGGVGK_115.9,211029kw_IP_ANolan_C12_1_S1_B7_1_6305,1,975,975,1
LVVVGAGGVGK_241,211029kw_IP_ANolan_C12_1_S1_B7_1_6305,2,975,975,2
LVVVGAGGVGK_116,211029kw_IP_ANolan_C12_1_S1_B7_1_6305,1,975,975,1
LVVVGAGGVGK_94,211029kw_IP_ANolan_C12_1_S1_B7_1_6305,1,975,975,1
LVVVGAGGVGK_131.9,211029kw_IP_ANolan_C12_1_S1_B7_1_6305,1,975,975,1
MTEYKLVVVGAGGVGK_61,211029kw_IP_ANolan_C12_1_S1_B7_1_6305,1,975,975,1
MTEYKLVVVGAGGVGK_103,211029kw_IP_ANolan_C12_1_S1_B7_1_6305,2,975,975,2
VKDSEDVPMVLVGNK_37.9,211029kw_IP_ANolan_C12_1_S1_B7_1_6305,6,975,975,6
VKDSEDVPMVLVGNK_21.9,211029kw_IP_ANolan_C12_1_S1_B7_1_6305,1,975,975,1
VKDSEDVPMVLVGNK_22,211029kw_IP_ANolan_C12_1_S1_B7_1_6305,6,975,975,6
VKDSEDVPMVLVGNK_23,211029kw_IP_ANolan_C12_1_S1_B7_1_6305,3,975,975,3
VKDSDDVPMVLVGNK_38,211029kw_IP_ANolan_C12_1_S1_B7_1_6305,1,975,975,1
VKDSEDVPMVLVGNK_53.9,211029kw_IP_ANolan_C12_1_S1_B7_1_6305,3,975,975,3
VKDSEDVPMVLVGNK_24,211029kw_IP_ANolan_C12_1_S1_B7_1_6305,3,975,975,3
VKDSEDVPMVLVGNK_-17,211029kw_IP_ANolan_C12_1_S1_B7_1_6305,1,975,975,1
DSEDVPMVLVGNKCDLPSRTVDTK_227.2,211029kw_IP_ANolan_C12_1_S1_B7_1_6305,1,975,975,1
VKDSEDVPMVLVGNKCDLPSR_-25,211029kw_IP_ANolan_C12_1_S1_B7_1_6305,12,975,975,12
LVVVGAGGVGK_164,211029kw_IP_ANolan_C12_1_S1_B7_1_6305,1,975,975,1
VKDSEDVPMVLVGNKCDLPSR_-9,211029kw_IP_ANolan_C12_1_S1_B7_1_6305,7,975,975,7
LVVVGAGGVGK_196,211029kw_IP_ANolan_C12_1_S1_B7_1_6305,3,975,975,3
DSEDVPMVLVGNK_0,211029kw_IP_ANolan_C12_1_S1_B7_1_6305,13,975,975,13
VKDSEDVPMVLVGNK_2,211029kw_IP_ANolan_C12_1_S1_B7_1_6305,1,975,975,1
SFEDIHHYR_1,211029kw_IP_ANolan_C12_1_S1_B7_1_6305,1,975,975,1
VKDSEDVPMVLVGNKCDLPSR_3,211029kw_IP_ANolan_C12_1_S1_B7_1_6305,1,975,975,1
VKDSEDVPMVLVGNKCDLPSR_37.9,211029kw_IP_ANolan_C12_1_S1_B7_1_6305,3,975,975,3
VKDSEDVPMVLVGNKCDLPSR_23,211029kw_IP_ANolan_C12_1_S1_B7_1_6305,1,975,975,1
VKDSEDVPMVLVGNK_0.9,211029kw_IP_ANolan_C12_1_S1_B7_1_6305,1,975,975,1
MTEYKLVVVGAGGVGK_87,211029kw_IP_ANolan_C12_1_S1_B7_1_6305,3,975,975,3
LVVVGAGGVGK_212,211029kw_IP_ANolan_C12_1_S1_B7_1_6305,2,975,975,2
VKDSEDVPMVLVGNK_1.9,211029kw_IP_ANolan_C12_1_S1_B7_1_6305,1,975,975,1
LVVVGAGGVGK_180,211029kw_IP_ANolan_C12_1_S1_B7_1_6305,2,975,975,2
YDPTIEDSYR_490.2,211029kw_IP_ANolan_C12_1_S1_B7_1_6305,1,975,975,1
VKDSEDVPMVLVGNKCDLPSR_93,211029kw_IP_ANolan_C12_1_S1_B7_1_6305,2,975,975,2
VKDSEDVPMVLVGNKCDLPSR_92.9,211029kw_IP_ANolan_C12_1_S1_B7_1_6305,1,975,975,1
DSEDVPMVLVGNKCDLPSR_0,211029kw_IP_ANolan_C12_1_S1_B7_1_6305,1,975,975,1
DSEDVPMVLVGNK_6,211029kw_IP_ANolan_C12_1_S1_B7_1_6305,1,975,975,1
DSEDVPMVLVGNK_37.9,211029kw_IP_ANolan_C12_1_S1_B7_1_6305,2,975,975,2
TRQGVDDAFYTLVR_0,211029kw_IP_ANolan_C12_1_S1_B7_1_6305,16,975,975,16
TRQGVDDAFYTLVR_1,211029kw_IP_ANolan_C12_1_S1_B7_1_6305,4,975,975,4
TRQGVDDAFYTLVR_37.9,211029kw_IP_ANolan_C12_1_S1_B7_1_6305,4,975,975,4
TRQGVDDAFYTLVR_22,211029kw_IP_ANolan_C12_1_S1_B7_1_6305,1,975,975,1
TRQGVDDAFYTLVR_24,211029kw_IP_ANolan_C12_1_S1_B7_1_6305,1,975,975,1
TRQGVDDAFYTLVR_53.9,211029kw_IP_ANolan_C12_1_S1_B7_1_6305,1,975,975,1
VKDSEDVPMVLVGNK_43,211029kw_IP_ANolan_C12_1_S1_B7_1_6305,1,975,975,1
SFEDIHHYR_0.1,211029kw_IP_ANolan_C12_1_S1_B7_1_6305,1,975,975,1
SYGIPFIETSAK_0,211029kw_IP_ANolan_C12_1_S1_B7_1_6305,19,975,975,19
SYGIPFIETSAK_2,211029kw_IP_ANolan_C12_1_S1_B7_1_6305,7,975,975,7
SYGIPFIETSAK_3,211029kw_IP_ANolan_C12_1_S1_B7_1_6305,1,975,975,1
SYGIPFIETSAK_22,211029kw_IP_ANolan_C12_1_S1_B7_1_6305,3,975,975,3
SYGIPFIETSAK_-2,211029kw_IP_ANolan_C12_1_S1_B7_1_6305,1,975,975,1
SYGIPFIETSAK_-4,211029kw_IP_ANolan_C12_1_S1_B7_1_6305,2,975,975,2
QGVDDAFYTLVR_0,211029kw_IP_ANolan_C12_1_S1_B7_1_6305,10,975,975,10
QGVDDAFYTLVR_37.9,211029kw_IP_ANolan_C12_1_S1_B7_1_6305,3,975,975,3
QGVDDAFYTLVR_22,211029kw_IP_ANolan_C12_1_S1_B7_1_6305,2,975,975,2
QGVEDAFYTLVR_8,211029kw_IP_ANolan_C12_1_S1_B7_1_6305,1,975,975,1
QGVEDAFYTLVR_23.9,211029kw_IP_ANolan_C12_1_S1_B7_1_6305,1,975,975,1
QGVDDAFYTLVR_24,211029kw_IP_ANolan_C12_1_S1_B7_1_6305,1,975,975,1
QGVDDAFYTLVR_-17,211029kw_IP_ANolan_C12_1_S1_B7_1_6305,4,975,975,4
QGVDDAFYTLVR_53.9,211029kw_IP_ANolan_C12_1_S1_B7_1_6305,2,975,975,2
QGVEDAFYTLVR_39.9,211029kw_IP_ANolan_C12_1_S1_B7_1_6305,1,975,975,1
SALTIQLIQNHFVDEYDPTIEDSYRK_1,211029kw_IP_ANolan_C12_1_S1_B7_1_6305,14,975,975,14
QGVDDAFYTLVR_1,211029kw_IP_ANolan_C12_1_S1_B7_1_6305,3,975,975,3
SALTIQLIQNHFVDEYDPTIEDSYRK_0,211029kw_IP_ANolan_C12_1_S1_B7_1_6305,40,975,975,40
SALTIQLIQNHFVDEYDPTIEDSYRK_37.9,211029kw_IP_ANolan_C12_1_S1_B7_1_6305,5,975,975,5
SALTIQLIQNHFVDEYDPTIEDSYRK_3,211029kw_IP_ANolan_C12_1_S1_B7_1_6305,2,975,975,2
SALTIQLIQNHFVDEYDPTIEDSYRK_38,211029kw_IP_ANolan_C12_1_S1_B7_1_6305,4,975,975,4
SALTIQLIQNHFVDEYDPTIEDSYRK_22,211029kw_IP_ANolan_C12_1_S1_B7_1_6305,10,975,975,10
SALTIQLIQNHFVDEYDPTIEDSYRK_23,211029kw_IP_ANolan_C12_1_S1_B7_1_6305,4,975,975,4
SALTIQLIQNHFVDEYDPTIEDSYRK_75.9,211029kw_IP_ANolan_C12_1_S1_B7_1_6305,1,975,975,1
SALTIQLIQNHFVDEYDPTIEDSYRK_4,211029kw_IP_ANolan_C12_1_S1_B7_1_6305,1,975,975,1
SALTIQLIQNHFVDEYDPTIEDSYR_128.1,211029kw_IP_ANolan_C12_1_S1_B7_1_6305,1,975,975,1
SALTIQLIQNHFVDEYDPTIEDSYRK_24,211029kw_IP_ANolan_C12_1_S1_B7_1_6305,1,975,975,1
SALTIQLIQNHFVDEYDPTIEDSYRK_-1,211029kw_IP_ANolan_C12_1_S1_B7_1_6305,4,975,975,4
TGEGFLCVFAINNTK_16,211029kw_IP_ANolan_C12_1_S1_B7_1_6305,2,975,975,2
TGEGFLCVFAINNTK_15,211029kw_IP_ANolan_C12_1_S1_B7_1_6305,3,975,975,3
TGEGFLCVFAINNTK_0,211029kw_IP_ANolan_C12_1_S1_B7_1_6305,18,975,975,18
TGEGFLCVFAINNTK_38,211029kw_IP_ANolan_C12_1_S1_B7_1_6305,1,975,975,1
TGEGFLCVFAINNTK_37.9,211029kw_IP_ANolan_C12_1_S1_B7_1_6305,1,975,975,1
TGEGFLCVFAINNTK_53.9,211029kw_IP_ANolan_C12_1_S1_B7_1_6305,1,975,975,1
TGEGFLCVFAINNTK_248,211029kw_IP_ANolan_C12_1_S1_B7_1_6305,4,975,975,4
SALTIQLIQNHFVDEYDPTIEDSYR_0,211029kw_IP_ANolan_C12_1_S1_B7_1_6305,25,975,975,25
TGEGFLCVFAINNTK_125,211029kw_IP_ANolan_C12_1_S1_B7_1_6305,2,975,975,2
SALTIQLIQNHFVDEYDPTIEDSYR_38,211029kw_IP_ANolan_C12_1_S1_B7_1_6305,2,975,975,2
SALTIQLIQNHFVDEYDPTIEDSYR_37.9,211029kw_IP_ANolan_C12_1_S1_B7_1_6305,7,975,975,7
SALTIQLIQNHFVDEYDPTIEDSYR_22,211029kw_IP_ANolan_C12_1_S1_B7_1_6305,5,975,975,5
SALTIQLIQNHFVDEYDPTIEDSYR_23,211029kw_IP_ANolan_C12_1_S1_B7_1_6305,4,975,975,4
SALTIQLIQNHFVDEYDPTIEDSYR_75.9,211029kw_IP_ANolan_C12_1_S1_B7_1_6305,1,975,975,1
SALTIQLIQNHFVDEYDPTIEDSYR_53.9,211029kw_IP_ANolan_C12_1_S1_B7_1_6305,1,975,975,1
SALTIQLIQNHFVDEYDPTIEDSYR_24,211029kw_IP_ANolan_C12_1_S1_B7_1_6305,2,975,975,2
TGEGFLCVFAINNTK_79,211029kw_IP_ANolan_C12_1_S1_B7_1_6305,2,975,975,2
SALTIQLIQNHFVDEYDPTIEDSYR_1,211029kw_IP_ANolan_C12_1_S1_B7_1_6305,10,975,975,10
TGEGFLCVFAINNTK_109,211029kw_IP_ANolan_C12_1_S1_B7_1_6305,6,975,975,6
TGEGFLCVFAINNTK_184,211029kw_IP_ANolan_C12_1_S1_B7_1_6305,4,975,975,4
TGEGFLCVFAINNTK_25,211029kw_IP_ANolan_C12_1_S1_B7_1_6305,1,975,975,1
TGEGFLCVFAINNTK_108.9,211029kw_IP_ANolan_C12_1_S1_B7_1_6305,1,975,975,1
TGEGFLCVFAINNTK_-14,211029kw_IP_ANolan_C12_1_S1_B7_1_6305,1,975,975,1
TGEGFLCVFAINNTK_1,211029kw_IP_ANolan_C12_1_S1_B7_1_6305,3,975,975,3
TGEGFLCVFAINNTK_167,211029kw_IP_ANolan_C12_1_S1_B7_1_6305,2,975,975,2
TGEGFLCVFAINNTK_93,211029kw_IP_ANolan_C12_1_S1_B7_1_6305,6,975,975,6
TGEGFLCVFAINNTK_177,211029kw_IP_ANolan_C12_1_S1_B7_1_6305,1,975,975,1
TGEGFLCVFAINNTK_-57,211029kw_IP_ANolan_C12_1_S1_B7_1_6305,2,975,975,2
TGEGFLCVFAINNTK_138,211029kw_IP_ANolan_C12_1_S1_B7_1_6305,6,975,975,6
TGEGFLCVFAINNTK_140,211029kw_IP_ANolan_C12_1_S1_B7_1_6305,1,975,975,1
TGEGFLCVFAINNTK_160,211029kw_IP_ANolan_C12_1_S1_B7_1_6305,1,975,975,1
QGVDDAFYTLVR_43,211029kw_IP_ANolan_C12_1_S1_B7_1_6305,2,975,975,2
QGVDDAFYTLVR_5,211029kw_IP_ANolan_C12_1_S1_B7_1_6305,3,975,975,3
QGVEDAFYTLVR_6.9,211029kw_IP_ANolan_C12_1_S1_B7_1_6305,1,975,975,1
QGVEDAFYTLVR_22.9,211029kw_IP_ANolan_C12_1_S1_B7_1_6305,1,975,975,1
QGVEDAFYTLVR_21.9,211029kw_IP_ANolan_C12_1_S1_B7_1_6305,1,975,975,1
TGEGFLCVFAINNTK_290,211029kw_IP_ANolan_C12_1_S1_B7_1_6305,1,975,975,1
TGEGFLCVFAINNTK_96,211029kw_IP_ANolan_C12_1_S1_B7_1_6305,1,975,975,1
TGEGFLCVFAINNTK_61,211029kw_IP_ANolan_C12_1_S1_B7_1_6305,1,975,975,1
TGEGFLCVFAINNTK_-2,211029kw_IP_ANolan_C12_1_S1_B7_1_6305,2,975,975,2
TGEGFLCVFAINNTK_90.1,211029kw_IP_ANolan_C12_1_S1_B7_1_6305,1,975,975,1
TGEGFLCVFAINNTK_165,211029kw_IP_ANolan_C12_1_S1_B7_1_6305,1,975,975,1
SALTIQLIQNHFVDEYDPTIEDSYR_-7.1,211029kw_IP_ANolan_C12_1_S1_B7_1_6305,1,975,975,1
KQVVIDGETCLLDILDTAGQEEYSAMRDQYMR_-1,211029kw_IP_ANolan_C12_1_S1_B7_1_6305,1,975,975,1
TGEGFLCVFAINNTK_45,211029kw_IP_ANolan_C12_1_S1_B7_1_6305,2,975,975,2
TGEGFLCVFAINNTK_77,211029kw_IP_ANolan_C12_1_S1_B7_1_6305,10,975,975,10
TGEGFLCVFAINNTK_80,211029kw_IP_ANolan_C12_1_S1_B7_1_6305,1,975,975,1
KQVVIDGETCLLDILDTAGQEEYSAMR_0,211029kw_IP_ANolan_C12_1_S1_B7_1_6305,12,975,975,12
KQVVIDGETCLLDILDTAGQEEYSAMR_1,211029kw_IP_ANolan_C12_1_S1_B7_1_6305,4,975,975,4
KQVVIDGETCLLDILDTAGQEEYSAMR_-1,211029kw_IP_ANolan_C12_1_S1_B7_1_6305,2,975,975,2
KQVVIDGETCLLDILDTAGQEEYSAMRDQYMR_0,211029kw_IP_ANolan_C12_1_S1_B7_1_6305,6,975,975,6
TGEGFLCVFAINNTK_180,211029kw_IP_ANolan_C12_1_S1_B7_1_6305,1,975,975,1
TGEGFLCVFAINNTK_179,211029kw_IP_ANolan_C12_1_S1_B7_1_6305,4,975,975,4
TGEGFLCVFAINNTK_229,211029kw_IP_ANolan_C12_1_S1_B7_1_6305,7,975,975,7
TGEGFLCVFAINNTK_-9,211029kw_IP_ANolan_C12_1_S1_B7_1_6305,5,975,975,5
TGEGFLCVFAINNTK_12.9,211029kw_IP_ANolan_C12_1_S1_B7_1_6305,13,975,975,13
TGEGFLCVFAINNTK_28.9,211029kw_IP_ANolan_C12_1_S1_B7_1_6305,8,975,975,8
TGEGFLCVFAINNTK_228.9,211029kw_IP_ANolan_C12_1_S1_B7_1_6305,2,975,975,2
TGEGFLCVFAINNTK_14.9,211029kw_IP_ANolan_C12_1_S1_B7_1_6305,1,975,975,1
TGEGFLCVFAINNTK_13.9,211029kw_IP_ANolan_C12_1_S1_B7_1_6305,1,975,975,1
TGEGFLCVFAINNTK_-25,211029kw_IP_ANolan_C12_1_S1_B7_1_6305,6,975,975,6
TGEGFLCVFAINNTK_-3.1,211029kw_IP_ANolan_C12_1_S1_B7_1_6305,4,975,975,4
QVVIDGETCLLDILDTAGQEEYSAMRDQYMR_0,211029kw_IP_ANolan_C12_1_S1_B7_1_6305,15,975,975,15
KQVVIDGETCLLDILDTAGQEEYSAMR_2,211029kw_IP_ANolan_C12_1_S1_B7_1_6305,2,975,975,2
KQVVIDGETCLLDILDTAGQEEYSAMR_37.9,211029kw_IP_ANolan_C12_1_S1_B7_1_6305,1,975,975,1
KQVVIDGETCLLDILDTAGQEEYSAMR_38,211029kw_IP_ANolan_C12_1_S1_B7_1_6305,3,975,975,3
QVVIDGETCLLDILDTAGQEEYSAMRDQYMR_-1,211029kw_IP_ANolan_C12_1_S1_B7_1_6305,1,975,975,1
KQVVIDGETCLLDILDTAGQEEYSAMR_22,211029kw_IP_ANolan_C12_1_S1_B7_1_6305,2,975,975,2
KQVVIDGETCLLDILDTAGQEEYSAMR_23,211029kw_IP_ANolan_C12_1_S1_B7_1_6305,2,975,975,2
KQVVIDGETCLLDILDTAGQEEYSAMR_22.9,211029kw_IP_ANolan_C12_1_S1_B7_1_6305,1,975,975,1
TGEGFLCVFAINNTK_22.9,211029kw_IP_ANolan_C12_1_S1_B7_1_6305,1,975,975,1
TGEGFLCVFAINNTK_6.9,211029kw_IP_ANolan_C12_1_S1_B7_1_6305,1,975,975,1
QVVIDGETCLLDILDTAGQEEYSAMRDQYMR_1,211029kw_IP_ANolan_C12_1_S1_B7_1_6305,2,975,975,2
QVVIDGETCLLDILDTAGQEEYSAMR_1,211029kw_IP_ANolan_C12_1_S1_B7_1_6305,5,975,975,5
QVVIDGETCLLDILDTAGQEEYSAMR_0,211029kw_IP_ANolan_C12_1_S1_B7_1_6305,7,975,975,7
QVVIDGETCLLDILDTAGQEEYSAMR_53.9,211029kw_IP_ANolan_C12_1_S1_B7_1_6305,1,975,975,1
QVVIDGETCLLDILDTAGQEEYSAMR_22,211029kw_IP_ANolan_C12_1_S1_B7_1_6305,3,975,975,3
QVVIDGETCLLDILDTAGQEEYSAMR_21.9,211029kw_IP_ANolan_C12_1_S1_B7_1_6305,1,975,975,1
QVVIDGETCLLDILDTAGQEEYSAMR_38,211029kw_IP_ANolan_C12_1_S1_B7_1_6305,1,975,975,1
QVVIDGETCLLDILDTAGQEEYSAMR_37.9,211029kw_IP_ANolan_C12_1_S1_B7_1_6305,2,975,975,2
QVVIDGETCLLDILDTAGQEEYSAMR_4,211029kw_IP_ANolan_C12_1_S1_B7_1_6305,1,975,975,1
QVVIDGETCLLDILDTAGQEEYSAMRDQYMR_-17,211029kw_IP_ANolan_C12_1_S1_B7_1_6305,3,975,975,3
QVVIDGETCLLDILDTAGQEEYSAMR_-17,211029kw_IP_ANolan_C12_1_S1_B7_1_6305,7,975,975,7
QVVIDGETCLLDILDTAGQEEYSAMR_-16,211029kw_IP_ANolan_C12_1_S1_B7_1_6305,2,975,975,2
QAQDLAR_0,211029kw_IP_ANolan_C12_1_S1_B8_1_6306,1,636,975,2
TVDTKQAQDLAR_0,211029kw_IP_ANolan_C12_1_S1_B8_1_6306,2,636,975,3
SFEDIHHYR_0,211029kw_IP_ANolan_C12_1_S1_B8_1_6306,8,636,975,12
SFEDIHHYR_37.9,211029kw_IP_ANolan_C12_1_S1_B8_1_6306,1,636,975,2
SFEDIHHYR_0.1,211029kw_IP_ANolan_C12_1_S1_B8_1_6306,1,636,975,2
SFEDIHHYREQIKR_0,211029kw_IP_ANolan_C12_1_S1_B8_1_6306,9,636,975,14
SFEDIHHYREQIK_0,211029kw_IP_ANolan_C12_1_S1_B8_1_6306,1,636,975,2
LVVVGAGGVGK_0,211029kw_IP_ANolan_C12_1_S1_B8_1_6306,2,636,975,3
LVVVGAGGVGK_103,211029kw_IP_ANolan_C12_1_S1_B8_1_6306,7,636,975,11
LVVVGAGGVGK_46,211029kw_IP_ANolan_C12_1_S1_B8_1_6306,3,636,975,5
VKDSEDVPMVLVGNK_0,211029kw_IP_ANolan_C12_1_S1_B8_1_6306,36,636,975,55
VKDSEDVPMVLVGNK_1,211029kw_IP_ANolan_C12_1_S1_B8_1_6306,6,636,975,9
LVVVGAGGVGK_182,211029kw_IP_ANolan_C12_1_S1_B8_1_6306,1,636,975,2
RVKDSEDVPMVLVGNK_0,211029kw_IP_ANolan_C12_1_S1_B8_1_6306,1,636,975,2
LVVVGAGGVGK_196,211029kw_IP_ANolan_C12_1_S1_B8_1_6306,6,636,975,9
VKDSEDVPMVLVGNKCDLPSR_0,211029kw_IP_ANolan_C12_1_S1_B8_1_6306,16,636,975,25
VKDSEDVPMVLVGNKCDLPSR_1,211029kw_IP_ANolan_C12_1_S1_B8_1_6306,2,636,975,3
LVVVGAGGVGK_78,211029kw_IP_ANolan_C12_1_S1_B8_1_6306,1,636,975,2
LVVVGAGGVGK_115.9,211029kw_IP_ANolan_C12_1_S1_B8_1_6306,1,636,975,2
LVVVGAGGVGK_42,211029kw_IP_ANolan_C12_1_S1_B8_1_6306,1,636,975,2
LVVVGAGGVGK_241,211029kw_IP_ANolan_C12_1_S1_B8_1_6306,2,636,975,3
VKDSEDVPMVLVGNKCDLPSR_156.1,211029kw_IP_ANolan_C12_1_S1_B8_1_6306,3,636,975,5
LVVVGAGGVGK_94,211029kw_IP_ANolan_C12_1_S1_B8_1_6306,1,636,975,2
LVVVGAGGVGK_131.9,211029kw_IP_ANolan_C12_1_S1_B8_1_6306,1,636,975,2
LVVVGAGGVGK_116,211029kw_IP_ANolan_C12_1_S1_B8_1_6306,1,636,975,2
VKDSEDVPMVLVGNK_37.9,211029kw_IP_ANolan_C12_1_S1_B8_1_6306,5,636,975,8
VKDSEDVPMVLVGNK_22,211029kw_IP_ANolan_C12_1_S1_B8_1_6306,4,636,975,6
VKDSEDVPMVLVGNK_38,211029kw_IP_ANolan_C12_1_S1_B8_1_6306,2,636,975,3
VKDSEDVPMVLVGNK_23,211029kw_IP_ANolan_C12_1_S1_B8_1_6306,1,636,975,2
VKDSEDVPMVLVGNK_21.9,211029kw_IP_ANolan_C12_1_S1_B8_1_6306,1,636,975,2
VKDSEDVPMVLVGNK_-17,211029kw_IP_ANolan_C12_1_S1_B8_1_6306,1,636,975,2
VKDSEDVPMVLVGNK_24,211029kw_IP_ANolan_C12_1_S1_B8_1_6306,4,636,975,6
YDPTIEDSYRK_490.2,211029kw_IP_ANolan_C12_1_S1_B8_1_6306,2,636,975,3
VKDSEDVPMVLVGNK_0.1,211029kw_IP_ANolan_C12_1_S1_B8_1_6306,1,636,975,2
VKDSEDVPMVLVGNK_-0.2,211029kw_IP_ANolan_C12_1_S1_B8_1_6306,1,636,975,2
DSEDVPMVLVGNKCDLPSRTVDTK_211.2,211029kw_IP_ANolan_C12_1_S1_B8_1_6306,1,636,975,2
DSEDVPMVLVGNKCDLPSRTVDTK_227.2,211029kw_IP_ANolan_C12_1_S1_B8_1_6306,1,636,975,2
VKDSEDVPMVLVGNKCDLPSR_-25,211029kw_IP_ANolan_C12_1_S1_B8_1_6306,8,636,975,12
VKDSEDVPMVLVGNKCDLPSR_-9,211029kw_IP_ANolan_C12_1_S1_B8_1_6306,6,636,975,9
VKDSEDVPMVLVGNKCDLPSR_28.9,211029kw_IP_ANolan_C12_1_S1_B8_1_6306,1,636,975,2
DSEDVPMVLVGNK_0,211029kw_IP_ANolan_C12_1_S1_B8_1_6306,8,636,975,12
VKDSEDVPMVLVGNKCDLPSR_22,211029kw_IP_ANolan_C12_1_S1_B8_1_6306,1,636,975,2
VKDSEDVPMVLVGNKCDLPSR_37.9,211029kw_IP_ANolan_C12_1_S1_B8_1_6306,4,636,975,6
VKDSEDVPMVLVGNKCDLPSR_-1,211029kw_IP_ANolan_C12_1_S1_B8_1_6306,2,636,975,3
VKDSEDVPMVLVGNKCDLPSR_24,211029kw_IP_ANolan_C12_1_S1_B8_1_6306,2,636,975,3
VKDSEDVPMVLVGNKCDLPSR_23,211029kw_IP_ANolan_C12_1_S1_B8_1_6306,1,636,975,2
VKDSEDVPMVLVGNKCDLPSR_38,211029kw_IP_ANolan_C12_1_S1_B8_1_6306,1,636,975,2
VKDSEDVPMVLVGNKCDLPSR_248,211029kw_IP_ANolan_C12_1_S1_B8_1_6306,1,636,975,2
MTEYKLVVVGAGGVGK_45,211029kw_IP_ANolan_C12_1_S1_B8_1_6306,2,636,975,3
MTEYKLVVVGAGGVGK_87,211029kw_IP_ANolan_C12_1_S1_B8_1_6306,2,636,975,3
LVVVGAGGVGK_212,211029kw_IP_ANolan_C12_1_S1_B8_1_6306,3,636,975,5
VKDSEDVPMVLVGNKCDLPSR_95,211029kw_IP_ANolan_C12_1_S1_B8_1_6306,1,636,975,2
VKDSEDVPMVLVGNKCDLPSR_167,211029kw_IP_ANolan_C12_1_S1_B8_1_6306,2,636,975,3
VKDSEDVPMVLVGNKCDLPSR_138,211029kw_IP_ANolan_C12_1_S1_B8_1_6306,4,636,975,6
VKDSEDVPMVLVGNKCDLPSR_12.9,211029kw_IP_ANolan_C12_1_S1_B8_1_6306,2,636,975,3
LVVVGAGGVGK_268,211029kw_IP_ANolan_C12_1_S1_B8_1_6306,2,636,975,3
VKDSEDVPMVLVGNKCDLPSR_-57,211029kw_IP_ANolan_C12_1_S1_B8_1_6306,1,636,975,2
LVVVGAGGVGK_180,211029kw_IP_ANolan_C12_1_S1_B8_1_6306,1,636,975,2
YDPTIEDSYR_490.2,211029kw_IP_ANolan_C12_1_S1_B8_1_6306,2,636,975,3
VKDSEDVPMVLVGNKCDLPSR_93,211029kw_IP_ANolan_C12_1_S1_B8_1_6306,3,636,975,5
DSEDVPMVLVGNKCDLPSR_0,211029kw_IP_ANolan_C12_1_S1_B8_1_6306,1,636,975,2
DSEDVPMVLVGNK_22,211029kw_IP_ANolan_C12_1_S1_B8_1_6306,1,636,975,2
DSEDVPMVLVGNK_6,211029kw_IP_ANolan_C12_1_S1_B8_1_6306,1,636,975,2
DSEDVPMVLVGNK_37.9,211029kw_IP_ANolan_C12_1_S1_B8_1_6306,1,636,975,2
TRQGVDDAFYTLVR_0,211029kw_IP_ANolan_C12_1_S1_B8_1_6306,7,636,975,11
TRQGVDDAFYTLVR_37.9,211029kw_IP_ANolan_C12_1_S1_B8_1_6306,1,636,975,2
VKDSEDVPMVLVGNKCDLPSR_109,211029kw_IP_ANolan_C12_1_S1_B8_1_6306,3,636,975,5
TRQGVDDAFYTLVR_1,211029kw_IP_ANolan_C12_1_S1_B8_1_6306,2,636,975,3
TRQGVDDAFYTLVR_24,211029kw_IP_ANolan_C12_1_S1_B8_1_6306,3,636,975,5
TRQGVEDAFYTLVR_23.9,211029kw_IP_ANolan_C12_1_S1_B8_1_6306,1,636,975,2
TRQGVDDAFYTLVR_2,211029kw_IP_ANolan_C12_1_S1_B8_1_6306,1,636,975,2
VKDSEDVPMVLVGNK_43,211029kw_IP_ANolan_C12_1_S1_B8_1_6306,3,636,975,5
SYGIPFIETSAK_0,211029kw_IP_ANolan_C12_1_S1_B8_1_6306,10,636,975,15
SYGIPFIETSAK_2,211029kw_IP_ANolan_C12_1_S1_B8_1_6306,6,636,975,9
SYGIPFIETSAK_22,211029kw_IP_ANolan_C12_1_S1_B8_1_6306,2,636,975,3
SYGIPFIETSAK_-4,211029kw_IP_ANolan_C12_1_S1_B8_1_6306,2,636,975,3
SYGIPFIETSAK_3,211029kw_IP_ANolan_C12_1_S1_B8_1_6306,1,636,975,2
TGEGFLCVFAINNTKSFEDIHHYREQIK_156.1,211029kw_IP_ANolan_C12_1_S1_B8_1_6306,4,636,975,6
SYGIPFIETSAK_362.2,211029kw_IP_ANolan_C12_1_S1_B8_1_6306,1,636,975,2
TGEGFLCVFAINNTKSFEDIHQYREQIK_165.1,211029kw_IP_ANolan_C12_1_S1_B8_1_6306,1,636,975,2
QGVDDAFYTLVR_0,211029kw_IP_ANolan_C12_1_S1_B8_1_6306,6,636,975,9
QGVEDAFYTLVR_23.9,211029kw_IP_ANolan_C12_1_S1_B8_1_6306,1,636,975,2
QGVDDAFYTLVR_37.9,211029kw_IP_ANolan_C12_1_S1_B8_1_6306,5,636,975,8
QGVEDAFYTLVR_8,211029kw_IP_ANolan_C12_1_S1_B8_1_6306,1,636,975,2
QGVDDAFYTLVR_-17,211029kw_IP_ANolan_C12_1_S1_B8_1_6306,5,636,975,8
QGVDDAFYTLVR_-18,211029kw_IP_ANolan_C12_1_S1_B8_1_6306,2,636,975,3
QGVEDAFYTLVR_7.9,211029kw_IP_ANolan_C12_1_S1_B8_1_6306,1,636,975,2
QGVDDAFYTLVR_53.9,211029kw_IP_ANolan_C12_1_S1_B8_1_6306,1,636,975,2
QGVEDAFYTLVR_39.9,211029kw_IP_ANolan_C12_1_S1_B8_1_6306,1,636,975,2
TRQGVDDAFYTLVR_424.1,211029kw_IP_ANolan_C12_1_S1_B8_1_6306,1,636,975,2
SALTIQLIQNHFVDEYDPTIEDSYRK_1,211029kw_IP_ANolan_C12_1_S1_B8_1_6306,14,636,975,21
QGVDDAFYTLVR_1,211029kw_IP_ANolan_C12_1_S1_B8_1_6306,1,636,975,2
SALTIQLIQNHFVDEYDPTIEDSYR_128.1,211029kw_IP_ANolan_C12_1_S1_B8_1_6306,1,636,975,2
SALTIQLIQNHFVDEYDPTIEDSYRK_0,211029kw_IP_ANolan_C12_1_S1_B8_1_6306,23,636,975,35
SALTIQLIQNHFVDEYDPTIEDSYRK_37.9,211029kw_IP_ANolan_C12_1_S1_B8_1_6306,12,636,975,18
SALTIQLIQNHFVDEYDPTIEDSYRK_3,211029kw_IP_ANolan_C12_1_S1_B8_1_6306,2,636,975,3
SALTIQLIQNHFVDEYDPTIEDSYRK_38,211029kw_IP_ANolan_C12_1_S1_B8_1_6306,2,636,975,3
SALTIQLIQNHFVDEYDPTIEDSYRK_22,211029kw_IP_ANolan_C12_1_S1_B8_1_6306,10,636,975,15
SALTIQLIQNHFVDEYDPTIEDSYRK_24,211029kw_IP_ANolan_C12_1_S1_B8_1_6306,3,636,975,5
SALTIQLIQNHFVDEYDPTIEDSYRK_23,211029kw_IP_ANolan_C12_1_S1_B8_1_6306,5,636,975,8
SALTIQLIQNHFVDEYDPTIEDSYRK_53.9,211029kw_IP_ANolan_C12_1_S1_B8_1_6306,2,636,975,3
SALTIQLIQNHFVDEYDPTIEDSYRK_75.9,211029kw_IP_ANolan_C12_1_S1_B8_1_6306,1,636,975,2
SALTIQLIQNHFVDEYDPTIEDSYRK_2,211029kw_IP_ANolan_C12_1_S1_B8_1_6306,1,636,975,2
TGEGFLCVFAINNTK_16,211029kw_IP_ANolan_C12_1_S1_B8_1_6306,2,636,975,3
TGEGFLCVFAINNTK_17,211029kw_IP_ANolan_C12_1_S1_B8_1_6306,3,636,975,5
TGEGFLCVFAINNTK_15,211029kw_IP_ANolan_C12_1_S1_B8_1_6306,2,636,975,3
TGEGFLCVFAINNTK_0,211029kw_IP_ANolan_C12_1_S1_B8_1_6306,11,636,975,17
TGEGFLCVFAINNTK_38,211029kw_IP_ANolan_C12_1_S1_B8_1_6306,3,636,975,5
TGEGFLCVFAINNTK_24,211029kw_IP_ANolan_C12_1_S1_B8_1_6306,1,636,975,2
TGEGFLCVFAINNTK_22,211029kw_IP_ANolan_C12_1_S1_B8_1_6306,1,636,975,2
TGEGFLCVFAINNTK_248,211029kw_IP_ANolan_C12_1_S1_B8_1_6306,1,636,975,2
TGEGFLCVFAINNTK_248.1,211029kw_IP_ANolan_C12_1_S1_B8_1_6306,2,636,975,3
SALTIQLIQNHFVDEYDPTIEDSYR_0,211029kw_IP_ANolan_C12_1_S1_B8_1_6306,17,636,975,26
SALTIQLIQNHFVDEYDPTIEDSYR_37.9,211029kw_IP_ANolan_C12_1_S1_B8_1_6306,8,636,975,12
TGEGFLCVFAINNTK_125,211029kw_IP_ANolan_C12_1_S1_B8_1_6306,3,636,975,5
SALTIQLIQNHFVDEYDPTIEDSYR_22,211029kw_IP_ANolan_C12_1_S1_B8_1_6306,6,636,975,9
SALTIQLIQNHFVDEYDPTIEDSYR_38,211029kw_IP_ANolan_C12_1_S1_B8_1_6306,2,636,975,3
SALTIQLIQNHFVDEYDPTIEDSYR_23,211029kw_IP_ANolan_C12_1_S1_B8_1_6306,5,636,975,8
SALTIQLIQNHFVDEYDPTIEDSYR_75.9,211029kw_IP_ANolan_C12_1_S1_B8_1_6306,1,636,975,2
SALTIQLIQNHFVDEYDPTIEDSYR_1,211029kw_IP_ANolan_C12_1_S1_B8_1_6306,7,636,975,11
SALTIQLIQNHFVDEYDPTIEDSYR_24,211029kw_IP_ANolan_C12_1_S1_B8_1_6306,2,636,975,3
SALTIQLIQNHFVDEYDPTIEDSYR_61.9,211029kw_IP_ANolan_C12_1_S1_B8_1_6306,1,636,975,2
TGEGFLCVFAINNTK_1,211029kw_IP_ANolan_C12_1_S1_B8_1_6306,2,636,975,3
SALTIQLIQNHFVDEYDPTIEDSYR_53.9,211029kw_IP_ANolan_C12_1_S1_B8_1_6306,2,636,975,3
TGEGFLCVFAINNTK_25,211029kw_IP_ANolan_C12_1_S1_B8_1_6306,1,636,975,2
SALTIQLIQNHFVDEYDPTIEDSYR_-9.1,211029kw_IP_ANolan_C12_1_S1_B8_1_6306,2,636,975,3
SALTIQLIQNHFVDEYDPTIEDSYR_-9.2,211029kw_IP_ANolan_C12_1_S1_B8_1_6306,2,636,975,3
TGEGFLCVFAINNTK_79,211029kw_IP_ANolan_C12_1_S1_B8_1_6306,1,636,975,2
TGEGFLCVFAINNTK_109,211029kw_IP_ANolan_C12_1_S1_B8_1_6306,5,636,975,8
TGEGFLCVFAINNTK_184,211029kw_IP_ANolan_C12_1_S1_B8_1_6306,1,636,975,2
TGEGFLCVFAINNTK_93,211029kw_IP_ANolan_C12_1_S1_B8_1_6306,6,636,975,9
SALTIQLIQNHFVDEYDPTIEDSYR_-8.2,211029kw_IP_ANolan_C12_1_S1_B8_1_6306,1,636,975,2
TGEGFLCVFAINNTK_-14,211029kw_IP_ANolan_C12_1_S1_B8_1_6306,1,636,975,2
TGEGFLCVFAINNTK_94,211029kw_IP_ANolan_C12_1_S1_B8_1_6306,1,636,975,2
TGEGFLCVFAINNTK_167,211029kw_IP_ANolan_C12_1_S1_B8_1_6306,5,636,975,8
TGEGFLCVFAINNTK_225,211029kw_IP_ANolan_C12_1_S1_B8_1_6306,1,636,975,2
TGEGFLCVFAINNTK_152,211029kw_IP_ANolan_C12_1_S1_B8_1_6306,1,636,975,2
TGEGFLCVFAINNTK_-57,211029kw_IP_ANolan_C12_1_S1_B8_1_6306,2,636,975,3
TGEGFLCVFAINNTK_138,211029kw_IP_ANolan_C12_1_S1_B8_1_6306,5,636,975,8
TGEGFLCVFAINNTK_160,211029kw_IP_ANolan_C12_1_S1_B8_1_6306,3,636,975,5
SALTIQLIQNHFVDEYDPTIEDSYR_2,211029kw_IP_ANolan_C12_1_S1_B8_1_6306,1,636,975,2
QGVDDAFYTLVR_43,211029kw_IP_ANolan_C12_1_S1_B8_1_6306,5,636,975,8
TGEGFLCVFAINNTK_-2,211029kw_IP_ANolan_C12_1_S1_B8_1_6306,1,636,975,2
QGVDDAFYTLVR_5,211029kw_IP_ANolan_C12_1_S1_B8_1_6306,6,636,975,9
QGVEDAFYTLVR_6.9,211029kw_IP_ANolan_C12_1_S1_B8_1_6306,1,636,975,2
QGVEDAFYTLVR_22.9,211029kw_IP_ANolan_C12_1_S1_B8_1_6306,1,636,975,2
TGEGFLCVFAINNTK_96,211029kw_IP_ANolan_C12_1_S1_B8_1_6306,1,636,975,2
TGEGFLCVFAINNTK_61,211029kw_IP_ANolan_C12_1_S1_B8_1_6306,2,636,975,3
TGEGFLCVFAINNTK_90.1,211029kw_IP_ANolan_C12_1_S1_B8_1_6306,1,636,975,2
SALTIQLIQNHFVDEYDPTIEDSYRK_43,211029kw_IP_ANolan_C12_1_S1_B8_1_6306,2,636,975,3
TGEGFLCVFAINNTK_112,211029kw_IP_ANolan_C12_1_S1_B8_1_6306,1,636,975,2
TGEGFLCVFAINNTK_165,211029kw_IP_ANolan_C12_1_S1_B8_1_6306,2,636,975,3
KQVVIDGETCLLDILDTAGQEEYSAMRDQYMR_0,211029kw_IP_ANolan_C12_1_S1_B8_1_6306,10,636,975,15
KQVVIDGETCLLDILDTAGQEEYSAMRDQYMR_1,211029kw_IP_ANolan_C12_1_S1_B8_1_6306,2,636,975,3
TGEGFLCVFAINNTK_45,211029kw_IP_ANolan_C12_1_S1_B8_1_6306,1,636,975,2
TGEGFLCVFAINNTK_77,211029kw_IP_ANolan_C12_1_S1_B8_1_6306,6,636,975,9
TGEGFLCVFAINNTK_80,211029kw_IP_ANolan_C12_1_S1_B8_1_6306,2,636,975,3
KQVVIDGETCLLDILDTAGQEEYSAMR_0,211029kw_IP_ANolan_C12_1_S1_B8_1_6306,18,636,975,28
KQVVIDGETCLLDILDTAGQEEYSAMR_-1,211029kw_IP_ANolan_C12_1_S1_B8_1_6306,2,636,975,3
TGEGFLCVFAINNTK_142,211029kw_IP_ANolan_C12_1_S1_B8_1_6306,1,636,975,2
KQVVIDGETCLLDILDTAGQEEYSAMR_1,211029kw_IP_ANolan_C12_1_S1_B8_1_6306,2,636,975,3
TGEGFLCVFAINNTK_179,211029kw_IP_ANolan_C12_1_S1_B8_1_6306,3,636,975,5
TGEGFLCVFAINNTK_168,211029kw_IP_ANolan_C12_1_S1_B8_1_6306,2,636,975,3
TGEGFLCVFAINNTK_229,211029kw_IP_ANolan_C12_1_S1_B8_1_6306,3,636,975,5
TGEGFLCVFAINNTK_-9,211029kw_IP_ANolan_C12_1_S1_B8_1_6306,2,636,975,3
TGEGFLCVFAINNTK_12.9,211029kw_IP_ANolan_C12_1_S1_B8_1_6306,10,636,975,15
TGEGFLCVFAINNTK_28.9,211029kw_IP_ANolan_C12_1_S1_B8_1_6306,7,636,975,11
TGEGFLCVFAINNTK_14.9,211029kw_IP_ANolan_C12_1_S1_B8_1_6306,1,636,975,2
TGEGFLCVFAINNTK_13.9,211029kw_IP_ANolan_C12_1_S1_B8_1_6306,1,636,975,2
TGEGFLCVFAINNTK_-25,211029kw_IP_ANolan_C12_1_S1_B8_1_6306,5,636,975,8
TGEGFLCVFAINNTK_-3.1,211029kw_IP_ANolan_C12_1_S1_B8_1_6306,3,636,975,5
TGEGFLCVFAINNTK_-3,211029kw_IP_ANolan_C12_1_S1_B8_1_6306,1,636,975,2
QVVIDGETCLLDILDTAGQEEYSAMRDQYMR_0,211029kw_IP_ANolan_C12_1_S1_B8_1_6306,11,636,975,17
KQVVIDGETCLLDILDTAGQEEYSAMR_37.9,211029kw_IP_ANolan_C12_1_S1_B8_1_6306,1,636,975,2
KQVVIDGETCLLDILDTAGQEEYSAMR_23,211029kw_IP_ANolan_C12_1_S1_B8_1_6306,4,636,975,6
KQVVIDGETCLLDILDTAGQEEYSAMR_2,211029kw_IP_ANolan_C12_1_S1_B8_1_6306,3,636,975,5
KQVVIDGETCLLDILDTAGQEEYSAMR_21.9,211029kw_IP_ANolan_C12_1_S1_B8_1_6306,1,636,975,2
KQVVIDGETCLLDILDTAGQEEYSAMR_24,211029kw_IP_ANolan_C12_1_S1_B8_1_6306,2,636,975,3
KQVVIDGETCLLDILDTAGQEEYSAMR_38,211029kw_IP_ANolan_C12_1_S1_B8_1_6306,1,636,975,2
TGEGFLCVFAINNTK_6.9,211029kw_IP_ANolan_C12_1_S1_B8_1_6306,2,636,975,3
QVVIDGETCLLDILDTAGQEEYSAMR_1,211029kw_IP_ANolan_C12_1_S1_B8_1_6306,6,636,975,9
QVVIDGETCLLDILDTAGQEEYSAMR_0,211029kw_IP_ANolan_C12_1_S1_B8_1_6306,7,636,975,11
QVVIDGETCLLDILDTAGQEEYSAMR_22,211029kw_IP_ANolan_C12_1_S1_B8_1_6306,4,636,975,6
QVVIDGETCLLDILDTAGQEEYSAMR_-25,211029kw_IP_ANolan_C12_1_S1_B8_1_6306,1,636,975,2
QVVIDGETCLLDILDTAGQEEYSAMRDQYMR_22,211029kw_IP_ANolan_C12_1_S1_B8_1_6306,1,636,975,2
QVVIDGETCLLDILDTAGQEEYSAMR_37.9,211029kw_IP_ANolan_C12_1_S1_B8_1_6306,1,636,975,2
QVVIDGETCLLDILDTAGQEEYSAMRDQYMR_-17,211029kw_IP_ANolan_C12_1_S1_B8_1_6306,6,636,975,9
QVVIDGETCLLDILDTAGQEEYSAMR_-17,211029kw_IP_ANolan_C12_1_S1_B8_1_6306,5,636,975,8
QVVIDGETCLLDILDTAGQEEYSAMR_-1,211029kw_IP_ANolan_C12_1_S1_B8_1_6306,1,636,975,2
QVVIDGETCLLDILDTAGQEEYSAMR_-16,211029kw_IP_ANolan_C12_1_S1_B8_1_6306,2,636,975,3
TVDTKQAQDLAR_0,211029kw_IP_ANolan_C12_2_S1_B10_1_6308,2,630,975,3
SFEDIHHYR_0,211029kw_IP_ANolan_C12_2_S1_B10_1_6308,73,630,975,113
SFEDIHHYR_-87,211029kw_IP_ANolan_C12_2_S1_B10_1_6308,2,630,975,3
SFEDIHHYR_22,211029kw_IP_ANolan_C12_2_S1_B10_1_6308,1,630,975,2
SFEDIHHYREQIKR_0,211029kw_IP_ANolan_C12_2_S1_B10_1_6308,9,630,975,14
SFEDIHHYREQIK_0,211029kw_IP_ANolan_C12_2_S1_B10_1_6308,1,630,975,2
LVVVGAGGVGK_103,211029kw_IP_ANolan_C12_2_S1_B10_1_6308,5,630,975,8
LVVVGAGGVGK_351.1,211029kw_IP_ANolan_C12_2_S1_B10_1_6308,1,630,975,2
VKDSEDVPMVLVGNK_0,211029kw_IP_ANolan_C12_2_S1_B10_1_6308,40,630,975,62
VKDSEDVPMVLVGNK_38,211029kw_IP_ANolan_C12_2_S1_B10_1_6308,2,630,975,3
VKDSEDVPMVLVGNK_1,211029kw_IP_ANolan_C12_2_S1_B10_1_6308,6,630,975,9
LVVVGAGGVGK_182,211029kw_IP_ANolan_C12_2_S1_B10_1_6308,2,630,975,3
RVKDSEDVPMVLVGNK_0,211029kw_IP_ANolan_C12_2_S1_B10_1_6308,2,630,975,3
LVVVGAGGVGK_198,211029kw_IP_ANolan_C12_2_S1_B10_1_6308,1,630,975,2
VKDSEDVPMVLVGNKCDLPSR_0,211029kw_IP_ANolan_C12_2_S1_B10_1_6308,18,630,975,28
LVVVGAGGVGK_115.9,211029kw_IP_ANolan_C12_2_S1_B10_1_6308,2,630,975,3
LVVVGAGGVGK_241,211029kw_IP_ANolan_C12_2_S1_B10_1_6308,2,630,975,3
VKDSEDVPMVLVGNKCDLPSR_156.1,211029kw_IP_ANolan_C12_2_S1_B10_1_6308,1,630,975,2
LVVVGAGGVGK_116,211029kw_IP_ANolan_C12_2_S1_B10_1_6308,1,630,975,2
LVVVGAGGVGK_94,211029kw_IP_ANolan_C12_2_S1_B10_1_6308,2,630,975,3
LVVVGAGGVGK_131.9,211029kw_IP_ANolan_C12_2_S1_B10_1_6308,2,630,975,3
VKDSEDVPMVLVGNK_-1,211029kw_IP_ANolan_C12_2_S1_B10_1_6308,1,630,975,2
VKDSEDVPMVLVGNK_37.9,211029kw_IP_ANolan_C12_2_S1_B10_1_6308,5,630,975,8
VKDSDDVPMVLVGNK_36,211029kw_IP_ANolan_C12_2_S1_B10_1_6308,1,630,975,2
VKDSEDVPMVLVGNK_22,211029kw_IP_ANolan_C12_2_S1_B10_1_6308,3,630,975,5
VKDSEDVPMVLVGNK_23,211029kw_IP_ANolan_C12_2_S1_B10_1_6308,2,630,975,3
VKDSEDVPMVLVGNK_-17,211029kw_IP_ANolan_C12_2_S1_B10_1_6308,2,630,975,3
VKDSEDVPMVLVGNK_24,211029kw_IP_ANolan_C12_2_S1_B10_1_6308,3,630,975,5
VKDSEDVPMVLVGNK_6,211029kw_IP_ANolan_C12_2_S1_B10_1_6308,2,630,975,3
VKDSDDVPMVLVGNK_38,211029kw_IP_ANolan_C12_2_S1_B10_1_6308,1,630,975,2
VKDSEDVPMVLVGNK_53.9,211029kw_IP_ANolan_C12_2_S1_B10_1_6308,1,630,975,2
DSEDVPMVLVGNKCDLPSRTVDTK_227.2,211029kw_IP_ANolan_C12_2_S1_B10_1_6308,2,630,975,3
VKDSEDVPMVLVGNKCDLPSR_-25,211029kw_IP_ANolan_C12_2_S1_B10_1_6308,9,630,975,14
VKDSEDVPMVLVGNKCDLPSR_-9,211029kw_IP_ANolan_C12_2_S1_B10_1_6308,6,630,975,9
VKDSEDVPMVLVGNKCDLPSR_-9.1,211029kw_IP_ANolan_C12_2_S1_B10_1_6308,1,630,975,2
LVVVGAGGVGK_196,211029kw_IP_ANolan_C12_2_S1_B10_1_6308,3,630,975,5
DSEDVPMVLVGNK_1,211029kw_IP_ANolan_C12_2_S1_B10_1_6308,1,630,975,2
VKDSEDVPMVLVGNK_0.9,211029kw_IP_ANolan_C12_2_S1_B10_1_6308,1,630,975,2
VKDSEDVPMVLVGNKCDLPSR_37.9,211029kw_IP_ANolan_C12_2_S1_B10_1_6308,3,630,975,5
VKDSEDVPMVLVGNKCDLPSR_-1,211029kw_IP_ANolan_C12_2_S1_B10_1_6308,1,630,975,2
VKDSEDVPMVLVGNKCDLPSR_3,211029kw_IP_ANolan_C12_2_S1_B10_1_6308,1,630,975,2
VKDSEDVPMVLVGNKCDLPSR_23,211029kw_IP_ANolan_C12_2_S1_B10_1_6308,1,630,975,2
VKDSEDVPMVLVGNKCDLPSR_248,211029kw_IP_ANolan_C12_2_S1_B10_1_6308,1,630,975,2
VKDSEDVPMVLVGNKCDLPSR_-57,211029kw_IP_ANolan_C12_2_S1_B10_1_6308,1,630,975,2
MTEYKLVVVGAGGVGK_87,211029kw_IP_ANolan_C12_2_S1_B10_1_6308,3,630,975,5
MTEYKLVVVGAGGVGK_45,211029kw_IP_ANolan_C12_2_S1_B10_1_6308,2,630,975,3
TEYKLVVVGAGGVGK_218.1,211029kw_IP_ANolan_C12_2_S1_B10_1_6308,1,630,975,2
LVVVGAGGVGK_212,211029kw_IP_ANolan_C12_2_S1_B10_1_6308,2,630,975,3
VKDSEDVPMVLVGNKCDLPSR_95,211029kw_IP_ANolan_C12_2_S1_B10_1_6308,1,630,975,2
VKDSEDVPMVLVGNKCDLPSR_138,211029kw_IP_ANolan_C12_2_S1_B10_1_6308,1,630,975,2
VKDSEDVPMVLVGNKCDLPSR_12.9,211029kw_IP_ANolan_C12_2_S1_B10_1_6308,1,630,975,2
LVVVGAGGVGK_268,211029kw_IP_ANolan_C12_2_S1_B10_1_6308,1,630,975,2
VKDSEDVPMVLVGNKCDLPSR_28.9,211029kw_IP_ANolan_C12_2_S1_B10_1_6308,1,630,975,2
LVVVGAGGVGK_180,211029kw_IP_ANolan_C12_2_S1_B10_1_6308,1,630,975,2
YDPTIEDSYR_490.2,211029kw_IP_ANolan_C12_2_S1_B10_1_6308,1,630,975,2
VKDSEDVPMVLVGNKCDLPSR_93,211029kw_IP_ANolan_C12_2_S1_B10_1_6308,5,630,975,8
DSEDVPMVLVGNK_0,211029kw_IP_ANolan_C12_2_S1_B10_1_6308,4,630,975,6
DSEDVPMVLVGNKCDLPSR_0,211029kw_IP_ANolan_C12_2_S1_B10_1_6308,3,630,975,5
DSEDVPMVLVGNK_38,211029kw_IP_ANolan_C12_2_S1_B10_1_6308,2,630,975,3
DSEDVPMVLVGNK_37.9,211029kw_IP_ANolan_C12_2_S1_B10_1_6308,1,630,975,2
TRQGVDDAFYTLVR_0,211029kw_IP_ANolan_C12_2_S1_B10_1_6308,10,630,975,15
TRQGVDDAFYTLVR_37.9,211029kw_IP_ANolan_C12_2_S1_B10_1_6308,2,630,975,3
TRQGVDDAFYTLVR_1,211029kw_IP_ANolan_C12_2_S1_B10_1_6308,2,630,975,3
VKDSEDVPMVLVGNKCDLPSR_109,211029kw_IP_ANolan_C12_2_S1_B10_1_6308,1,630,975,2
TRQGVDDAFYTLVR_24,211029kw_IP_ANolan_C12_2_S1_B10_1_6308,1,630,975,2
VKDSEDVPMVLVGNK_43,211029kw_IP_ANolan_C12_2_S1_B10_1_6308,2,630,975,3
SYGIPFIETSAK_0,211029kw_IP_ANolan_C12_2_S1_B10_1_6308,10,630,975,15
TGEGFLCVFAINNTK_408.2,211029kw_IP_ANolan_C12_2_S1_B10_1_6308,1,630,975,2
SYGIPFIETSAK_2,211029kw_IP_ANolan_C12_2_S1_B10_1_6308,4,630,975,6
SYGIPFIETSAK_-4,211029kw_IP_ANolan_C12_2_S1_B10_1_6308,1,630,975,2
SYGIPFIETSAK_22,211029kw_IP_ANolan_C12_2_S1_B10_1_6308,2,630,975,3
TGEGFLCVFAINNTKSFEDIHHYREQIK_156.1,211029kw_IP_ANolan_C12_2_S1_B10_1_6308,1,630,975,2
SYGIPFIETSAK_-1,211029kw_IP_ANolan_C12_2_S1_B10_1_6308,1,630,975,2
QGVDDAFYTLVR_0,211029kw_IP_ANolan_C12_2_S1_B10_1_6308,5,630,975,8
QGVDDAFYTLVR_37.9,211029kw_IP_ANolan_C12_2_S1_B10_1_6308,4,630,975,6
QGVEDAFYTLVR_8,211029kw_IP_ANolan_C12_2_S1_B10_1_6308,2,630,975,3
QGVEDAFYTLVR_23.9,211029kw_IP_ANolan_C12_2_S1_B10_1_6308,1,630,975,2
QGVDDAFYTLVR_-17,211029kw_IP_ANolan_C12_2_S1_B10_1_6308,8,630,975,12
QGVDDAFYTLVR_-18,211029kw_IP_ANolan_C12_2_S1_B10_1_6308,1,630,975,2
QGVEDAFYTLVR_9,211029kw_IP_ANolan_C12_2_S1_B10_1_6308,1,630,975,2
QGVDDAFYTLVR_53.9,211029kw_IP_ANolan_C12_2_S1_B10_1_6308,2,630,975,3
QGVEDAFYTLVR_39.9,211029kw_IP_ANolan_C12_2_S1_B10_1_6308,1,630,975,2
QGVDDAFYTLVR_3,211029kw_IP_ANolan_C12_2_S1_B10_1_6308,1,630,975,2
SALTIQLIQNHFVDEYDPTIEDSYRK_1,211029kw_IP_ANolan_C12_2_S1_B10_1_6308,9,630,975,14
QGVDDAFYTLVR_1,211029kw_IP_ANolan_C12_2_S1_B10_1_6308,1,630,975,2
SALTIQLIQNHFVDEYDPTIEDSYR_128,211029kw_IP_ANolan_C12_2_S1_B10_1_6308,1,630,975,2
SALTIQLIQNHFVDEYDPTIEDSYRK_0,211029kw_IP_ANolan_C12_2_S1_B10_1_6308,22,630,975,34
SALTIQLIQNHFVDEYDPTIEDSYRK_37.9,211029kw_IP_ANolan_C12_2_S1_B10_1_6308,11,630,975,17
SALTIQLIQNHFVDEYDPTIEDSYRK_22,211029kw_IP_ANolan_C12_2_S1_B10_1_6308,9,630,975,14
SALTIQLIQNHFVDEYDPTIEDSYRK_38,211029kw_IP_ANolan_C12_2_S1_B10_1_6308,4,630,975,6
SALTIQLIQNHFVDEYDPTIEDSYRK_75.9,211029kw_IP_ANolan_C12_2_S1_B10_1_6308,1,630,975,2
SALTIQLIQNHFVDEYDPTIEDSYRK_23,211029kw_IP_ANolan_C12_2_S1_B10_1_6308,5,630,975,8
SALTIQLIQNHFVDEYDPTIEDSYRK_3,211029kw_IP_ANolan_C12_2_S1_B10_1_6308,2,630,975,3
SALTIQLIQNHFVDEYDPTIEDSYRK_24,211029kw_IP_ANolan_C12_2_S1_B10_1_6308,2,630,975,3
SALTIQLIQNHFVDEYDPTIEDSYRK_53.9,211029kw_IP_ANolan_C12_2_S1_B10_1_6308,1,630,975,2
SALTIQLIQNHFVDEYDPTIEDSYRK_-1,211029kw_IP_ANolan_C12_2_S1_B10_1_6308,1,630,975,2
SALTIQLIQNHFVDEYDPTIEDSYRK_39,211029kw_IP_ANolan_C12_2_S1_B10_1_6308,1,630,975,2
TGEGFLCVFAINNTK_15,211029kw_IP_ANolan_C12_2_S1_B10_1_6308,2,630,975,3
TGEGFLCVFAINNTK_109,211029kw_IP_ANolan_C12_2_S1_B10_1_6308,7,630,975,11
TGEGFLCVFAINNTK_0,211029kw_IP_ANolan_C12_2_S1_B10_1_6308,13,630,975,20
TGEGFLCVFAINNTK_38,211029kw_IP_ANolan_C12_2_S1_B10_1_6308,1,630,975,2
TGEGFLCVFAINNTK_24,211029kw_IP_ANolan_C12_2_S1_B10_1_6308,1,630,975,2
TGEGFLCVFAINNTK_37.9,211029kw_IP_ANolan_C12_2_S1_B10_1_6308,1,630,975,2
TGEGFLCVFAINNTK_1,211029kw_IP_ANolan_C12_2_S1_B10_1_6308,2,630,975,3
TGEGFLCVFAINNTK_248,211029kw_IP_ANolan_C12_2_S1_B10_1_6308,2,630,975,3
SALTIQLIQNHFVDEYDPTIEDSYR_0,211029kw_IP_ANolan_C12_2_S1_B10_1_6308,13,630,975,20
SALTIQLIQNHFVDEYDPTIEDSYR_37.9,211029kw_IP_ANolan_C12_2_S1_B10_1_6308,6,630,975,9
SALTIQLIQNHFVDEYDPTIEDSYR_23,211029kw_IP_ANolan_C12_2_S1_B10_1_6308,5,630,975,8
TGEGFLCVFAINNTK_125,211029kw_IP_ANolan_C12_2_S1_B10_1_6308,2,630,975,3
SALTIQLIQNHFVDEYDPTIEDSYR_22,211029kw_IP_ANolan_C12_2_S1_B10_1_6308,8,630,975,12
SALTIQLIQNHFVDEYDPTIEDSYR_38,211029kw_IP_ANolan_C12_2_S1_B10_1_6308,3,630,975,5
SALTIQLIQNHFVDEYDPTIEDSYR_75.9,211029kw_IP_ANolan_C12_2_S1_B10_1_6308,2,630,975,3
SALTIQLIQNHFVDEYDPTIEDSYR_1,211029kw_IP_ANolan_C12_2_S1_B10_1_6308,7,630,975,11
TGEGFLCVFAINNTK_25,211029kw_IP_ANolan_C12_2_S1_B10_1_6308,1,630,975,2
SALTIQLIQNHFVDEYDPTIEDSYR_-76.1,211029kw_IP_ANolan_C12_2_S1_B10_1_6308,1,630,975,2
TGEGFLCVFAINNTK_79,211029kw_IP_ANolan_C12_2_S1_B10_1_6308,2,630,975,3
SALTIQLIQNHFVDEYDPTIEDSYR_24,211029kw_IP_ANolan_C12_2_S1_B10_1_6308,2,630,975,3
SALTIQLIQNHFVDEYDPTIEDSYR_-9.2,211029kw_IP_ANolan_C12_2_S1_B10_1_6308,2,630,975,3
SALTIQLIQNHFVDEYDPTIEDSYR_53.9,211029kw_IP_ANolan_C12_2_S1_B10_1_6308,1,630,975,2
TGEGFLCVFAINNTK_184,211029kw_IP_ANolan_C12_2_S1_B10_1_6308,4,630,975,6
TGEGFLCVFAINNTK_-14,211029kw_IP_ANolan_C12_2_S1_B10_1_6308,1,630,975,2
TGEGFLCVFAINNTK_167,211029kw_IP_ANolan_C12_2_S1_B10_1_6308,2,630,975,3
TGEGFLCVFAINNTK_93,211029kw_IP_ANolan_C12_2_S1_B10_1_6308,5,630,975,8
TGEGFLCVFAINNTK_6,211029kw_IP_ANolan_C12_2_S1_B10_1_6308,1,630,975,2
SALTIQLIQNHFVDEYDPTIEDSYR_2.9,211029kw_IP_ANolan_C12_2_S1_B10_1_6308,1,630,975,2
TGEGFLCVFAINNTK_152,211029kw_IP_ANolan_C12_2_S1_B10_1_6308,1,630,975,2
TGEGFLCVFAINNTK_-57,211029kw_IP_ANolan_C12_2_S1_B10_1_6308,3,630,975,5
TGEGFLCVFAINNTK_138,211029kw_IP_ANolan_C12_2_S1_B10_1_6308,4,630,975,6
TGEGFLCVFAINNTK_160,211029kw_IP_ANolan_C12_2_S1_B10_1_6308,1,630,975,2
QGVDDAFYTLVR_43,211029kw_IP_ANolan_C12_2_S1_B10_1_6308,2,630,975,3
TGEGFLCVFAINNTK_-2,211029kw_IP_ANolan_C12_2_S1_B10_1_6308,2,630,975,3
QGVDDAFYTLVR_5,211029kw_IP_ANolan_C12_2_S1_B10_1_6308,5,630,975,8
QGVEDAFYTLVR_6.9,211029kw_IP_ANolan_C12_2_S1_B10_1_6308,1,630,975,2
QGVDDAFYTLVR_6.9,211029kw_IP_ANolan_C12_2_S1_B10_1_6308,1,630,975,2
TGEGFLCVFAINNTK_61,211029kw_IP_ANolan_C12_2_S1_B10_1_6308,2,630,975,3
TGEGFLCVFAINNTK_177,211029kw_IP_ANolan_C12_2_S1_B10_1_6308,1,630,975,2
TGEGFLCVFAINNTK_90.1,211029kw_IP_ANolan_C12_2_S1_B10_1_6308,1,630,975,2
SALTIQLIQNHFVDEYDPTIEDSYRK_43,211029kw_IP_ANolan_C12_2_S1_B10_1_6308,2,630,975,3
TGEGFLCVFAINNTK_112,211029kw_IP_ANolan_C12_2_S1_B10_1_6308,1,630,975,2
TGEGFLCVFAINNTK_165,211029kw_IP_ANolan_C12_2_S1_B10_1_6308,1,630,975,2
KQVVIDGETCLLDILDTAGQEEYSAMRDQYMR_0,211029kw_IP_ANolan_C12_2_S1_B10_1_6308,12,630,975,19
TGEGFLCVFAINNTK_77,211029kw_IP_ANolan_C12_2_S1_B10_1_6308,4,630,975,6
TGEGFLCVFAINNTK_80,211029kw_IP_ANolan_C12_2_S1_B10_1_6308,1,630,975,2
KQVVIDGETCLLDILDTAGQEEYSAMR_0,211029kw_IP_ANolan_C12_2_S1_B10_1_6308,13,630,975,20
KQVVIDGETCLLDILDTAGQEEYSAMR_-1,211029kw_IP_ANolan_C12_2_S1_B10_1_6308,1,630,975,2
TGEGFLCVFAINNTK_168,211029kw_IP_ANolan_C12_2_S1_B10_1_6308,2,630,975,3
TGEGFLCVFAINNTK_229,211029kw_IP_ANolan_C12_2_S1_B10_1_6308,1,630,975,2
TGEGFLCVFAINNTK_-9,211029kw_IP_ANolan_C12_2_S1_B10_1_6308,2,630,975,3
TGEGFLCVFAINNTK_28.9,211029kw_IP_ANolan_C12_2_S1_B10_1_6308,8,630,975,12
TGEGFLCVFAINNTK_12.9,211029kw_IP_ANolan_C12_2_S1_B10_1_6308,11,630,975,17
QVVIDGETCLLDILDTAGQEEYSAMR_57,211029kw_IP_ANolan_C12_2_S1_B10_1_6308,1,630,975,2
TGEGFLCVFAINNTK_-25,211029kw_IP_ANolan_C12_2_S1_B10_1_6308,4,630,975,6
TGEGFLCVFAINNTK_-3,211029kw_IP_ANolan_C12_2_S1_B10_1_6308,2,630,975,3
TGEGFLCVFAINNTK_-3.1,211029kw_IP_ANolan_C12_2_S1_B10_1_6308,6,630,975,9
KQVVIDGETCLLDILDTAGQEEYSAMR_37.9,211029kw_IP_ANolan_C12_2_S1_B10_1_6308,4,630,975,6
KQVVIDGETCLLDILDTAGQEEYSAMR_38.9,211029kw_IP_ANolan_C12_2_S1_B10_1_6308,1,630,975,2
KQVVIDGETCLLDILDTAGQEEYSAMR_2,211029kw_IP_ANolan_C12_2_S1_B10_1_6308,2,630,975,3
KQVVIDGETCLLDILDTAGQEEYSAMR_22,211029kw_IP_ANolan_C12_2_S1_B10_1_6308,3,630,975,5
KQVVIDGETCLLDILDTAGQEEYSAMR_24,211029kw_IP_ANolan_C12_2_S1_B10_1_6308,1,630,975,2
QVVIDGETCLLDILDTAGQEEYSAMRDQYMR_0,211029kw_IP_ANolan_C12_2_S1_B10_1_6308,6,630,975,9
KQVVIDGETCLLDILDTAGQEEYSAMR_23,211029kw_IP_ANolan_C12_2_S1_B10_1_6308,2,630,975,3
KQVVIDGETCLLDILDTAGQEEYSAMR_1,211029kw_IP_ANolan_C12_2_S1_B10_1_6308,1,630,975,2
KQVVIDGETCLLDILDTAGQEEYSAMRDQYMR_1,211029kw_IP_ANolan_C12_2_S1_B10_1_6308,1,630,975,2
TGEGFLCVFAINNTK_6.9,211029kw_IP_ANolan_C12_2_S1_B10_1_6308,1,630,975,2
TGEGFLCVFAINNTK_44.9,211029kw_IP_ANolan_C12_2_S1_B10_1_6308,1,630,975,2
QVVIDGETCLLDILDTAGQEEYSAMR_0,211029kw_IP_ANolan_C12_2_S1_B10_1_6308,7,630,975,11
QVVIDGETCLLDILDTAGQEEYSAMR_22,211029kw_IP_ANolan_C12_2_S1_B10_1_6308,1,630,975,2
QVVIDGETCLLDILDTAGQEEYSAMR_1,211029kw_IP_ANolan_C12_2_S1_B10_1_6308,2,630,975,3
QVVIDGETCLLDILDTAGQEEYSAMR_38,211029kw_IP_ANolan_C12_2_S1_B10_1_6308,1,630,975,2
QVVIDGETCLLDILDTAGQEEYSAMR_37.9,211029kw_IP_ANolan_C12_2_S1_B10_1_6308,1,630,975,2
QVVIDGETCLLDILDTAGQEEYSAMRDQYMR_-17,211029kw_IP_ANolan_C12_2_S1_B10_1_6308,1,630,975,2
QVVIDGETCLLDILDTAGQEEYSAMR_-17,211029kw_IP_ANolan_C12_2_S1_B10_1_6308,6,630,975,9
QVVIDGETCLLDILDTAGQEEYSAMR_-16,211029kw_IP_ANolan_C12_2_S1_B10_1_6308,3,630,975,5
TVDTKQAQDLAR_0,211029kw_IP_ANolan_C12_2_S1_B9_1_6307,3,670,975,4
SFEDIHHYR_0,211029kw_IP_ANolan_C12_2_S1_B9_1_6307,42,670,975,61
SFEDIHHYR_-87,211029kw_IP_ANolan_C12_2_S1_B9_1_6307,1,670,975,1
SFEDIHHYR_37.9,211029kw_IP_ANolan_C12_2_S1_B9_1_6307,2,670,975,3
SFEDIHHYR_3,211029kw_IP_ANolan_C12_2_S1_B9_1_6307,1,670,975,1
SFEDIHHYR_0.1,211029kw_IP_ANolan_C12_2_S1_B9_1_6307,1,670,975,1
SFEDIHHYR_22,211029kw_IP_ANolan_C12_2_S1_B9_1_6307,1,670,975,1
SFEDIHHYR_-18,211029kw_IP_ANolan_C12_2_S1_B9_1_6307,1,670,975,1
SFEDIHHYREQIKR_0,211029kw_IP_ANolan_C12_2_S1_B9_1_6307,6,670,975,9
SFEDIHHYREQIK_0,211029kw_IP_ANolan_C12_2_S1_B9_1_6307,1,670,975,1
LVVVGAGGVGK_-0.1,211029kw_IP_ANolan_C12_2_S1_B9_1_6307,1,670,975,1
LVVVGAGGVGK_103,211029kw_IP_ANolan_C12_2_S1_B9_1_6307,8,670,975,12
VKDSEDVPMVLVGNK_0,211029kw_IP_ANolan_C12_2_S1_B9_1_6307,34,670,975,49
VKDSEDVPMVLVGNK_53.9,211029kw_IP_ANolan_C12_2_S1_B9_1_6307,2,670,975,3
VKDSEDVPMVLVGNK_1,211029kw_IP_ANolan_C12_2_S1_B9_1_6307,8,670,975,12
VKDSEDVPMVLVGNK_2,211029kw_IP_ANolan_C12_2_S1_B9_1_6307,1,670,975,1
LVVVGAGGVGK_182,211029kw_IP_ANolan_C12_2_S1_B9_1_6307,2,670,975,3
RVKDSEDVPMVLVGNK_0,211029kw_IP_ANolan_C12_2_S1_B9_1_6307,1,670,975,1
VKDSEDVPMVLVGNKCDLPSR_0,211029kw_IP_ANolan_C12_2_S1_B9_1_6307,22,670,975,32
LVVVGAGGVGK_241,211029kw_IP_ANolan_C12_2_S1_B9_1_6307,2,670,975,3
LVVVGAGGVGK_115.9,211029kw_IP_ANolan_C12_2_S1_B9_1_6307,1,670,975,1
VKDSEDVPMVLVGNKCDLPSR_156.1,211029kw_IP_ANolan_C12_2_S1_B9_1_6307,2,670,975,3
LVVVGAGGVGK_94,211029kw_IP_ANolan_C12_2_S1_B9_1_6307,1,670,975,1
LVVVGAGGVGK_116,211029kw_IP_ANolan_C12_2_S1_B9_1_6307,1,670,975,1
LVVVGAGGVGK_131.9,211029kw_IP_ANolan_C12_2_S1_B9_1_6307,1,670,975,1
VKDSEDVPMVLVGNK_22,211029kw_IP_ANolan_C12_2_S1_B9_1_6307,7,670,975,10
VKDSDDVPMVLVGNK_52,211029kw_IP_ANolan_C12_2_S1_B9_1_6307,1,670,975,1
VKDSEDVPMVLVGNK_38,211029kw_IP_ANolan_C12_2_S1_B9_1_6307,2,670,975,3
VKDSEDVPMVLVGNK_21.9,211029kw_IP_ANolan_C12_2_S1_B9_1_6307,1,670,975,1
VKDSEDVPMVLVGNK_-17,211029kw_IP_ANolan_C12_2_S1_B9_1_6307,2,670,975,3
VKDSEDVPMVLVGNK_23,211029kw_IP_ANolan_C12_2_S1_B9_1_6307,2,670,975,3
VKDSEDVPMVLVGNK_24,211029kw_IP_ANolan_C12_2_S1_B9_1_6307,2,670,975,3
VKDSEDVPMVLVGNK_37.9,211029kw_IP_ANolan_C12_2_S1_B9_1_6307,4,670,975,6
YDPTIEDSYRK_490.2,211029kw_IP_ANolan_C12_2_S1_B9_1_6307,1,670,975,1
VKDSDDVPMVLVGNK_38,211029kw_IP_ANolan_C12_2_S1_B9_1_6307,1,670,975,1
VKDSEDVPMVLVGNK_-15.2,211029kw_IP_ANolan_C12_2_S1_B9_1_6307,1,670,975,1
DSEDVPMVLVGNKCDLPSRTVDTK_227.2,211029kw_IP_ANolan_C12_2_S1_B9_1_6307,2,670,975,3
VKDSEDVPMVLVGNKCDLPSR_-25,211029kw_IP_ANolan_C12_2_S1_B9_1_6307,10,670,975,15
LVVVGAGGVGK_164,211029kw_IP_ANolan_C12_2_S1_B9_1_6307,2,670,975,3
VKDSEDVPMVLVGNKCDLPSR_-9,211029kw_IP_ANolan_C12_2_S1_B9_1_6307,4,670,975,6
LVVVGAGGVGK_196,211029kw_IP_ANolan_C12_2_S1_B9_1_6307,4,670,975,6
DSEDVPMVLVGNK_0,211029kw_IP_ANolan_C12_2_S1_B9_1_6307,9,670,975,13
VKDSEDVPMVLVGNKCDLPSR_38,211029kw_IP_ANolan_C12_2_S1_B9_1_6307,2,670,975,3
VKDSEDVPMVLVGNKCDLPSR_37.9,211029kw_IP_ANolan_C12_2_S1_B9_1_6307,2,670,975,3
VKDSEDVPMVLVGNKCDLPSR_-1,211029kw_IP_ANolan_C12_2_S1_B9_1_6307,1,670,975,1
VKDSEDVPMVLVGNKCDLPSR_23,211029kw_IP_ANolan_C12_2_S1_B9_1_6307,2,670,975,3
VKDSEDVPMVLVGNKCDLPSR_6,211029kw_IP_ANolan_C12_2_S1_B9_1_6307,1,670,975,1
VKDSEDVPMVLVGNKCDLPSR_24,211029kw_IP_ANolan_C12_2_S1_B9_1_6307,1,670,975,1
VKDSEDVPMVLVGNKCDLPSR_3,211029kw_IP_ANolan_C12_2_S1_B9_1_6307,1,670,975,1
MTEYKLVVVGAGGVGK_87,211029kw_IP_ANolan_C12_2_S1_B9_1_6307,5,670,975,7
MTEYKLVVVGAGGVGK_45,211029kw_IP_ANolan_C12_2_S1_B9_1_6307,1,670,975,1
LVVVGAGGVGK_212,211029kw_IP_ANolan_C12_2_S1_B9_1_6307,2,670,975,3
VKDSEDVPMVLVGNKCDLPSR_95,211029kw_IP_ANolan_C12_2_S1_B9_1_6307,1,670,975,1
VKDSEDVPMVLVGNKCDLPSR_138,211029kw_IP_ANolan_C12_2_S1_B9_1_6307,2,670,975,3
VKDSEDVPMVLVGNKCDLPSR_12.9,211029kw_IP_ANolan_C12_2_S1_B9_1_6307,2,670,975,3
LVVVGAGGVGK_268,211029kw_IP_ANolan_C12_2_S1_B9_1_6307,2,670,975,3
VKDSEDVPMVLVGNKCDLPSR_-8,211029kw_IP_ANolan_C12_2_S1_B9_1_6307,2,670,975,3
VKDSEDVPMVLVGNKCDLPSR_28.9,211029kw_IP_ANolan_C12_2_S1_B9_1_6307,1,670,975,1
VKDSEDVPMVLVGNKCDLPSR_-57,211029kw_IP_ANolan_C12_2_S1_B9_1_6307,1,670,975,1
LVVVGAGGVGK_180,211029kw_IP_ANolan_C12_2_S1_B9_1_6307,2,670,975,3
YDPTIEDSYR_490.2,211029kw_IP_ANolan_C12_2_S1_B9_1_6307,3,670,975,4
VKDSEDVPMVLVGNKCDLPSR_92.9,211029kw_IP_ANolan_C12_2_S1_B9_1_6307,1,670,975,1
VKDSEDVPMVLVGNKCDLPSR_93,211029kw_IP_ANolan_C12_2_S1_B9_1_6307,2,670,975,3
DSEDVPMVLVGNKCDLPSR_0,211029kw_IP_ANolan_C12_2_S1_B9_1_6307,2,670,975,3
DSEDVPMVLVGNK_37.9,211029kw_IP_ANolan_C12_2_S1_B9_1_6307,1,670,975,1
DSEDVPMVLVGNK_22,211029kw_IP_ANolan_C12_2_S1_B9_1_6307,4,670,975,6
DSEDVPMVLVGNK_38,211029kw_IP_ANolan_C12_2_S1_B9_1_6307,1,670,975,1
TRQGVDDAFYTLVR_0,211029kw_IP_ANolan_C12_2_S1_B9_1_6307,10,670,975,15
VKDSEDVPMVLVGNKCDLPSR_109,211029kw_IP_ANolan_C12_2_S1_B9_1_6307,3,670,975,4
TRQGVDDAFYTLVR_37.9,211029kw_IP_ANolan_C12_2_S1_B9_1_6307,2,670,975,3
TRQGVDDAFYTLVR_1,211029kw_IP_ANolan_C12_2_S1_B9_1_6307,3,670,975,4
VKDSEDVPMVLVGNK_43,211029kw_IP_ANolan_C12_2_S1_B9_1_6307,2,670,975,3
SYGIPFIETSAK_0,211029kw_IP_ANolan_C12_2_S1_B9_1_6307,10,670,975,15
SYGIPFIETSAK_2,211029kw_IP_ANolan_C12_2_S1_B9_1_6307,5,670,975,7
SYGIPFIETSAK_22,211029kw_IP_ANolan_C12_2_S1_B9_1_6307,1,670,975,1
SYGIPFIETSAK_3,211029kw_IP_ANolan_C12_2_S1_B9_1_6307,1,670,975,1
SYGIPFIETSAK_-4,211029kw_IP_ANolan_C12_2_S1_B9_1_6307,2,670,975,3
TGEGFLCVFAINNTKSFEDIHHYREQIK_156.1,211029kw_IP_ANolan_C12_2_S1_B9_1_6307,2,670,975,3
TGEGFLCVFAINNTKSFEDIHQYREQIK_165.1,211029kw_IP_ANolan_C12_2_S1_B9_1_6307,1,670,975,1
TGEGFLCVFAINNSKSFADINLYREQIK_275.1,211029kw_IP_ANolan_C12_2_S1_B9_1_6307,1,670,975,1
QGVDDAFYTLVR_0,211029kw_IP_ANolan_C12_2_S1_B9_1_6307,9,670,975,13
QGVDDAFYTLVR_37.9,211029kw_IP_ANolan_C12_2_S1_B9_1_6307,4,670,975,6
QGVEDAFYTLVR_23.9,211029kw_IP_ANolan_C12_2_S1_B9_1_6307,2,670,975,3
QGVDDAFYTLVR_-17,211029kw_IP_ANolan_C12_2_S1_B9_1_6307,5,670,975,7
QGVDDAFYTLVR_-18,211029kw_IP_ANolan_C12_2_S1_B9_1_6307,2,670,975,3
QGVDDAFYTLVR_22,211029kw_IP_ANolan_C12_2_S1_B9_1_6307,1,670,975,1
QGVEDAFYTLVR_39.9,211029kw_IP_ANolan_C12_2_S1_B9_1_6307,2,670,975,3
QGVDDAFYTLVR_53.9,211029kw_IP_ANolan_C12_2_S1_B9_1_6307,1,670,975,1
SALTIQLIQNHFVDEYDPTIEDSYRK_1,211029kw_IP_ANolan_C12_2_S1_B9_1_6307,14,670,975,20
QGVDDAFYTLVR_1,211029kw_IP_ANolan_C12_2_S1_B9_1_6307,1,670,975,1
SALTIQLIQNHFVDEYDPTIEDSYR_128.1,211029kw_IP_ANolan_C12_2_S1_B9_1_6307,1,670,975,1
SALTIQLIQNHFVDEYDPTIEDSYRK_0,211029kw_IP_ANolan_C12_2_S1_B9_1_6307,30,670,975,44
SALTIQLIQNHFVDEYDPTIEDSYRK_37.9,211029kw_IP_ANolan_C12_2_S1_B9_1_6307,13,670,975,19
SALTIQLIQNHFVDEYDPTIEDSYRK_38,211029kw_IP_ANolan_C12_2_S1_B9_1_6307,4,670,975,6
SALTIQLIQNHFVDEYDPTIEDSYRK_3,211029kw_IP_ANolan_C12_2_S1_B9_1_6307,3,670,975,4
SALTIQLIQNHFVDEYDPTIEDSYRK_22,211029kw_IP_ANolan_C12_2_S1_B9_1_6307,10,670,975,15
SALTIQLIQNHFVDEYDPTIEDSYRK_23,211029kw_IP_ANolan_C12_2_S1_B9_1_6307,3,670,975,4
SALTIQLIQNHFVDEYDPTIEDSYRK_22.9,211029kw_IP_ANolan_C12_2_S1_B9_1_6307,3,670,975,4
SALTIQLIQNHFVDEYDPTIEDSYRK_59.9,211029kw_IP_ANolan_C12_2_S1_B9_1_6307,1,670,975,1
SALTIQLIQNHFVDEYDPTIEDSYRK_24,211029kw_IP_ANolan_C12_2_S1_B9_1_6307,2,670,975,3
SALTIQLIQNHFVDEYDPTIEDSYRK_53.9,211029kw_IP_ANolan_C12_2_S1_B9_1_6307,4,670,975,6
TGEGFLCVFAINNTK_16,211029kw_IP_ANolan_C12_2_S1_B9_1_6307,2,670,975,3
TGEGFLCVFAINNTK_15,211029kw_IP_ANolan_C12_2_S1_B9_1_6307,3,670,975,4
TGEGFLCVFAINNTK_0,211029kw_IP_ANolan_C12_2_S1_B9_1_6307,8,670,975,12
TGEGFLCVFAINNTK_22,211029kw_IP_ANolan_C12_2_S1_B9_1_6307,1,670,975,1
TGEGFLCVFAINNTK_37.9,211029kw_IP_ANolan_C12_2_S1_B9_1_6307,1,670,975,1
TGEGFLCVFAINNTK_53.9,211029kw_IP_ANolan_C12_2_S1_B9_1_6307,2,670,975,3
TGEGFLCVFAINNTK_248,211029kw_IP_ANolan_C12_2_S1_B9_1_6307,5,670,975,7
SALTIQLIQNHFVDEYDPTIEDSYR_0,211029kw_IP_ANolan_C12_2_S1_B9_1_6307,15,670,975,22
TGEGFLCVFAINNTK_125,211029kw_IP_ANolan_C12_2_S1_B9_1_6307,6,670,975,9
SALTIQLIQNHFVDEYDPTIEDSYR_38,211029kw_IP_ANolan_C12_2_S1_B9_1_6307,2,670,975,3
SALTIQLIQNHFVDEYDPTIEDSYR_22,211029kw_IP_ANolan_C12_2_S1_B9_1_6307,8,670,975,12
SALTIQLIQNHFVDEYDPTIEDSYR_37.9,211029kw_IP_ANolan_C12_2_S1_B9_1_6307,7,670,975,10
TGEGFLCVFAINNTK_25,211029kw_IP_ANolan_C12_2_S1_B9_1_6307,3,670,975,4
SALTIQLIQNHFVDEYDPTIEDSYR_23,211029kw_IP_ANolan_C12_2_S1_B9_1_6307,5,670,975,7
TGEGFLCVFAINNTK_1,211029kw_IP_ANolan_C12_2_S1_B9_1_6307,3,670,975,4
TGEGFLCVFAINNTK_79,211029kw_IP_ANolan_C12_2_S1_B9_1_6307,4,670,975,6
SALTIQLIQNHFVDEYDPTIEDSYR_53.9,211029kw_IP_ANolan_C12_2_S1_B9_1_6307,2,670,975,3
SALTIQLIQNHFVDEYDPTIEDSYR_59.9,211029kw_IP_ANolan_C12_2_S1_B9_1_6307,1,670,975,1
SALTIQLIQNHFVDEYDPTIEDSYR_24,211029kw_IP_ANolan_C12_2_S1_B9_1_6307,1,670,975,1
SALTIQLIQNHFVDEYDPTIEDSYR_-9.2,211029kw_IP_ANolan_C12_2_S1_B9_1_6307,2,670,975,3
TGEGFLCVFAINNTK_184,211029kw_IP_ANolan_C12_2_S1_B9_1_6307,2,670,975,3
SALTIQLIQNHFVDEYDPTIEDSYR_1,211029kw_IP_ANolan_C12_2_S1_B9_1_6307,7,670,975,10
TGEGFLCVFAINNTK_109,211029kw_IP_ANolan_C12_2_S1_B9_1_6307,4,670,975,6
SALTIQLIQNHFVDEYDPTIEDSYRK_2,211029kw_IP_ANolan_C12_2_S1_B9_1_6307,1,670,975,1
TGEGFLCVFAINNTK_80,211029kw_IP_ANolan_C12_2_S1_B9_1_6307,1,670,975,1
TGEGFLCVFAINNTK_167,211029kw_IP_ANolan_C12_2_S1_B9_1_6307,3,670,975,4
TGEGFLCVFAINNTK_225,211029kw_IP_ANolan_C12_2_S1_B9_1_6307,1,670,975,1
TGEGFLCVFAINNTK_93,211029kw_IP_ANolan_C12_2_S1_B9_1_6307,5,670,975,7
SALTIQLIQNHFVDEYDPTIEDSYR_2,211029kw_IP_ANolan_C12_2_S1_B9_1_6307,2,670,975,3
TGEGFLCVFAINNSK_-3,211029kw_IP_ANolan_C12_2_S1_B9_1_6307,1,670,975,1
TGEGFLCVFAINNTK_-57,211029kw_IP_ANolan_C12_2_S1_B9_1_6307,2,670,975,3
TGEGFLCVFAINNTK_138,211029kw_IP_ANolan_C12_2_S1_B9_1_6307,4,670,975,6
TGEGFLCVFAINNTK_0.1,211029kw_IP_ANolan_C12_2_S1_B9_1_6307,1,670,975,1
TGEGFLCVFAINNTK_17,211029kw_IP_ANolan_C12_2_S1_B9_1_6307,1,670,975,1
QGVDDAFYTLVR_5,211029kw_IP_ANolan_C12_2_S1_B9_1_6307,2,670,975,3
QRVEDAFYTLVR_-108.1,211029kw_IP_ANolan_C12_2_S1_B9_1_6307,1,670,975,1
QGVEDAFYTLVR_6.9,211029kw_IP_ANolan_C12_2_S1_B9_1_6307,1,670,975,1
QGVEDAFYTLVR_21.9,211029kw_IP_ANolan_C12_2_S1_B9_1_6307,1,670,975,1
QGVEDAFYTLVR_22.9,211029kw_IP_ANolan_C12_2_S1_B9_1_6307,1,670,975,1
QRVEDAFYTLVR_-106.1,211029kw_IP_ANolan_C12_2_S1_B9_1_6307,1,670,975,1
TGEGFLCVFAINNTK_290,211029kw_IP_ANolan_C12_2_S1_B9_1_6307,1,670,975,1
TGEGFLCVFAINNTK_61,211029kw_IP_ANolan_C12_2_S1_B9_1_6307,4,670,975,6
SALTIQLIQNHFVDEYDPTIEDSYRK_43,211029kw_IP_ANolan_C12_2_S1_B9_1_6307,2,670,975,3
TGEGFLCVFAINNTK_131,211029kw_IP_ANolan_C12_2_S1_B9_1_6307,1,670,975,1
TGEGFLCVFAINNTK_165,211029kw_IP_ANolan_C12_2_S1_B9_1_6307,1,670,975,1
KQVVIDGETCLLDILDTAGQEEYSAMRDQYMR_0,211029kw_IP_ANolan_C12_2_S1_B9_1_6307,13,670,975,19
TGEGFLCVFAINNTK_77,211029kw_IP_ANolan_C12_2_S1_B9_1_6307,7,670,975,10
TGEGFLCVFAINNTK_99,211029kw_IP_ANolan_C12_2_S1_B9_1_6307,1,670,975,1
TGEGFLCVFAINNTK_7,211029kw_IP_ANolan_C12_2_S1_B9_1_6307,1,670,975,1
KQVVIDGETCLLDILDTAGQEEYSAMR_0,211029kw_IP_ANolan_C12_2_S1_B9_1_6307,13,670,975,19
KQVVIDGETCLLDILDTAGQEEYSAMR_-1,211029kw_IP_ANolan_C12_2_S1_B9_1_6307,1,670,975,1
KQVVIDGETCLLDILDTAGQEEYSAMR_53.9,211029kw_IP_ANolan_C12_2_S1_B9_1_6307,1,670,975,1
KQVVIDGETCLLDILDTAGQEEYSAMR_39,211029kw_IP_ANolan_C12_2_S1_B9_1_6307,1,670,975,1
KQVVIDGETCLLDILDTAGQEEYSAMRDQYMR_1,211029kw_IP_ANolan_C12_2_S1_B9_1_6307,2,670,975,3
TGEGFLCVFAINNTK_179,211029kw_IP_ANolan_C12_2_S1_B9_1_6307,3,670,975,4
TGEGFLCVFAINNTK_168,211029kw_IP_ANolan_C12_2_S1_B9_1_6307,3,670,975,4
TGEGFLCVFAINNTK_228.9,211029kw_IP_ANolan_C12_2_S1_B9_1_6307,1,670,975,1
TGEGFLCVFAINNTK_229,211029kw_IP_ANolan_C12_2_S1_B9_1_6307,1,670,975,1
TGEGFLCVFAINNTK_12.9,211029kw_IP_ANolan_C12_2_S1_B9_1_6307,14,670,975,20
TGEGFLCVFAINNTK_-9,211029kw_IP_ANolan_C12_2_S1_B9_1_6307,2,670,975,3
TGEGFLCVFAINNTK_28.9,211029kw_IP_ANolan_C12_2_S1_B9_1_6307,9,670,975,13
TGEGFLCVFAINNTK_13.9,211029kw_IP_ANolan_C12_2_S1_B9_1_6307,1,670,975,1
TGEGFLCVFAINNTK_14.9,211029kw_IP_ANolan_C12_2_S1_B9_1_6307,1,670,975,1
TGEGFLCVFAINNTK_-25,211029kw_IP_ANolan_C12_2_S1_B9_1_6307,5,670,975,7
TGEGFLCVFAINNTK_-3,211029kw_IP_ANolan_C12_2_S1_B9_1_6307,1,670,975,1
TGEGFLCVFAINNTK_-3.1,211029kw_IP_ANolan_C12_2_S1_B9_1_6307,3,670,975,4
TGEGFLCVFAINNTK_-0.1,211029kw_IP_ANolan_C12_2_S1_B9_1_6307,1,670,975,1
QVVIDGETCLLDILDTAGQEEYSAMRDQYMR_0,211029kw_IP_ANolan_C12_2_S1_B9_1_6307,8,670,975,12
KQVVIDGETCLLDILDTAGQEEYSAMR_37.9,211029kw_IP_ANolan_C12_2_S1_B9_1_6307,3,670,975,4
KQVVIDGETCLLDILDTAGQEEYSAMR_22,211029kw_IP_ANolan_C12_2_S1_B9_1_6307,3,670,975,4
KQVVIDGETCLLDILDTAGQEEYSAMR_2,211029kw_IP_ANolan_C12_2_S1_B9_1_6307,1,670,975,1
KQVVIDGETCLLDILDTAGQEEYSAMR_24,211029kw_IP_ANolan_C12_2_S1_B9_1_6307,2,670,975,3
KQVVIDGETCLLDILDTAGQEEYSAMR_23,211029kw_IP_ANolan_C12_2_S1_B9_1_6307,1,670,975,1
KQVVIDGETCLLDILDTAGQEEYSAMR_23.9,211029kw_IP_ANolan_C12_2_S1_B9_1_6307,1,670,975,1
KQVVIDGETCLLDILDTAGQEEYSAMR_1,211029kw_IP_ANolan_C12_2_S1_B9_1_6307,1,670,975,1
TGEGFLCVFAINNTK_6.9,211029kw_IP_ANolan_C12_2_S1_B9_1_6307,1,670,975,1
QVVIDGETCLLDILDTAGQEEYSAMR_112.1,211029kw_IP_ANolan_C12_2_S1_B9_1_6307,1,670,975,1
QVVIDGETCLLDILDTAGQEEYSAMR_0,211029kw_IP_ANolan_C12_2_S1_B9_1_6307,7,670,975,10
QVVIDGETCLLDILDTAGQEEYSAMR_53.9,211029kw_IP_ANolan_C12_2_S1_B9_1_6307,1,670,975,1
QVVIDGETCLLDILDTAGQEEYSAMR_22,211029kw_IP_ANolan_C12_2_S1_B9_1_6307,1,670,975,1
QVVIDGETCLLDILDTAGQEEYSAMR_1,211029kw_IP_ANolan_C12_2_S1_B9_1_6307,5,670,975,7
QVVIDGETCLLDILDTAGQEEYSAMR_-25,211029kw_IP_ANolan_C12_2_S1_B9_1_6307,1,670,975,1
QVVIDGETCLLDILDTAGQEEYSAMR_37.9,211029kw_IP_ANolan_C12_2_S1_B9_1_6307,1,670,975,1
QVVIDGETCLLDILDTAGQEEYSAMRDQYMR_-17,211029kw_IP_ANolan_C12_2_S1_B9_1_6307,2,670,975,3
QVVIDGETCLLDILDTAGQEEYSAMR_-17,211029kw_IP_ANolan_C12_2_S1_B9_1_6307,5,670,975,7
QVVIDGETCLLDILDTAGQEEYSAMR_-16.8,211029kw_IP_ANolan_C12_2_S1_B9_1_6307,1,670,975,1
QVVIDGETCLLDILDTAGQEEYSAMR_-1,211029kw_IP_ANolan_C12_2_S1_B9_1_6307,1,670,975,1
QVVIDGETCLLDILDTAGQEEYSAMR_20.9,211029kw_IP_ANolan_C12_2_S1_B9_1_6307,1,670,975,1
QVVIDGETCLLDILDTAGQEEYSAMR_-16,211029kw_IP_ANolan_C12_2_S1_B9_1_6307,1,670,975,1
TVDTKQAQDLAR_0,211029kw_IP_ANolan_C12_3_S1_B11_1_6309,2,628,975,3
SFEDIHHYR_0,211029kw_IP_ANolan_C12_3_S1_B11_1_6309,20,628,975,31
SFEDIHHYR_38,211029kw_IP_ANolan_C12_3_S1_B11_1_6309,1,628,975,2
SFEDIHHYR_-87,211029kw_IP_ANolan_C12_3_S1_B11_1_6309,1,628,975,2
SFEDIHHYR_24,211029kw_IP_ANolan_C12_3_S1_B11_1_6309,1,628,975,2
SFEDIHHYREQIKR_0,211029kw_IP_ANolan_C12_3_S1_B11_1_6309,8,628,975,12
SFEDIHHYREQIK_0,211029kw_IP_ANolan_C12_3_S1_B11_1_6309,2,628,975,3
LVVVGAGGVGK_103,211029kw_IP_ANolan_C12_3_S1_B11_1_6309,8,628,975,12
LVVVGAGGVGK_46,211029kw_IP_ANolan_C12_3_S1_B11_1_6309,1,628,975,2
LVVVGAGGVGK_351.1,211029kw_IP_ANolan_C12_3_S1_B11_1_6309,1,628,975,2
VKDSEDVPMVLVGNK_0,211029kw_IP_ANolan_C12_3_S1_B11_1_6309,42,628,975,65
VKDSEDVPMVLVGNK_2,211029kw_IP_ANolan_C12_3_S1_B11_1_6309,1,628,975,2
VKDSEDVPMVLVGNK_1,211029kw_IP_ANolan_C12_3_S1_B11_1_6309,4,628,975,6
LVVVGAGGVGK_182,211029kw_IP_ANolan_C12_3_S1_B11_1_6309,1,628,975,2
RVKDSEDVPMVLVGNK_0,211029kw_IP_ANolan_C12_3_S1_B11_1_6309,1,628,975,2
LVVVGAGGVGK_196,211029kw_IP_ANolan_C12_3_S1_B11_1_6309,5,628,975,8
LVVVGAGGVGK_255,211029kw_IP_ANolan_C12_3_S1_B11_1_6309,1,628,975,2
VKDSEDVPMVLVGNKCDLPSR_0,211029kw_IP_ANolan_C12_3_S1_B11_1_6309,19,628,975,29
LVVVGAGGVGK_241,211029kw_IP_ANolan_C12_3_S1_B11_1_6309,3,628,975,5
LVVVGAGGVGK_116,211029kw_IP_ANolan_C12_3_S1_B11_1_6309,2,628,975,3
LVVVGAGGVGK_94,211029kw_IP_ANolan_C12_3_S1_B11_1_6309,2,628,975,3
LVVVGAGGVGK_131.9,211029kw_IP_ANolan_C12_3_S1_B11_1_6309,1,628,975,2
VKDSEDVPMVLVGNK_37.9,211029kw_IP_ANolan_C12_3_S1_B11_1_6309,7,628,975,11
VKDSEDVPMVLVGNK_38,211029kw_IP_ANolan_C12_3_S1_B11_1_6309,2,628,975,3
VKDSEDVPMVLVGNK_22,211029kw_IP_ANolan_C12_3_S1_B11_1_6309,6,628,975,9
VKDSEDVPMVLVGNK_-17,211029kw_IP_ANolan_C12_3_S1_B11_1_6309,3,628,975,5
VKDSEDVPMVLVGNK_23,211029kw_IP_ANolan_C12_3_S1_B11_1_6309,1,628,975,2
VKDSEDVPMVLVGNK_6,211029kw_IP_ANolan_C12_3_S1_B11_1_6309,1,628,975,2
VKDSDDVPMVLVGNK_38,211029kw_IP_ANolan_C12_3_S1_B11_1_6309,1,628,975,2
VKDSEDVPMVLVGNK_24,211029kw_IP_ANolan_C12_3_S1_B11_1_6309,2,628,975,3
YDPTIEDSYRK_490.2,211029kw_IP_ANolan_C12_3_S1_B11_1_6309,2,628,975,3
VKDSEDVPMVLVGNK_53.9,211029kw_IP_ANolan_C12_3_S1_B11_1_6309,2,628,975,3
DSEDVPMVLVGNKCDLPSRTVDTK_227.2,211029kw_IP_ANolan_C12_3_S1_B11_1_6309,1,628,975,2
VKDSEDVPMVLVGNKCDLPSR_-25,211029kw_IP_ANolan_C12_3_S1_B11_1_6309,4,628,975,6
VKDSEDVPMVLVGNKCDLPSR_-9,211029kw_IP_ANolan_C12_3_S1_B11_1_6309,8,628,975,12
DSEDVPMVLVGNK_0,211029kw_IP_ANolan_C12_3_S1_B11_1_6309,8,628,975,12
VKDSEDVPMVLVGNK_-1,211029kw_IP_ANolan_C12_3_S1_B11_1_6309,1,628,975,2
VKDSEDVPMVLVGNK_-0.1,211029kw_IP_ANolan_C12_3_S1_B11_1_6309,1,628,975,2
VKDSEDVPMVLVGNKCDLPSR_37.9,211029kw_IP_ANolan_C12_3_S1_B11_1_6309,5,628,975,8
VKDSEDVPMVLVGNKCDLPSR_-1,211029kw_IP_ANolan_C12_3_S1_B11_1_6309,3,628,975,5
VKDSEDVPMVLVGNKCDLPSR_3,211029kw_IP_ANolan_C12_3_S1_B11_1_6309,1,628,975,2
VKDSEDVPMVLVGNKCDLPSR_22,211029kw_IP_ANolan_C12_3_S1_B11_1_6309,2,628,975,3
LVVVGAGGVGK_407,211029kw_IP_ANolan_C12_3_S1_B11_1_6309,1,628,975,2
MTEYKLVVVGAGGVGK_87,211029kw_IP_ANolan_C12_3_S1_B11_1_6309,1,628,975,2
LVVVGAGGVGK_212,211029kw_IP_ANolan_C12_3_S1_B11_1_6309,2,628,975,3
VKDSEDVPMVLVGNKCDLPSR_138,211029kw_IP_ANolan_C12_3_S1_B11_1_6309,1,628,975,2
LVVVGAGGVGK_268,211029kw_IP_ANolan_C12_3_S1_B11_1_6309,2,628,975,3
LVVVGAGGVGK_180,211029kw_IP_ANolan_C12_3_S1_B11_1_6309,1,628,975,2
YDPTIEDSYR_490.2,211029kw_IP_ANolan_C12_3_S1_B11_1_6309,3,628,975,5
DSEDVPMVLVGNKCDLPSR_0,211029kw_IP_ANolan_C12_3_S1_B11_1_6309,3,628,975,5
DSEDVPMVLVGNK_37.9,211029kw_IP_ANolan_C12_3_S1_B11_1_6309,2,628,975,3
DSEDVPMVLVGNK_21.9,211029kw_IP_ANolan_C12_3_S1_B11_1_6309,1,628,975,2
TRQGVDDAFYTLVR_0,211029kw_IP_ANolan_C12_3_S1_B11_1_6309,10,628,975,16
TRQGVDDAFYTLVR_37.9,211029kw_IP_ANolan_C12_3_S1_B11_1_6309,1,628,975,2
TRQGVDDAFYTLVR_1,211029kw_IP_ANolan_C12_3_S1_B11_1_6309,3,628,975,5
TRQGVDDAFYTLVR_24,211029kw_IP_ANolan_C12_3_S1_B11_1_6309,1,628,975,2
TRQGVDDAFYTLVR_53.9,211029kw_IP_ANolan_C12_3_S1_B11_1_6309,1,628,975,2
TRQGVDDAFYTLVR_38,211029kw_IP_ANolan_C12_3_S1_B11_1_6309,2,628,975,3
VKDSEDVPMVLVGNK_43,211029kw_IP_ANolan_C12_3_S1_B11_1_6309,2,628,975,3
SYGIPFIETSAK_0,211029kw_IP_ANolan_C12_3_S1_B11_1_6309,11,628,975,17
SYGIPFIETSAK_2,211029kw_IP_ANolan_C12_3_S1_B11_1_6309,3,628,975,5
SYGIPYIETSAK_22,211029kw_IP_ANolan_C12_3_S1_B11_1_6309,1,628,975,2
SYGIPFIETSAK_-4,211029kw_IP_ANolan_C12_3_S1_B11_1_6309,1,628,975,2
SYGIPFIETSAK_22,211029kw_IP_ANolan_C12_3_S1_B11_1_6309,2,628,975,3
TGEGFLCVFAINNTKSFEDIHHYREQIK_156.1,211029kw_IP_ANolan_C12_3_S1_B11_1_6309,3,628,975,5
QGVDDAFYTLVR_0,211029kw_IP_ANolan_C12_3_S1_B11_1_6309,9,628,975,14
QGVDDAFYTLVR_37.9,211029kw_IP_ANolan_C12_3_S1_B11_1_6309,3,628,975,5
QGVDDAFYTLVR_-17,211029kw_IP_ANolan_C12_3_S1_B11_1_6309,7,628,975,11
QGVEDAFYTLVR_8,211029kw_IP_ANolan_C12_3_S1_B11_1_6309,2,628,975,3
QGVDDAFYTLVR_22,211029kw_IP_ANolan_C12_3_S1_B11_1_6309,2,628,975,3
QGVDDAFYTLVR_-18,211029kw_IP_ANolan_C12_3_S1_B11_1_6309,1,628,975,2
QGVDDAFYTLVR_53.9,211029kw_IP_ANolan_C12_3_S1_B11_1_6309,2,628,975,3
QGVEDAFYTLVR_23.9,211029kw_IP_ANolan_C12_3_S1_B11_1_6309,1,628,975,2
SALTIQLIQNHFVDEYDPTIEDSYRK_1,211029kw_IP_ANolan_C12_3_S1_B11_1_6309,16,628,975,25
QGVDDAFYTLVR_1,211029kw_IP_ANolan_C12_3_S1_B11_1_6309,1,628,975,2
SALTIQLIQNHFVDEYDPTIEDSYR_128.1,211029kw_IP_ANolan_C12_3_S1_B11_1_6309,1,628,975,2
SALTIQLIQNHFVDEYDPTIEDSYRK_0,211029kw_IP_ANolan_C12_3_S1_B11_1_6309,25,628,975,39
SALTIQLIQNHFVDEYDPTIEDSYRK_37.9,211029kw_IP_ANolan_C12_3_S1_B11_1_6309,12,628,975,19
SALTIQLIQNHFVDEYDPTIEDSYRK_22,211029kw_IP_ANolan_C12_3_S1_B11_1_6309,10,628,975,16
SALTIQLIQNHFVDEYDPTIEDSYRK_3,211029kw_IP_ANolan_C12_3_S1_B11_1_6309,3,628,975,5
SALTIQLIQNHFVDEYDPTIEDSYRK_23,211029kw_IP_ANolan_C12_3_S1_B11_1_6309,6,628,975,9
SALTIQLIQNHFVDEYDPTIEDSYRK_38,211029kw_IP_ANolan_C12_3_S1_B11_1_6309,3,628,975,5
SALTIQLIQNHFVDEYDPTIEDSYRK_59.9,211029kw_IP_ANolan_C12_3_S1_B11_1_6309,1,628,975,2
SALTIQLIQNHFVDEYDPTIEDSYRK_24,211029kw_IP_ANolan_C12_3_S1_B11_1_6309,2,628,975,3
SALTIQLIQNHFVDEYDPTIEDSYRK_53.9,211029kw_IP_ANolan_C12_3_S1_B11_1_6309,5,628,975,8
TGEGFLCVFAINNTK_16,211029kw_IP_ANolan_C12_3_S1_B11_1_6309,3,628,975,5
TGEGFLCVFAINNTK_15,211029kw_IP_ANolan_C12_3_S1_B11_1_6309,2,628,975,3
TGEGFLCVFAINNTK_0,211029kw_IP_ANolan_C12_3_S1_B11_1_6309,10,628,975,16
TGEGFLCVFAINNTK_37.9,211029kw_IP_ANolan_C12_3_S1_B11_1_6309,2,628,975,3
TGEGFLCVFAINNTK_22,211029kw_IP_ANolan_C12_3_S1_B11_1_6309,1,628,975,2
TGEGFLCVFAINNTK_24,211029kw_IP_ANolan_C12_3_S1_B11_1_6309,2,628,975,3
TGEGFLCVFAINNTK_53.9,211029kw_IP_ANolan_C12_3_S1_B11_1_6309,1,628,975,2
TGEGFLCVFAINNTK_-1,211029kw_IP_ANolan_C12_3_S1_B11_1_6309,1,628,975,2
TGEGFLCVFAINNTK_248.1,211029kw_IP_ANolan_C12_3_S1_B11_1_6309,1,628,975,2
TGEGFLCVFAINNTK_248,211029kw_IP_ANolan_C12_3_S1_B11_1_6309,1,628,975,2
SALTIQLIQNHFVDEYDPTIEDSYR_0,211029kw_IP_ANolan_C12_3_S1_B11_1_6309,16,628,975,25
TGEGFLCVFAINNTK_125,211029kw_IP_ANolan_C12_3_S1_B11_1_6309,5,628,975,8
SALTIQLIQNHFVDEYDPTIEDSYR_37.9,211029kw_IP_ANolan_C12_3_S1_B11_1_6309,6,628,975,9
SALTIQLIQNHFVDEYDPTIEDSYR_22,211029kw_IP_ANolan_C12_3_S1_B11_1_6309,6,628,975,9
SALTIQLIQNHFVDEYDPTIEDSYR_23,211029kw_IP_ANolan_C12_3_S1_B11_1_6309,9,628,975,14
SALTIQLIQNHFVDEYDPTIEDSYR_38,211029kw_IP_ANolan_C12_3_S1_B11_1_6309,3,628,975,5
TGEGFLCVFAINNTK_1,211029kw_IP_ANolan_C12_3_S1_B11_1_6309,4,628,975,6
SALTIQLIQNHFVDEYDPTIEDSYR_53.9,211029kw_IP_ANolan_C12_3_S1_B11_1_6309,4,628,975,6
SALTIQLIQNHFVDEYDPTIEDSYR_75.9,211029kw_IP_ANolan_C12_3_S1_B11_1_6309,1,628,975,2
SALTIQLIQNHFVDEYDPTIEDSYR_1,211029kw_IP_ANolan_C12_3_S1_B11_1_6309,12,628,975,19
SALTIQLIQNHFVDEYDPTIEDSYR_24,211029kw_IP_ANolan_C12_3_S1_B11_1_6309,2,628,975,3
SALTIQLIQNHFVDEYDPTIEDSYRK_-66.2,211029kw_IP_ANolan_C12_3_S1_B11_1_6309,1,628,975,2
SALTIQLIQNHFVDEYDPTIEDSYR_59.9,211029kw_IP_ANolan_C12_3_S1_B11_1_6309,2,628,975,3
SALTIQLIQNHFVDEYDPTIEDSYR_-9.2,211029kw_IP_ANolan_C12_3_S1_B11_1_6309,4,628,975,6
TGEGFLCVFAINNTK_79,211029kw_IP_ANolan_C12_3_S1_B11_1_6309,3,628,975,5
TGEGFLCVFAINNTK_184,211029kw_IP_ANolan_C12_3_S1_B11_1_6309,4,628,975,6
TGEGFLCVFAINNTK_-14,211029kw_IP_ANolan_C12_3_S1_B11_1_6309,1,628,975,2
TGEGFLCVFAINNTK_167,211029kw_IP_ANolan_C12_3_S1_B11_1_6309,4,628,975,6
TGEGFLCVFAINNTK_152,211029kw_IP_ANolan_C12_3_S1_B11_1_6309,4,628,975,6
TGEGFLCVFAINNTK_225,211029kw_IP_ANolan_C12_3_S1_B11_1_6309,3,628,975,5
SYGIPFIETSAKTRQGVDDAFYTLVR_0,211029kw_IP_ANolan_C12_3_S1_B11_1_6309,1,628,975,2
TGEGFLCVFAINNTK_92.9,211029kw_IP_ANolan_C12_3_S1_B11_1_6309,1,628,975,2
TGEGFLCVFAINNSK_-3,211029kw_IP_ANolan_C12_3_S1_B11_1_6309,1,628,975,2
TGEGFLCVFAINNTK_-57,211029kw_IP_ANolan_C12_3_S1_B11_1_6309,2,628,975,3
TGEGFLCVFAINNTK_138,211029kw_IP_ANolan_C12_3_S1_B11_1_6309,2,628,975,3
TGEGFLCVFAINNTK_139,211029kw_IP_ANolan_C12_3_S1_B11_1_6309,1,628,975,2
TGEGFLCVFAINNTK_304,211029kw_IP_ANolan_C12_3_S1_B11_1_6309,1,628,975,2
QGVDDAFYTLVR_43,211029kw_IP_ANolan_C12_3_S1_B11_1_6309,1,628,975,2
QGVDDAFYTLVR_5,211029kw_IP_ANolan_C12_3_S1_B11_1_6309,3,628,975,5
QGVEDAFYTLVR_22.9,211029kw_IP_ANolan_C12_3_S1_B11_1_6309,1,628,975,2
TGEGFLCVFAINNTK_93,211029kw_IP_ANolan_C12_3_S1_B11_1_6309,4,628,975,6
QGVDDAFYTLVR_6.9,211029kw_IP_ANolan_C12_3_S1_B11_1_6309,1,628,975,2
TGEGFLCVFAINNTK_61,211029kw_IP_ANolan_C12_3_S1_B11_1_6309,2,628,975,3
SALTIQLIQNHFVDEYDPTIEDSYRK_43,211029kw_IP_ANolan_C12_3_S1_B11_1_6309,3,628,975,5
TGEGFLCVFAINNTK_109,211029kw_IP_ANolan_C12_3_S1_B11_1_6309,3,628,975,5
TGEGFLCVFAINNTK_112,211029kw_IP_ANolan_C12_3_S1_B11_1_6309,1,628,975,2
TGEGFLCVFAINNTK_165,211029kw_IP_ANolan_C12_3_S1_B11_1_6309,3,628,975,5
KQVVIDGETCLLDILDTAGQEEYSAMRDQYMR_0,211029kw_IP_ANolan_C12_3_S1_B11_1_6309,9,628,975,14
KQVVIDGETCLLDILDTAGQEEYSAMRDQYMR_1,211029kw_IP_ANolan_C12_3_S1_B11_1_6309,1,628,975,2
TGEGFLCVFAINNTK_77,211029kw_IP_ANolan_C12_3_S1_B11_1_6309,2,628,975,3
TGEGFLCVFAINNTK_78,211029kw_IP_ANolan_C12_3_S1_B11_1_6309,1,628,975,2
KQVVIDGETCLLDILDTAGQEEYSAMR_0,211029kw_IP_ANolan_C12_3_S1_B11_1_6309,19,628,975,29
KQVVIDGETCLLDILDTAGQEEYSAMR_-1,211029kw_IP_ANolan_C12_3_S1_B11_1_6309,1,628,975,2
KQVVIDGETCLLDILDTAGQEEYSAMR_53.9,211029kw_IP_ANolan_C12_3_S1_B11_1_6309,1,628,975,2
KQVVIDGETCLLDILDTAGQEEYSAMR_22.9,211029kw_IP_ANolan_C12_3_S1_B11_1_6309,1,628,975,2
KQVVIDGETCLLDILDTAGQEEYSAMR_22,211029kw_IP_ANolan_C12_3_S1_B11_1_6309,2,628,975,3
KQVVIDGETCLLDILDTAGQEEYSAMR_23,211029kw_IP_ANolan_C12_3_S1_B11_1_6309,3,628,975,5
KQVVIDGETCLLDILDTAGQEEYSAMR_4,211029kw_IP_ANolan_C12_3_S1_B11_1_6309,1,628,975,2
TGEGFLCVFAINNTK_229,211029kw_IP_ANolan_C12_3_S1_B11_1_6309,1,628,975,2
TGEGFLCVFAINNTK_-9,211029kw_IP_ANolan_C12_3_S1_B11_1_6309,2,628,975,3
TGEGFLCVFAINNTK_28.9,211029kw_IP_ANolan_C12_3_S1_B11_1_6309,3,628,975,5
TGEGFLCVFAINNTK_12.9,211029kw_IP_ANolan_C12_3_S1_B11_1_6309,7,628,975,11
TGEGFLCVFAINNTK_-8,211029kw_IP_ANolan_C12_3_S1_B11_1_6309,2,628,975,3
TGEGFLCVFAINNTK_-25,211029kw_IP_ANolan_C12_3_S1_B11_1_6309,3,628,975,5
TGEGFLCVFAINNTK_-3,211029kw_IP_ANolan_C12_3_S1_B11_1_6309,1,628,975,2
TGEGFLCVFAINNTK_-2.1,211029kw_IP_ANolan_C12_3_S1_B11_1_6309,1,628,975,2
TGEGFLCVFAINNTK_-3.1,211029kw_IP_ANolan_C12_3_S1_B11_1_6309,1,628,975,2
QVVIDGETCLLDILDTAGQEEYSAMRDQYMR_0,211029kw_IP_ANolan_C12_3_S1_B11_1_6309,9,628,975,14
KQVVIDGETCLLDILDTAGQEEYSAMR_37.9,211029kw_IP_ANolan_C12_3_S1_B11_1_6309,2,628,975,3
KQVVIDGETCLLDILDTAGQEEYSAMR_38,211029kw_IP_ANolan_C12_3_S1_B11_1_6309,1,628,975,2
KQVVIDGETCLLDILDTAGQEEYSAMR_2,211029kw_IP_ANolan_C12_3_S1_B11_1_6309,2,628,975,3
KQVVIDGETCLLDILDTAGQEEYSAMR_1,211029kw_IP_ANolan_C12_3_S1_B11_1_6309,4,628,975,6
KQVVIDGETCLLDILDTAGQEEYSAMR_21.9,211029kw_IP_ANolan_C12_3_S1_B11_1_6309,1,628,975,2
QVVIDGETCLLDILDTAGQEEYSAMRDQYMR_1,211029kw_IP_ANolan_C12_3_S1_B11_1_6309,2,628,975,3
KQVVIDGETCLLDILDTAGQEEYSAMR_38.9,211029kw_IP_ANolan_C12_3_S1_B11_1_6309,1,628,975,2
TGEGFLCVFAINNTK_6.9,211029kw_IP_ANolan_C12_3_S1_B11_1_6309,1,628,975,2
QVVIDGETCLLDILDTAGQEEYSAMR_0,211029kw_IP_ANolan_C12_3_S1_B11_1_6309,10,628,975,16
QVVIDGETCLLDILDTAGQEEYSAMR_1,211029kw_IP_ANolan_C12_3_S1_B11_1_6309,5,628,975,8
QVVIDGETCLLDILDTAGQEEYSAMR_22,211029kw_IP_ANolan_C12_3_S1_B11_1_6309,3,628,975,5
QVVIDGETCLLDILDTAGQEEYSAMRDQYMR_-1,211029kw_IP_ANolan_C12_3_S1_B11_1_6309,1,628,975,2
QVVIDGETCLLDILDTAGQEEYSAMR_15,211029kw_IP_ANolan_C12_3_S1_B11_1_6309,1,628,975,2
QVVIDGETCLLDILDTAGQEEYSAMR_38,211029kw_IP_ANolan_C12_3_S1_B11_1_6309,1,628,975,2
QVVIDGETCLLDILDTAGQEEYSAMR_37.9,211029kw_IP_ANolan_C12_3_S1_B11_1_6309,2,628,975,3
QVVIDGETCLLDILDTAGQEEYSAMRDQYMR_-17,211029kw_IP_ANolan_C12_3_S1_B11_1_6309,5,628,975,8
QVVIDGETCLLDILDTAGQEEYSAMR_-17,211029kw_IP_ANolan_C12_3_S1_B11_1_6309,6,628,975,9
QVVIDGETCLLDILDTAGQEEYSAMR_-16.8,211029kw_IP_ANolan_C12_3_S1_B11_1_6309,1,628,975,2
QVVIDGETCLLDILDTAGQEEYSAMR_-16,211029kw_IP_ANolan_C12_3_S1_B11_1_6309,1,628,975,2
QAQDLAR_1,211029kw_IP_ANolan_C12_3_S1_B12_1_6310,2,604,975,3
QAQDLAR_0,211029kw_IP_ANolan_C12_3_S1_B12_1_6310,1,604,975,2
TVDTKQAQDLAR_0,211029kw_IP_ANolan_C12_3_S1_B12_1_6310,2,604,975,3
SFEDIHHYR_0,211029kw_IP_ANolan_C12_3_S1_B12_1_6310,23,604,975,37
SFEDIHHYR_-87,211029kw_IP_ANolan_C12_3_S1_B12_1_6310,2,604,975,3
SFEDIHHYR_22,211029kw_IP_ANolan_C12_3_S1_B12_1_6310,1,604,975,2
SFEDIHHYREQIKR_0,211029kw_IP_ANolan_C12_3_S1_B12_1_6310,9,604,975,15
SFEDIHHYREQIK_0,211029kw_IP_ANolan_C12_3_S1_B12_1_6310,2,604,975,3
LVVVGAGGVGK_103,211029kw_IP_ANolan_C12_3_S1_B12_1_6310,5,604,975,8
VKDSEDVPMVLVGNK_0,211029kw_IP_ANolan_C12_3_S1_B12_1_6310,42,604,975,68
VKDSEDVPMVLVGNK_1,211029kw_IP_ANolan_C12_3_S1_B12_1_6310,8,604,975,13
LVVVGAGGVGK_182,211029kw_IP_ANolan_C12_3_S1_B12_1_6310,1,604,975,2
LVVVGAGGVGK_228,211029kw_IP_ANolan_C12_3_S1_B12_1_6310,2,604,975,3
RVKDSEDVPMVLVGNK_0,211029kw_IP_ANolan_C12_3_S1_B12_1_6310,2,604,975,3
VKDSEDVPMVLVGNKCDLPSR_0,211029kw_IP_ANolan_C12_3_S1_B12_1_6310,17,604,975,27
VKDSEDVPMVLVGNKCDLPSR_1,211029kw_IP_ANolan_C12_3_S1_B12_1_6310,1,604,975,2
LVVVGAGGVGK_241,211029kw_IP_ANolan_C12_3_S1_B12_1_6310,2,604,975,3
VKDSEDVPMVLVGNKCDLPSR_156.1,211029kw_IP_ANolan_C12_3_S1_B12_1_6310,1,604,975,2
LVVVGAGGVGK_94,211029kw_IP_ANolan_C12_3_S1_B12_1_6310,1,604,975,2
LVVVGAGGVGK_131.9,211029kw_IP_ANolan_C12_3_S1_B12_1_6310,3,604,975,5
LVVVGAGGVGK_116,211029kw_IP_ANolan_C12_3_S1_B12_1_6310,1,604,975,2
VKDSEDVPMVLVGNK_22,211029kw_IP_ANolan_C12_3_S1_B12_1_6310,6,604,975,10
VKDSEDVPMVLVGNK_38,211029kw_IP_ANolan_C12_3_S1_B12_1_6310,2,604,975,3
VKDSEDVPMVLVGNK_37.9,211029kw_IP_ANolan_C12_3_S1_B12_1_6310,7,604,975,11
VKDSEDVPMVLVGNK_-17,211029kw_IP_ANolan_C12_3_S1_B12_1_6310,2,604,975,3
VKDSEDVPMVLVGNK_24,211029kw_IP_ANolan_C12_3_S1_B12_1_6310,3,604,975,5
YDPTIEDSYRK_490.2,211029kw_IP_ANolan_C12_3_S1_B12_1_6310,2,604,975,3
VKDSEDVPMVLVGNK_53.9,211029kw_IP_ANolan_C12_3_S1_B12_1_6310,2,604,975,3
DSEDVPMVLVGNKCDLPSRTVDTK_227.2,211029kw_IP_ANolan_C12_3_S1_B12_1_6310,2,604,975,3
VKDSEDVPMVLVGNKCDLPSR_-25,211029kw_IP_ANolan_C12_3_S1_B12_1_6310,4,604,975,6
DSEDVPMVLVGNK_0,211029kw_IP_ANolan_C12_3_S1_B12_1_6310,10,604,975,16
VKDSEDVPMVLVGNKCDLPSR_-9,211029kw_IP_ANolan_C12_3_S1_B12_1_6310,6,604,975,10
LVVVGAGGVGK_196,211029kw_IP_ANolan_C12_3_S1_B12_1_6310,2,604,975,3
VKDSEDVPMVLVGNK_-1,211029kw_IP_ANolan_C12_3_S1_B12_1_6310,1,604,975,2
VKDSEDVPMVLVGNK_-2,211029kw_IP_ANolan_C12_3_S1_B12_1_6310,1,604,975,2
VKDSEDVPMVLVGNKCDLPSR_37.9,211029kw_IP_ANolan_C12_3_S1_B12_1_6310,6,604,975,10
VKDSEDVPMVLVGNKCDLPSR_38,211029kw_IP_ANolan_C12_3_S1_B12_1_6310,1,604,975,2
VKDSEDVPMVLVGNKCDLPSR_23,211029kw_IP_ANolan_C12_3_S1_B12_1_6310,1,604,975,2
VKDSEDVPMVLVGNKCDLPSR_22,211029kw_IP_ANolan_C12_3_S1_B12_1_6310,1,604,975,2
LVVVGAGGVGK_212,211029kw_IP_ANolan_C12_3_S1_B12_1_6310,1,604,975,2
VKDSEDVPMVLVGNKCDLPSR_138,211029kw_IP_ANolan_C12_3_S1_B12_1_6310,1,604,975,2
LVVVGAGGVGK_268,211029kw_IP_ANolan_C12_3_S1_B12_1_6310,1,604,975,2
LVVVGAGGVGK_180,211029kw_IP_ANolan_C12_3_S1_B12_1_6310,2,604,975,3
YDPTIEDSYR_490.2,211029kw_IP_ANolan_C12_3_S1_B12_1_6310,4,604,975,6
VKDSEDVPMVLVGNKCDLPSR_93,211029kw_IP_ANolan_C12_3_S1_B12_1_6310,1,604,975,2
DSEDVPMVLVGNKCDLPSR_0,211029kw_IP_ANolan_C12_3_S1_B12_1_6310,2,604,975,3
DSEDVPMVLVGNKCDLPSR_1,211029kw_IP_ANolan_C12_3_S1_B12_1_6310,1,604,975,2
DSEDVPMVLVGNK_38,211029kw_IP_ANolan_C12_3_S1_B12_1_6310,1,604,975,2
DSEDVPMVLVGNK_22,211029kw_IP_ANolan_C12_3_S1_B12_1_6310,1,604,975,2
TRQGVDDAFYTLVR_0,211029kw_IP_ANolan_C12_3_S1_B12_1_6310,9,604,975,15
TRQGVDDAFYTLVR_37.9,211029kw_IP_ANolan_C12_3_S1_B12_1_6310,3,604,975,5
TRQGVDDAFYTLVR_1,211029kw_IP_ANolan_C12_3_S1_B12_1_6310,2,604,975,3
TRQGVDDAFYTLVR_22,211029kw_IP_ANolan_C12_3_S1_B12_1_6310,1,604,975,2
TRQGVEDAFYTLVR_39.9,211029kw_IP_ANolan_C12_3_S1_B12_1_6310,1,604,975,2
TRQGVDDAFYTLVR_53.9,211029kw_IP_ANolan_C12_3_S1_B12_1_6310,1,604,975,2
VKDSEDVPMVLVGNK_43,211029kw_IP_ANolan_C12_3_S1_B12_1_6310,4,604,975,6
SYGIPFIETSAK_0,211029kw_IP_ANolan_C12_3_S1_B12_1_6310,16,604,975,26
SYGIPFIETSAK_2,211029kw_IP_ANolan_C12_3_S1_B12_1_6310,5,604,975,8
SYGIPFIETSAK_22,211029kw_IP_ANolan_C12_3_S1_B12_1_6310,2,604,975,3
SYGIPFIETSAK_-4,211029kw_IP_ANolan_C12_3_S1_B12_1_6310,1,604,975,2
TGEGFLCVFAINNTKSFEDIHHYREQIK_156.1,211029kw_IP_ANolan_C12_3_S1_B12_1_6310,2,604,975,3
TGEGFLCVFAINNTKSFEDIHQYREQIK_165.1,211029kw_IP_ANolan_C12_3_S1_B12_1_6310,2,604,975,3
QGVDDAFYTLVR_0,211029kw_IP_ANolan_C12_3_S1_B12_1_6310,8,604,975,13
QGVDDAFYTLVR_37.9,211029kw_IP_ANolan_C12_3_S1_B12_1_6310,6,604,975,10
QGVEDAFYTLVR_23.9,211029kw_IP_ANolan_C12_3_S1_B12_1_6310,1,604,975,2
QGVEDAFYTLVR_8,211029kw_IP_ANolan_C12_3_S1_B12_1_6310,1,604,975,2
QGVDDAFYTLVR_-17,211029kw_IP_ANolan_C12_3_S1_B12_1_6310,5,604,975,8
QGVDDAFYTLVR_-18,211029kw_IP_ANolan_C12_3_S1_B12_1_6310,4,604,975,6
QGVEDAFYTLVR_39.9,211029kw_IP_ANolan_C12_3_S1_B12_1_6310,2,604,975,3
QGVDDAFYTLVR_3,211029kw_IP_ANolan_C12_3_S1_B12_1_6310,2,604,975,3
QGVDDAFYTLVR_22,211029kw_IP_ANolan_C12_3_S1_B12_1_6310,1,604,975,2
SALTIQLIQNHFVDEYDPTIEDSYRK_1,211029kw_IP_ANolan_C12_3_S1_B12_1_6310,13,604,975,21
QGVDDAFYTLVR_1,211029kw_IP_ANolan_C12_3_S1_B12_1_6310,1,604,975,2
SALTIQLIQNHFVDEYDPTIEDSYR_128.1,211029kw_IP_ANolan_C12_3_S1_B12_1_6310,1,604,975,2
SALTIQLIQNHFVDEYDPTIEDSYRK_0,211029kw_IP_ANolan_C12_3_S1_B12_1_6310,28,604,975,45
SALTIQLIQNHFVDEYDPTIEDSYRK_38,211029kw_IP_ANolan_C12_3_S1_B12_1_6310,3,604,975,5
SALTIQLIQNHFVDEYDPTIEDSYRK_37.9,211029kw_IP_ANolan_C12_3_S1_B12_1_6310,9,604,975,15
SALTIQLIQNHFVDEYDPTIEDSYRK_3,211029kw_IP_ANolan_C12_3_S1_B12_1_6310,4,604,975,6
SALTIQLIQNHFVDEYDPTIEDSYRK_22,211029kw_IP_ANolan_C12_3_S1_B12_1_6310,7,604,975,11
SALTIQLIQNHFVDEYDPTIEDSYRK_23,211029kw_IP_ANolan_C12_3_S1_B12_1_6310,6,604,975,10
SALTIQLIQNHFVDEYDPTIEDSYRK_59.9,211029kw_IP_ANolan_C12_3_S1_B12_1_6310,1,604,975,2
SALTIQLIQNHFVDEYDPTIEDSYRK_24,211029kw_IP_ANolan_C12_3_S1_B12_1_6310,1,604,975,2
SALTIQLIQNHFVDEYDPTIEDSYRK_53.9,211029kw_IP_ANolan_C12_3_S1_B12_1_6310,1,604,975,2
SALTIQLIQNHFVDEYDPTIEDSYRK_60.9,211029kw_IP_ANolan_C12_3_S1_B12_1_6310,1,604,975,2
SALTIQLIQNHFVDEYDPTIEDSYRK_39,211029kw_IP_ANolan_C12_3_S1_B12_1_6310,1,604,975,2
TGEGFLCVFAINNTK_16,211029kw_IP_ANolan_C12_3_S1_B12_1_6310,3,604,975,5
TGEGFLCVFAINNTK_15,211029kw_IP_ANolan_C12_3_S1_B12_1_6310,2,604,975,3
TGEGFLCVFAINNTK_0,211029kw_IP_ANolan_C12_3_S1_B12_1_6310,16,604,975,26
TGEGFLCVFAINNTK_22,211029kw_IP_ANolan_C12_3_S1_B12_1_6310,3,604,975,5
TGEGFLCVFAINNTK_24,211029kw_IP_ANolan_C12_3_S1_B12_1_6310,1,604,975,2
TGEGFLCVFAINNTK_-57,211029kw_IP_ANolan_C12_3_S1_B12_1_6310,4,604,975,6
TGEGFLCVFAINNTK_53.9,211029kw_IP_ANolan_C12_3_S1_B12_1_6310,1,604,975,2
TGEGFLCVFAINNTK_37.9,211029kw_IP_ANolan_C12_3_S1_B12_1_6310,1,604,975,2
TGEGFLCVFAINNTK_248,211029kw_IP_ANolan_C12_3_S1_B12_1_6310,2,604,975,3
SALTIQLIQNHFVDEYDPTIEDSYR_0,211029kw_IP_ANolan_C12_3_S1_B12_1_6310,16,604,975,26
TGEGFLCVFAINNTK_125,211029kw_IP_ANolan_C12_3_S1_B12_1_6310,1,604,975,2
SALTIQLIQNHFVDEYDPTIEDSYR_22,211029kw_IP_ANolan_C12_3_S1_B12_1_6310,6,604,975,10
SALTIQLIQNHFVDEYDPTIEDSYR_37.9,211029kw_IP_ANolan_C12_3_S1_B12_1_6310,8,604,975,13
SALTIQLIQNHFVDEYDPTIEDSYR_38,211029kw_IP_ANolan_C12_3_S1_B12_1_6310,2,604,975,3
SALTIQLIQNHFVDEYDPTIEDSYR_23,211029kw_IP_ANolan_C12_3_S1_B12_1_6310,8,604,975,13
SALTIQLIQNHFVDEYDPTIEDSYR_75.9,211029kw_IP_ANolan_C12_3_S1_B12_1_6310,2,604,975,3
SALTIQLIQNHFVDEYDPTIEDSYR_1,211029kw_IP_ANolan_C12_3_S1_B12_1_6310,3,604,975,5
TGEGFLCVFAINNTK_1,211029kw_IP_ANolan_C12_3_S1_B12_1_6310,3,604,975,5
SALTIQLIQNHFVDEYDPTIEDSYR_24,211029kw_IP_ANolan_C12_3_S1_B12_1_6310,3,604,975,5
SALTIQLIQNHFVDEYDPTIEDSYR_36.9,211029kw_IP_ANolan_C12_3_S1_B12_1_6310,1,604,975,2
SALTIQLIQNHFVDEYDPTIEDSYR_53.9,211029kw_IP_ANolan_C12_3_S1_B12_1_6310,1,604,975,2
TGEGFLCVFAINNTK_79,211029kw_IP_ANolan_C12_3_S1_B12_1_6310,2,604,975,3
SALTIQLIQNHFVDEYDPTIEDSYR_-9.2,211029kw_IP_ANolan_C12_3_S1_B12_1_6310,2,604,975,3
TGEGFLCVFAINNTK_184,211029kw_IP_ANolan_C12_3_S1_B12_1_6310,1,604,975,2
SALTIQLIQNHFVDEYDPTIEDSYR_-9.1,211029kw_IP_ANolan_C12_3_S1_B12_1_6310,1,604,975,2
TGEGFLCVFAINNTK_108.9,211029kw_IP_ANolan_C12_3_S1_B12_1_6310,1,604,975,2
SALTIQLIQNHFVDEYDPTIEDSYR_-8.2,211029kw_IP_ANolan_C12_3_S1_B12_1_6310,1,604,975,2
TGEGFLCVFAINNTK_-14,211029kw_IP_ANolan_C12_3_S1_B12_1_6310,1,604,975,2
TGEGFLCVFAINNTK_167,211029kw_IP_ANolan_C12_3_S1_B12_1_6310,1,604,975,2
TGEGFLCVFAINNTK_152,211029kw_IP_ANolan_C12_3_S1_B12_1_6310,2,604,975,3
TGEGFLCVFAINNTK_225,211029kw_IP_ANolan_C12_3_S1_B12_1_6310,3,604,975,5
TGEGFLCVFAINNTK_93,211029kw_IP_ANolan_C12_3_S1_B12_1_6310,6,604,975,10
SALTIQLIQNHFVDEYDPTIEDSYR_-0.1,211029kw_IP_ANolan_C12_3_S1_B12_1_6310,1,604,975,2
TGEGFLCVFAINNTK_138,211029kw_IP_ANolan_C12_3_S1_B12_1_6310,5,604,975,8
TGEGFLCVFAINNTK_-4.9,211029kw_IP_ANolan_C12_3_S1_B12_1_6310,1,604,975,2
QGVDDAFYTLVR_43,211029kw_IP_ANolan_C12_3_S1_B12_1_6310,1,604,975,2
QGVDDAFYTLVR_5,211029kw_IP_ANolan_C12_3_S1_B12_1_6310,3,604,975,5
QGVEDAFYTLVR_22.9,211029kw_IP_ANolan_C12_3_S1_B12_1_6310,1,604,975,2
QGVDDAFYTLVR_6.9,211029kw_IP_ANolan_C12_3_S1_B12_1_6310,1,604,975,2
SALTIQLIQNHFVDEYDPTIEDSYRK_43,211029kw_IP_ANolan_C12_3_S1_B12_1_6310,2,604,975,3
TGEGFLCVFAINNTK_109,211029kw_IP_ANolan_C12_3_S1_B12_1_6310,3,604,975,5
TGEGFLCVFAINNTK_165,211029kw_IP_ANolan_C12_3_S1_B12_1_6310,1,604,975,2
KQVVIDGETCLLDILDTAGQEEYSAMRDQYMR_0,211029kw_IP_ANolan_C12_3_S1_B12_1_6310,12,604,975,19
KQVVIDGETCLLDILDTAGQEEYSAMRDQYMR_1,211029kw_IP_ANolan_C12_3_S1_B12_1_6310,5,604,975,8
TGEGFLCVFAINNTK_77,211029kw_IP_ANolan_C12_3_S1_B12_1_6310,3,604,975,5
KQVVIDGETCLLDILDTAGQEEYSAMR_0,211029kw_IP_ANolan_C12_3_S1_B12_1_6310,11,604,975,18
KQVVIDGETCLLDILDTAGQEEYSAMR_-1,211029kw_IP_ANolan_C12_3_S1_B12_1_6310,2,604,975,3
KQVVIDGETCLLDILDTAGQEEYSAMR_15,211029kw_IP_ANolan_C12_3_S1_B12_1_6310,1,604,975,2
KQVVIDGETCLLDILDTAGQEEYSAMR_53.9,211029kw_IP_ANolan_C12_3_S1_B12_1_6310,1,604,975,2
KQVVIDGETCLLDILDTAGQEEYSAMR_23,211029kw_IP_ANolan_C12_3_S1_B12_1_6310,3,604,975,5
KQVVIDGETCLLDILDTAGQEEYSAMR_22,211029kw_IP_ANolan_C12_3_S1_B12_1_6310,3,604,975,5
TGEGFLCVFAINNTK_-9,211029kw_IP_ANolan_C12_3_S1_B12_1_6310,3,604,975,5
TGEGFLCVFAINNTK_28.9,211029kw_IP_ANolan_C12_3_S1_B12_1_6310,5,604,975,8
TGEGFLCVFAINNTK_12.9,211029kw_IP_ANolan_C12_3_S1_B12_1_6310,5,604,975,8
TGEGFLCVFAINNTK_-25,211029kw_IP_ANolan_C12_3_S1_B12_1_6310,2,604,975,3
TGEGFLCVFAINNTK_-3,211029kw_IP_ANolan_C12_3_S1_B12_1_6310,2,604,975,3
TGEGFLCVFAINNTK_-3.1,211029kw_IP_ANolan_C12_3_S1_B12_1_6310,4,604,975,6
QVVIDGETCLLDILDTAGQEEYSAMRDQYMR_0,211029kw_IP_ANolan_C12_3_S1_B12_1_6310,13,604,975,21
QVVIDGETCLLDILDTAGQEEYSAMRDQYMR_1,211029kw_IP_ANolan_C12_3_S1_B12_1_6310,1,604,975,2
KQVVIDGETCLLDILDTAGQEEYSAMR_36.9,211029kw_IP_ANolan_C12_3_S1_B12_1_6310,1,604,975,2
KQVVIDGETCLLDILDTAGQEEYSAMR_37.9,211029kw_IP_ANolan_C12_3_S1_B12_1_6310,4,604,975,6
KQVVIDGETCLLDILDTAGQEEYSAMR_2,211029kw_IP_ANolan_C12_3_S1_B12_1_6310,2,604,975,3
KQVVIDGETCLLDILDTAGQEEYSAMR_1,211029kw_IP_ANolan_C12_3_S1_B12_1_6310,2,604,975,3
KQVVIDGETCLLDILDTAGQEEYSAMRDQYMR_2,211029kw_IP_ANolan_C12_3_S1_B12_1_6310,1,604,975,2
TGEGFLCVFAINNTK_6.9,211029kw_IP_ANolan_C12_3_S1_B12_1_6310,3,604,975,5
QVVIDGETCLLDILDTAGQEEYSAMR_1,211029kw_IP_ANolan_C12_3_S1_B12_1_6310,5,604,975,8
QVVIDGETCLLDILDTAGQEEYSAMR_0,211029kw_IP_ANolan_C12_3_S1_B12_1_6310,5,604,975,8
QVVIDGETCLLDILDTAGQEEYSAMR_22,211029kw_IP_ANolan_C12_3_S1_B12_1_6310,2,604,975,3
QVVIDGETCLLDILDTAGQEEYSAMR_37.9,211029kw_IP_ANolan_C12_3_S1_B12_1_6310,1,604,975,2
QVVIDGETCLLDILDTAGQEEYSAMRDQYMR_-17,211029kw_IP_ANolan_C12_3_S1_B12_1_6310,2,604,975,3
QVVIDGETCLLDILDTAGQEEYSAMR_-17,211029kw_IP_ANolan_C12_3_S1_B12_1_6310,7,604,975,11
QVVIDGETCLLDILDTAGQEEYSAMR_20.9,211029kw_IP_ANolan_C12_3_S1_B12_1_6310,2,604,975,3
KQVVIDGETCLLDILDTAGQEEYSAMR_204.1,211029kw_IP_ANolan_C12_3_S1_B12_1_6310,1,604,975,2
QVVIDGETCLLDILDTAGQEEYSAMR_-16,211029kw_IP_ANolan_C12_3_S1_B12_1_6310,3,604,975,5
QVVIDGETCLLDILDTAGQEEYSAMR_77,211029kw_IP_ANolan_C12_3_S1_B12_1_6310,1,604,975,2
QVVIDGETCLLDILDTAGQEEYSAMR_-74.1,211029kw_IP_ANolan_C12_3_S1_B12_1_6310,1,604,975,2
SFEDIHHYR_0,211029kw_IP_ANolan_C12i1_S1_C1_1_6311,4,121,975,32
SFEDIHHYREQIKR_0,211029kw_IP_ANolan_C12i1_S1_C1_1_6311,2,121,975,16
LVVVGAGGVGK_103,211029kw_IP_ANolan_C12i1_S1_C1_1_6311,1,121,975,8
VKDSEDVPMVLVGNK_0,211029kw_IP_ANolan_C12i1_S1_C1_1_6311,13,121,975,105
VKDSEDVPMVLVGNK_1,211029kw_IP_ANolan_C12i1_S1_C1_1_6311,1,121,975,8
VKDSEDVPMVLVGNK_37.9,211029kw_IP_ANolan_C12i1_S1_C1_1_6311,2,121,975,16
VKDSEDVPMVLVGNK_-0.2,211029kw_IP_ANolan_C12i1_S1_C1_1_6311,2,121,975,16
VKDSEDVPMVLVGNKCDLPSR_0,211029kw_IP_ANolan_C12i1_S1_C1_1_6311,1,121,975,8
DSEDVPMVLVGNK_0,211029kw_IP_ANolan_C12i1_S1_C1_1_6311,2,121,975,16
TRQGVDDAFYTLVR_0,211029kw_IP_ANolan_C12i1_S1_C1_1_6311,4,121,975,32
SYGIPFIETSAK_0,211029kw_IP_ANolan_C12i1_S1_C1_1_6311,4,121,975,32
SYGIPFIETSAK_-4,211029kw_IP_ANolan_C12i1_S1_C1_1_6311,1,121,975,8
SYGIPFIETSAK_2,211029kw_IP_ANolan_C12i1_S1_C1_1_6311,1,121,975,8
SYGIPFIETSAK_-2,211029kw_IP_ANolan_C12i1_S1_C1_1_6311,1,121,975,8
QGVDDAFYTLVR_0,211029kw_IP_ANolan_C12i1_S1_C1_1_6311,2,121,975,16
QGVEDAFYTLVR_23.9,211029kw_IP_ANolan_C12i1_S1_C1_1_6311,1,121,975,8
QGVDDAFYTLVR_37.9,211029kw_IP_ANolan_C12i1_S1_C1_1_6311,2,121,975,16
SALTIQLIQNHFVDEYDPTIEDSYRK_0,211029kw_IP_ANolan_C12i1_S1_C1_1_6311,5,121,975,40
SALTIQLIQNHFVDEYDPTIEDSYRK_37.9,211029kw_IP_ANolan_C12i1_S1_C1_1_6311,7,121,975,56
SALTIQLIQNHFVDEYDPTIEDSYRK_38,211029kw_IP_ANolan_C12i1_S1_C1_1_6311,2,121,975,16
TGEGFLCVFAINNTK_17,211029kw_IP_ANolan_C12i1_S1_C1_1_6311,1,121,975,8
TGEGFLCVFAINNTK_15,211029kw_IP_ANolan_C12i1_S1_C1_1_6311,1,121,975,8
TGEGFLCVFAINNTK_0,211029kw_IP_ANolan_C12i1_S1_C1_1_6311,3,121,975,24
SALTIQLIQNHFVDEYDPTIEDSYR_0,211029kw_IP_ANolan_C12i1_S1_C1_1_6311,5,121,975,40
SALTIQLIQNHFVDEYDPTIEDSYR_22,211029kw_IP_ANolan_C12i1_S1_C1_1_6311,1,121,975,8
SALTIQLIQNHFVDEYDPTIEDSYR_37.9,211029kw_IP_ANolan_C12i1_S1_C1_1_6311,3,121,975,24
SALTIQLIQNHFVDEYDPTIEDSYR_23,211029kw_IP_ANolan_C12i1_S1_C1_1_6311,1,121,975,8
SALTIQLIQNHFVDEYDPTIEDSYR_-9.1,211029kw_IP_ANolan_C12i1_S1_C1_1_6311,1,121,975,8
SALTIQLIQNHFVDEYDPTIEDSYRK_1,211029kw_IP_ANolan_C12i1_S1_C1_1_6311,1,121,975,8
TGEGFLCVFAINNTK_167,211029kw_IP_ANolan_C12i1_S1_C1_1_6311,4,121,975,32
TGEGFLCVFAINNTK_-57,211029kw_IP_ANolan_C12i1_S1_C1_1_6311,3,121,975,24
TGEGFLCVFAINNTK_138,211029kw_IP_ANolan_C12i1_S1_C1_1_6311,4,121,975,32
TGEGFLCVFAINNSK_15,211029kw_IP_ANolan_C12i1_S1_C1_1_6311,1,121,975,8
QGVDDAFYTLVR_-17,211029kw_IP_ANolan_C12i1_S1_C1_1_6311,3,121,975,24
TGEGFLCVFAINNTK_93,211029kw_IP_ANolan_C12i1_S1_C1_1_6311,5,121,975,40
TGEGFLCVFAINNTK_109,211029kw_IP_ANolan_C12i1_S1_C1_1_6311,2,121,975,16
KQVVIDGETCLLDILDTAGQEEYSAMR_0,211029kw_IP_ANolan_C12i1_S1_C1_1_6311,6,121,975,48
TGEGFLCVFAINNTK_-9,211029kw_IP_ANolan_C12i1_S1_C1_1_6311,2,121,975,16
TGEGFLCVFAINNTK_-25,211029kw_IP_ANolan_C12i1_S1_C1_1_6311,3,121,975,24
KQVVIDGETCLLDILDTAGQEEYSAMR_2,211029kw_IP_ANolan_C12i1_S1_C1_1_6311,1,121,975,8
KQVVIDGETCLLDILDTAGQEEYSAMR_38,211029kw_IP_ANolan_C12i1_S1_C1_1_6311,1,121,975,8
KQVVIDGETCLLDILDTAGQEEYSAMR_37.9,211029kw_IP_ANolan_C12i1_S1_C1_1_6311,1,121,975,8
QVVIDGETCLLDILDTAGQEEYSAMR_0,211029kw_IP_ANolan_C12i1_S1_C1_1_6311,6,121,975,48
QVVIDGETCLLDILDTAGQEEYSAMR_-17,211029kw_IP_ANolan_C12i1_S1_C1_1_6311,4,121,975,32
SFEDIHHYR_0,211029kw_IP_ANolan_C12i1_S1_C2_1_6312,5,106,975,46
LVVVGAGGVGK_103,211029kw_IP_ANolan_C12i1_S1_C2_1_6312,2,106,975,18
VKDSEDVPMVLVGNK_0,211029kw_IP_ANolan_C12i1_S1_C2_1_6312,17,106,975,156
VKDSEDVPMVLVGNK_2,211029kw_IP_ANolan_C12i1_S1_C2_1_6312,1,106,975,9
VKDSEDVPMVLVGNK_1,211029kw_IP_ANolan_C12i1_S1_C2_1_6312,3,106,975,28
VKDSEDVPMVLVGNK_37.9,211029kw_IP_ANolan_C12i1_S1_C2_1_6312,2,106,975,18
VKDSEDVPMVLVGNK_-0.2,211029kw_IP_ANolan_C12i1_S1_C2_1_6312,1,106,975,9
VKDSEDVPMVLVGNKCDLPSR_0,211029kw_IP_ANolan_C12i1_S1_C2_1_6312,2,106,975,18
DSEDVPMVLVGNK_0,211029kw_IP_ANolan_C12i1_S1_C2_1_6312,1,106,975,9
TRQGVDDAFYTLVR_0,211029kw_IP_ANolan_C12i1_S1_C2_1_6312,3,106,975,28
TRQGVDDAFYTLVR_1,211029kw_IP_ANolan_C12i1_S1_C2_1_6312,1,106,975,9
SYGIPFIETSAK_0,211029kw_IP_ANolan_C12i1_S1_C2_1_6312,5,106,975,46
SYGIPFIETSAK_-1,211029kw_IP_ANolan_C12i1_S1_C2_1_6312,1,106,975,9
QGVDDAFYTLVR_0,211029kw_IP_ANolan_C12i1_S1_C2_1_6312,2,106,975,18
QGVDDAFYTLVR_37.9,211029kw_IP_ANolan_C12i1_S1_C2_1_6312,1,106,975,9
SALTIQLIQNHFVDEYDPTIEDSYRK_0,211029kw_IP_ANolan_C12i1_S1_C2_1_6312,6,106,975,55
SALTIQLIQNHFVDEYDPTIEDSYRK_37.9,211029kw_IP_ANolan_C12i1_S1_C2_1_6312,3,106,975,28
SALTIQLIQNHFVDEYDPTIEDSYRK_3,211029kw_IP_ANolan_C12i1_S1_C2_1_6312,1,106,975,9
SALTIQLIQNHFVDEYDPTIEDSYRK_38,211029kw_IP_ANolan_C12i1_S1_C2_1_6312,1,106,975,9
TGEGFLCVFAINNTK_15,211029kw_IP_ANolan_C12i1_S1_C2_1_6312,1,106,975,9
TGEGFLCVFAINNTK_0,211029kw_IP_ANolan_C12i1_S1_C2_1_6312,2,106,975,18
SALTIQLIQNHFVDEYDPTIEDSYR_0,211029kw_IP_ANolan_C12i1_S1_C2_1_6312,3,106,975,28
SALTIQLIQNHFVDEYDPTIEDSYR_37.9,211029kw_IP_ANolan_C12i1_S1_C2_1_6312,2,106,975,18
SALTIQLIQNHFVDEYDPTIEDSYR_38,211029kw_IP_ANolan_C12i1_S1_C2_1_6312,1,106,975,9
SALTIQLIQNHFVDEYDPTIEDSYR_22,211029kw_IP_ANolan_C12i1_S1_C2_1_6312,1,106,975,9
TGEGFLCVFAINNTK_-57,211029kw_IP_ANolan_C12i1_S1_C2_1_6312,1,106,975,9
TGEGFLCVFAINNTK_138,211029kw_IP_ANolan_C12i1_S1_C2_1_6312,5,106,975,46
QGVDDAFYTLVR_-17,211029kw_IP_ANolan_C12i1_S1_C2_1_6312,3,106,975,28
QGVDDAFYTLVR_5,211029kw_IP_ANolan_C12i1_S1_C2_1_6312,1,106,975,9
TGEGFLCVFAINNTK_93,211029kw_IP_ANolan_C12i1_S1_C2_1_6312,3,106,975,28
TGEGFLCVFAINNTK_109,211029kw_IP_ANolan_C12i1_S1_C2_1_6312,2,106,975,18
KQVVIDGETCLLDILDTAGQEEYSAMR_0,211029kw_IP_ANolan_C12i1_S1_C2_1_6312,8,106,975,74
KQVVIDGETCLLDILDTAGQEEYSAMR_-1,211029kw_IP_ANolan_C12i1_S1_C2_1_6312,1,106,975,9
TGEGFLCVFAINNTK_-9,211029kw_IP_ANolan_C12i1_S1_C2_1_6312,4,106,975,37
TGEGFLCVFAINNTK_28.9,211029kw_IP_ANolan_C12i1_S1_C2_1_6312,1,106,975,9
TGEGFLCVFAINNTK_-25,211029kw_IP_ANolan_C12i1_S1_C2_1_6312,1,106,975,9
QVVIDGETCLLDILDTAGQEEYSAMR_2,211029kw_IP_ANolan_C12i1_S1_C2_1_6312,1,106,975,9
QVVIDGETCLLDILDTAGQEEYSAMR_0,211029kw_IP_ANolan_C12i1_S1_C2_1_6312,3,106,975,28
QVVIDGETCLLDILDTAGQEEYSAMR_-17,211029kw_IP_ANolan_C12i1_S1_C2_1_6312,4,106,975,37
TVDTKQAQDLAR_0,211029kw_IP_ANolan_C12i2_S1_C3_1_6313,2,124,975,16
SFEDIHHYR_0,211029kw_IP_ANolan_C12i2_S1_C3_1_6313,5,124,975,39
SFEDIHHYREQIKR_0,211029kw_IP_ANolan_C12i2_S1_C3_1_6313,1,124,975,8
LVVVGAGGVGK_103,211029kw_IP_ANolan_C12i2_S1_C3_1_6313,1,124,975,8
VKDSEDVPMVLVGNK_0,211029kw_IP_ANolan_C12i2_S1_C3_1_6313,18,124,975,142
VKDSEDVPMVLVGNK_1,211029kw_IP_ANolan_C12i2_S1_C3_1_6313,1,124,975,8
VKDSEDVPMVLVGNK_38,211029kw_IP_ANolan_C12i2_S1_C3_1_6313,1,124,975,8
VKDSEDVPMVLVGNK_37.9,211029kw_IP_ANolan_C12i2_S1_C3_1_6313,1,124,975,8
LVVVGAGGVGK_196,211029kw_IP_ANolan_C12i2_S1_C3_1_6313,1,124,975,8
VKDSEDVPMVLVGNKCDLPSR_0,211029kw_IP_ANolan_C12i2_S1_C3_1_6313,5,124,975,39
DSEDVPMVLVGNK_0,211029kw_IP_ANolan_C12i2_S1_C3_1_6313,4,124,975,31
TRQGVDDAFYTLVR_0,211029kw_IP_ANolan_C12i2_S1_C3_1_6313,4,124,975,31
SYGIPFIETSAK_0,211029kw_IP_ANolan_C12i2_S1_C3_1_6313,6,124,975,47
SYGIPFIETSAK_-4,211029kw_IP_ANolan_C12i2_S1_C3_1_6313,2,124,975,16
QGVDDAFYTLVR_0,211029kw_IP_ANolan_C12i2_S1_C3_1_6313,2,124,975,16
QGVDDAFYTLVR_37.9,211029kw_IP_ANolan_C12i2_S1_C3_1_6313,2,124,975,16
QGVDDAFYTLVR_22,211029kw_IP_ANolan_C12i2_S1_C3_1_6313,1,124,975,8
SALTIQLIQNHFVDEYDPTIEDSYRK_0,211029kw_IP_ANolan_C12i2_S1_C3_1_6313,5,124,975,39
SALTIQLIQNHFVDEYDPTIEDSYRK_37.9,211029kw_IP_ANolan_C12i2_S1_C3_1_6313,3,124,975,24
SALTIQLIQNHFVDEYDPTIEDSYRK_38,211029kw_IP_ANolan_C12i2_S1_C3_1_6313,1,124,975,8
TGEGFLCVFAINNTK_15,211029kw_IP_ANolan_C12i2_S1_C3_1_6313,1,124,975,8
TGEGFLCVFAINNTK_0,211029kw_IP_ANolan_C12i2_S1_C3_1_6313,2,124,975,16
TGEGFLCVFAINNTK_38,211029kw_IP_ANolan_C12i2_S1_C3_1_6313,1,124,975,8
SALTIQLIQNHFVDEYDPTIEDSYR_0,211029kw_IP_ANolan_C12i2_S1_C3_1_6313,3,124,975,24
SALTIQLIQNHFVDEYDPTIEDSYR_22,211029kw_IP_ANolan_C12i2_S1_C3_1_6313,4,124,975,31
SALTIQLIQNHFVDEYDPTIEDSYR_37.9,211029kw_IP_ANolan_C12i2_S1_C3_1_6313,3,124,975,24
SALTIQLIQNHFVDEYDPTIEDSYR_38,211029kw_IP_ANolan_C12i2_S1_C3_1_6313,2,124,975,16
TGEGFLCVFAINNTK_167,211029kw_IP_ANolan_C12i2_S1_C3_1_6313,2,124,975,16
TGEGFLCVFAINNTK_-57,211029kw_IP_ANolan_C12i2_S1_C3_1_6313,2,124,975,16
TGEGFLCVFAINNTK_138,211029kw_IP_ANolan_C12i2_S1_C3_1_6313,3,124,975,24
QGVDDAFYTLVR_-17,211029kw_IP_ANolan_C12i2_S1_C3_1_6313,2,124,975,16
QGVDDAFYTLVR_5,211029kw_IP_ANolan_C12i2_S1_C3_1_6313,1,124,975,8
TGEGFLCVFAINNTK_93,211029kw_IP_ANolan_C12i2_S1_C3_1_6313,3,124,975,24
TGEGFLCVFAINNTK_109,211029kw_IP_ANolan_C12i2_S1_C3_1_6313,4,124,975,31
TGEGFLCVFAINNTK_77,211029kw_IP_ANolan_C12i2_S1_C3_1_6313,3,124,975,24
KQVVIDGETCLLDILDTAGQEEYSAMR_0,211029kw_IP_ANolan_C12i2_S1_C3_1_6313,6,124,975,47
TGEGFLCVFAINNTK_-9,211029kw_IP_ANolan_C12i2_S1_C3_1_6313,9,124,975,71
TGEGFLCVFAINNTK_-25,211029kw_IP_ANolan_C12i2_S1_C3_1_6313,3,124,975,24
KQVVIDGETCLLDILDTAGQEEYSAMR_2,211029kw_IP_ANolan_C12i2_S1_C3_1_6313,1,124,975,8
QVVIDGETCLLDILDTAGQEEYSAMR_1,211029kw_IP_ANolan_C12i2_S1_C3_1_6313,2,124,975,16
QVVIDGETCLLDILDTAGQEEYSAMR_0,211029kw_IP_ANolan_C12i2_S1_C3_1_6313,1,124,975,8
TVDTKQAQDLAR_0,211029kw_IP_ANolan_C12i2_S1_C4_1_6314,3,128,975,23
SFEDIHHYR_0,211029kw_IP_ANolan_C12i2_S1_C4_1_6314,5,128,975,38
SFEDIHHYREQIKR_0,211029kw_IP_ANolan_C12i2_S1_C4_1_6314,1,128,975,8
VKDSEDVPMVLVGNK_0,211029kw_IP_ANolan_C12i2_S1_C4_1_6314,19,128,975,145
VKDSEDVPMVLVGNK_1,211029kw_IP_ANolan_C12i2_S1_C4_1_6314,3,128,975,23
VKDSEDVPMVLVGNK_-1,211029kw_IP_ANolan_C12i2_S1_C4_1_6314,1,128,975,8
VKDSEDVPMVLVGNK_21.9,211029kw_IP_ANolan_C12i2_S1_C4_1_6314,1,128,975,8
VKDSEDVPMVLVGNK_37.9,211029kw_IP_ANolan_C12i2_S1_C4_1_6314,1,128,975,8
VKDSEDVPMVLVGNKCDLPSR_0,211029kw_IP_ANolan_C12i2_S1_C4_1_6314,2,128,975,15
DSEDVPMVLVGNK_0,211029kw_IP_ANolan_C12i2_S1_C4_1_6314,5,128,975,38
TRQGVDDAFYTLVR_0,211029kw_IP_ANolan_C12i2_S1_C4_1_6314,6,128,975,46
TRQGVDDAFYTLVR_38,211029kw_IP_ANolan_C12i2_S1_C4_1_6314,1,128,975,8
TRQGVDDAFYTLVR_1,211029kw_IP_ANolan_C12i2_S1_C4_1_6314,1,128,975,8
SYGIPFIETSAK_0,211029kw_IP_ANolan_C12i2_S1_C4_1_6314,7,128,975,53
SYGIPFIETSAK_2,211029kw_IP_ANolan_C12i2_S1_C4_1_6314,1,128,975,8
SYGIPYIETSAK_22,211029kw_IP_ANolan_C12i2_S1_C4_1_6314,1,128,975,8
QGVDDAFYTLVR_0,211029kw_IP_ANolan_C12i2_S1_C4_1_6314,3,128,975,23
QGVDDAFYTLVR_37.9,211029kw_IP_ANolan_C12i2_S1_C4_1_6314,4,128,975,30
SALTIQLIQNHFVDEYDPTIEDSYRK_0,211029kw_IP_ANolan_C12i2_S1_C4_1_6314,4,128,975,30
SALTIQLIQNHFVDEYDPTIEDSYRK_37.9,211029kw_IP_ANolan_C12i2_S1_C4_1_6314,3,128,975,23
SALTIQLIQNHFVDEYDPTIEDSYRK_38,211029kw_IP_ANolan_C12i2_S1_C4_1_6314,1,128,975,8
TGEGFLCVFAINNTK_15,211029kw_IP_ANolan_C12i2_S1_C4_1_6314,1,128,975,8
TGEGFLCVFAINNTK_0,211029kw_IP_ANolan_C12i2_S1_C4_1_6314,3,128,975,23
TGEGFLCVFAINNTK_37.9,211029kw_IP_ANolan_C12i2_S1_C4_1_6314,2,128,975,15
TGEGFLCVFAINNTK_22,211029kw_IP_ANolan_C12i2_S1_C4_1_6314,1,128,975,8
SALTIQLIQNHFVDEYDPTIEDSYR_0,211029kw_IP_ANolan_C12i2_S1_C4_1_6314,2,128,975,15
SALTIQLIQNHFVDEYDPTIEDSYR_37.9,211029kw_IP_ANolan_C12i2_S1_C4_1_6314,2,128,975,15
SALTIQLIQNHFVDEYDPTIEDSYR_38.9,211029kw_IP_ANolan_C12i2_S1_C4_1_6314,1,128,975,8
SALTIQLIQNHFVDEYDPTIEDSYR_38,211029kw_IP_ANolan_C12i2_S1_C4_1_6314,1,128,975,8
TGEGFLCVFAINNTK_-57,211029kw_IP_ANolan_C12i2_S1_C4_1_6314,2,128,975,15
TGEGFLCVFAINNTK_138,211029kw_IP_ANolan_C12i2_S1_C4_1_6314,5,128,975,38
QGVDDAFYTLVR_-17,211029kw_IP_ANolan_C12i2_S1_C4_1_6314,2,128,975,15
TGEGFLCVFAINNTK_93,211029kw_IP_ANolan_C12i2_S1_C4_1_6314,4,128,975,30
TGEGFLCVFAINNTK_109,211029kw_IP_ANolan_C12i2_S1_C4_1_6314,3,128,975,23
TGEGFLCVFAINNTK_77,211029kw_IP_ANolan_C12i2_S1_C4_1_6314,2,128,975,15
KQVVIDGETCLLDILDTAGQEEYSAMR_0,211029kw_IP_ANolan_C12i2_S1_C4_1_6314,4,128,975,30
TGEGFLCVFAINNTK_-9,211029kw_IP_ANolan_C12i2_S1_C4_1_6314,9,128,975,69
TGEGFLCVFAINNTK_28.9,211029kw_IP_ANolan_C12i2_S1_C4_1_6314,3,128,975,23
TGEGFLCVFAINNTK_-25,211029kw_IP_ANolan_C12i2_S1_C4_1_6314,3,128,975,23
QVVIDGETCLLDILDTAGQEEYSAMR_0,211029kw_IP_ANolan_C12i2_S1_C4_1_6314,3,128,975,23
QVVIDGETCLLDILDTAGQEEYSAMR_-17,211029kw_IP_ANolan_C12i2_S1_C4_1_6314,2,128,975,15
SFEDIHHYR_0,211029kw_IP_ANolan_C12i3_S1_C5_1_6315,4,106,975,37
SFEDIHHYREQIKR_0,211029kw_IP_ANolan_C12i3_S1_C5_1_6315,1,106,975,9
LVVVGAGGVGK_103,211029kw_IP_ANolan_C12i3_S1_C5_1_6315,1,106,975,9
VKDSEDVPMVLVGNK_0,211029kw_IP_ANolan_C12i3_S1_C5_1_6315,17,106,975,156
VKDSEDVPMVLVGNK_1,211029kw_IP_ANolan_C12i3_S1_C5_1_6315,6,106,975,55
VKDSEDVPMVLVGNK_37.9,211029kw_IP_ANolan_C12i3_S1_C5_1_6315,2,106,975,18
VKDSEDVPMVLVGNK_-0.2,211029kw_IP_ANolan_C12i3_S1_C5_1_6315,2,106,975,18
VKDSEDVPMVLVGNKCDLPSR_0,211029kw_IP_ANolan_C12i3_S1_C5_1_6315,4,106,975,37
DSEDVPMVLVGNK_0,211029kw_IP_ANolan_C12i3_S1_C5_1_6315,6,106,975,55
TRQGVDDAFYTLVR_0,211029kw_IP_ANolan_C12i3_S1_C5_1_6315,6,106,975,55
TRQGVDDAFYTLVR_1,211029kw_IP_ANolan_C12i3_S1_C5_1_6315,2,106,975,18
SYGIPFIETSAK_0,211029kw_IP_ANolan_C12i3_S1_C5_1_6315,3,106,975,28
SYGIPFIETSAK_3,211029kw_IP_ANolan_C12i3_S1_C5_1_6315,1,106,975,9
SYGIPFIETSAK_2,211029kw_IP_ANolan_C12i3_S1_C5_1_6315,2,106,975,18
QGVDDAFYTLVR_0,211029kw_IP_ANolan_C12i3_S1_C5_1_6315,2,106,975,18
QGVDDAFYTLVR_37.9,211029kw_IP_ANolan_C12i3_S1_C5_1_6315,3,106,975,28
SALTIQLIQNHFVDEYDPTIEDSYRK_0,211029kw_IP_ANolan_C12i3_S1_C5_1_6315,5,106,975,46
SALTIQLIQNHFVDEYDPTIEDSYRK_38,211029kw_IP_ANolan_C12i3_S1_C5_1_6315,1,106,975,9
SALTIQLIQNHFVDEYDPTIEDSYRK_37.9,211029kw_IP_ANolan_C12i3_S1_C5_1_6315,1,106,975,9
TGEGFLCVFAINNTK_0,211029kw_IP_ANolan_C12i3_S1_C5_1_6315,2,106,975,18
SALTIQLIQNHFVDEYDPTIEDSYR_0,211029kw_IP_ANolan_C12i3_S1_C5_1_6315,2,106,975,18
SALTIQLIQNHFVDEYDPTIEDSYR_37.9,211029kw_IP_ANolan_C12i3_S1_C5_1_6315,3,106,975,28
TGEGFLCVFAINNTK_167,211029kw_IP_ANolan_C12i3_S1_C5_1_6315,4,106,975,37
TGEGFLCVFAINNTK_-57,211029kw_IP_ANolan_C12i3_S1_C5_1_6315,1,106,975,9
TGEGFLCVFAINNTK_138,211029kw_IP_ANolan_C12i3_S1_C5_1_6315,3,106,975,28
QGVDDAFYTLVR_-17,211029kw_IP_ANolan_C12i3_S1_C5_1_6315,2,106,975,18
QGVDDAFYTLVR_6.9,211029kw_IP_ANolan_C12i3_S1_C5_1_6315,1,106,975,9
TGEGFLCVFAINNTK_93,211029kw_IP_ANolan_C12i3_S1_C5_1_6315,2,106,975,18
TGEGFLCVFAINNTK_109,211029kw_IP_ANolan_C12i3_S1_C5_1_6315,2,106,975,18
TGEGFLCVFAINNTK_77,211029kw_IP_ANolan_C12i3_S1_C5_1_6315,3,106,975,28
KQVVIDGETCLLDILDTAGQEEYSAMR_0,211029kw_IP_ANolan_C12i3_S1_C5_1_6315,4,106,975,37
TGEGFLCVFAINNTK_-9,211029kw_IP_ANolan_C12i3_S1_C5_1_6315,1,106,975,9
TGEGFLCVFAINNTK_12.9,211029kw_IP_ANolan_C12i3_S1_C5_1_6315,1,106,975,9
TGEGFLCVFAINNTK_-25,211029kw_IP_ANolan_C12i3_S1_C5_1_6315,1,106,975,9
QVVIDGETCLLDILDTAGQEEYSAMR_1,211029kw_IP_ANolan_C12i3_S1_C5_1_6315,1,106,975,9
QVVIDGETCLLDILDTAGQEEYSAMR_0,211029kw_IP_ANolan_C12i3_S1_C5_1_6315,1,106,975,9
QVVIDGETCLLDILDTAGQEEYSAMR_-17,211029kw_IP_ANolan_C12i3_S1_C5_1_6315,3,106,975,28
TVDTKQAQDLAR_0,211029kw_IP_ANolan_C12i3_S1_C6_1_6316,1,101,975,10
SFEDIHHYR_0,211029kw_IP_ANolan_C12i3_S1_C6_1_6316,4,101,975,39
SFEDIHHYREQIKR_0,211029kw_IP_ANolan_C12i3_S1_C6_1_6316,2,101,975,19
LVVVGAGGVGK_103,211029kw_IP_ANolan_C12i3_S1_C6_1_6316,1,101,975,10
VKDSEDVPMVLVGNK_0,211029kw_IP_ANolan_C12i3_S1_C6_1_6316,17,101,975,164
VKDSEDVPMVLVGNK_37.9,211029kw_IP_ANolan_C12i3_S1_C6_1_6316,1,101,975,10
VKDSEDVPMVLVGNK_1,211029kw_IP_ANolan_C12i3_S1_C6_1_6316,1,101,975,10
VKDSEDVPMVLVGNK_22,211029kw_IP_ANolan_C12i3_S1_C6_1_6316,1,101,975,10
VKDSEDVPMVLVGNKCDLPSR_0,211029kw_IP_ANolan_C12i3_S1_C6_1_6316,3,101,975,29
DSEDVPMVLVGNK_0,211029kw_IP_ANolan_C12i3_S1_C6_1_6316,3,101,975,29
TRQGVDDAFYTLVR_0,211029kw_IP_ANolan_C12i3_S1_C6_1_6316,4,101,975,39
SYGIPFIETSAK_0,211029kw_IP_ANolan_C12i3_S1_C6_1_6316,4,101,975,39
QGVDDAFYTLVR_0,211029kw_IP_ANolan_C12i3_S1_C6_1_6316,3,101,975,29
QGVDDAFYTLVR_37.9,211029kw_IP_ANolan_C12i3_S1_C6_1_6316,1,101,975,10
QGVEDAFYTLVR_23.9,211029kw_IP_ANolan_C12i3_S1_C6_1_6316,1,101,975,10
SALTIQLIQNHFVDEYDPTIEDSYRK_0,211029kw_IP_ANolan_C12i3_S1_C6_1_6316,5,101,975,48
SALTIQLIQNHFVDEYDPTIEDSYRK_37.9,211029kw_IP_ANolan_C12i3_S1_C6_1_6316,3,101,975,29
SALTIQLIQNHFVDEYDPTIEDSYRK_38,211029kw_IP_ANolan_C12i3_S1_C6_1_6316,3,101,975,29
TGEGFLCVFAINNTK_15,211029kw_IP_ANolan_C12i3_S1_C6_1_6316,1,101,975,10
TGEGFLCVFAINNTK_0,211029kw_IP_ANolan_C12i3_S1_C6_1_6316,2,101,975,19
TGEGFLCVFAINNTK_22,211029kw_IP_ANolan_C12i3_S1_C6_1_6316,2,101,975,19
SALTIQLIQNHFVDEYDPTIEDSYR_0,211029kw_IP_ANolan_C12i3_S1_C6_1_6316,4,101,975,39
SALTIQLIQNHFVDEYDPTIEDSYR_22,211029kw_IP_ANolan_C12i3_S1_C6_1_6316,1,101,975,10
SALTIQLIQNHFVDEYDPTIEDSYR_37.9,211029kw_IP_ANolan_C12i3_S1_C6_1_6316,2,101,975,19
TGEGFLCVFAINNTK_167,211029kw_IP_ANolan_C12i3_S1_C6_1_6316,1,101,975,10
TGEGFLCVFAINNTK_-57,211029kw_IP_ANolan_C12i3_S1_C6_1_6316,2,101,975,19
TGEGFLCVFAINNTK_138,211029kw_IP_ANolan_C12i3_S1_C6_1_6316,3,101,975,29
QGVDDAFYTLVR_-17,211029kw_IP_ANolan_C12i3_S1_C6_1_6316,2,101,975,19
QGVDDAFYTLVR_5,211029kw_IP_ANolan_C12i3_S1_C6_1_6316,1,101,975,10
TGEGFLCVFAINNTK_93,211029kw_IP_ANolan_C12i3_S1_C6_1_6316,5,101,975,48
TGEGFLCVFAINNTK_109,211029kw_IP_ANolan_C12i3_S1_C6_1_6316,4,101,975,39
TGEGFLCVFAINNTK_77,211029kw_IP_ANolan_C12i3_S1_C6_1_6316,1,101,975,10
KQVVIDGETCLLDILDTAGQEEYSAMR_0,211029kw_IP_ANolan_C12i3_S1_C6_1_6316,3,101,975,29
TGEGFLCVFAINNTK_-9,211029kw_IP_ANolan_C12i3_S1_C6_1_6316,5,101,975,48
TGEGFLCVFAINNTK_-25,211029kw_IP_ANolan_C12i3_S1_C6_1_6316,2,101,975,19
QVVIDGETCLLDILDTAGQEEYSAMR_0,211029kw_IP_ANolan_C12i3_S1_C6_1_6316,1,101,975,10
QVVIDGETCLLDILDTAGQEEYSAMR_1,211029kw_IP_ANolan_C12i3_S1_C6_1_6316,1,101,975,10
